site_id,Year,Quarter,Interval,Total Registered,Total Alive,Patient Died,Total Defaulted,Treatment Stopped,Patient transferred out,Unknown
1000,2015,Q1,120,3,1,1,0,0,1,0
1000,2016,Q1,108,3,2,0,1,0,0,0
1000,2017,Q1,96,2,1,0,0,0,1,0
1000,2018,Q1,84,2,1,0,0,0,1,0
1000,2024,Q1,12,1,1,0,0,0,0,0
site_id,Year,Quarter,Interval,Total Registered,Total Alive,Patient Died,Total Defaulted,Treatment Stopped,Patient transferred out,Unknown
1003,2015,Q1,120,1,0,0,0,0,1,0
site_id,Year,Quarter,Interval,Total Registered,Total Alive,Patient Died,Total Defaulted,Treatment Stopped,Patient transferred out,Unknown
1004,2011,Q1,168,2,0,1,0,0,1,0
1004,2013,Q1,144,2,2,0,0,0,0,0
1004,2014,Q1,132,2,1,0,0,0,1,0
1004,2015,Q1,120,1,1,0,0,0,0,0
1004,2018,Q1,84,4,1,0,0,3,0,0
1004,2019,Q1,72,1,0,0,0,0,1,0
1004,2020,Q1,60,2,0,0,0,0,2,0
1004,2021,Q1,48,1,1,0,0,0,0,0
1004,2022,Q1,36,1,0,0,0,0,1,0
1004,2023,Q1,24,1,1,0,0,0,0,0
1004,2024,Q1,12,2,2,0,0,0,0,0
site_id,Year,Quarter,Interval,Total Registered,Total Alive,Patient Died,Total Defaulted,Treatment Stopped,Patient transferred out,Unknown
1006,2013,Q1,144,1,1,0,0,0,0,0
1006,2015,Q1,120,3,2,1,0,0,0,0
1006,2016,Q1,108,1,0,1,0,0,0,0
1006,2017,Q1,96,1,1,0,0,0,0,0
1006,2019,Q1,72,1,1,0,0,0,0,0
1006,2020,Q1,60,1,1,0,0,0,0,0
1006,2021,Q1,48,1,0,0,0,0,1,0
1006,2023,Q1,24,1,1,0,0,0,0,0
1006,2024,Q1,12,1,1,0,0,0,0,0
site_id,Year,Quarter,Interval,Total Registered,Total Alive,Patient Died,Total Defaulted,Treatment Stopped,Patient transferred out,Unknown
1007,2013,Q1,144,3,2,1,0,0,0,0
1007,2014,Q1,132,3,2,0,0,0,1,0
1007,2016,Q1,108,5,2,2,0,0,1,0
1007,2017,Q1,96,4,2,0,1,0,1,0
1007,2018,Q1,84,8,4,1,0,0,3,0
1007,2019,Q1,72,7,6,0,1,0,0,0
1007,2020,Q1,60,4,1,1,2,0,0,0
1007,2021,Q1,48,5,2,0,1,0,2,0
1007,2022,Q1,36,2,1,0,1,0,0,0
1007,2023,Q1,24,1,1,0,0,0,0,0
1007,2024,Q1,12,2,2,0,0,0,0,0
site_id,Year,Quarter,Interval,Total Registered,Total Alive,Patient Died,Total Defaulted,Treatment Stopped,Patient transferred out,Unknown
1008,2014,Q1,132,1,1,0,0,0,0,0
1008,2015,Q1,120,1,1,0,0,0,0,0
1008,2016,Q1,108,5,1,0,3,0,1,0
1008,2017,Q1,96,10,3,3,2,0,2,0
1008,2018,Q1,84,2,0,0,1,0,1,0
1008,2019,Q1,72,2,0,0,0,0,2,0
1008,2020,Q1,60,2,0,0,1,0,1,0
1008,2021,Q1,48,2,0,0,0,0,2,0
1008,2022,Q1,36,2,0,0,0,0,2,0
1008,2023,Q1,24,1,0,0,0,0,1,0
1008,2024,Q1,12,2,1,0,0,0,1,0
site_id,Year,Quarter,Interval,Total Registered,Total Alive,Patient Died,Total Defaulted,Treatment Stopped,Patient transferred out,Unknown
100,2016,Q1,108,2,0,0,2,0,0,0
100,2017,Q1,96,1,0,0,0,0,1,0
100,2018,Q1,84,2,0,0,1,0,1,0
100,2024,Q1,12,2,1,0,1,0,0,0
site_id,Year,Quarter,Interval,Total Registered,Total Alive,Patient Died,Total Defaulted,Treatment Stopped,Patient transferred out,Unknown
1011,2015,Q1,120,1,0,1,0,0,0,0
1011,2021,Q1,48,1,0,0,1,0,0,0
1011,2022,Q1,36,1,0,0,0,0,1,0
site_id,Year,Quarter,Interval,Total Registered,Total Alive,Patient Died,Total Defaulted,Treatment Stopped,Patient transferred out,Unknown
1012,2012,Q1,156,1,1,0,0,0,0,0
1012,2014,Q1,132,1,1,0,0,0,0,0
1012,2015,Q1,120,4,1,2,1,0,0,0
1012,2016,Q1,108,2,0,0,0,0,2,0
1012,2017,Q1,96,1,1,0,0,0,0,0
1012,2018,Q1,84,3,0,0,1,0,2,0
1012,2019,Q1,72,3,1,0,0,1,1,0
1012,2021,Q1,48,2,0,0,0,0,2,0
1012,2022,Q1,36,2,0,0,0,0,2,0
1012,2023,Q1,24,1,1,0,0,0,0,0
site_id,Year,Quarter,Interval,Total Registered,Total Alive,Patient Died,Total Defaulted,Treatment Stopped,Patient transferred out,Unknown
1013,2013,Q1,144,2,0,0,0,2,0,0
1013,2018,Q1,84,2,1,0,0,0,1,0
1013,2019,Q1,72,1,0,0,0,0,1,0
1013,2021,Q1,48,1,0,0,1,0,0,0
site_id,Year,Quarter,Interval,Total Registered,Total Alive,Patient Died,Total Defaulted,Treatment Stopped,Patient transferred out,Unknown
1015,2011,Q1,168,2,0,1,0,1,0,0
1015,2012,Q1,156,2,0,1,0,0,1,0
1015,2013,Q1,144,7,2,1,0,2,2,0
1015,2014,Q1,132,2,1,0,0,0,1,0
1015,2015,Q1,120,2,1,0,1,0,0,0
1015,2016,Q1,108,3,0,0,0,0,3,0
1015,2017,Q1,96,2,0,1,0,0,1,0
1015,2018,Q1,84,4,1,0,0,0,3,0
1015,2019,Q1,72,2,0,0,0,0,2,0
1015,2020,Q1,60,1,0,0,0,0,1,0
1015,2021,Q1,48,1,0,0,0,0,1,0
1015,2022,Q1,36,3,1,0,0,0,2,0
1015,2023,Q1,24,1,1,0,0,0,0,0
1015,2024,Q1,12,2,1,0,0,0,1,0
site_id,Year,Quarter,Interval,Total Registered,Total Alive,Patient Died,Total Defaulted,Treatment Stopped,Patient transferred out,Unknown
1016,2013,Q1,144,1,0,1,0,0,0,0
1016,2014,Q1,132,1,0,0,0,0,1,0
1016,2015,Q1,120,6,0,2,0,1,3,0
1016,2016,Q1,108,1,0,0,0,0,1,0
1016,2017,Q1,96,3,1,0,0,0,2,0
1016,2019,Q1,72,4,2,1,1,0,0,0
1016,2021,Q1,48,2,1,0,0,0,1,0
1016,2024,Q1,12,2,1,0,0,0,1,0
site_id,Year,Quarter,Interval,Total Registered,Total Alive,Patient Died,Total Defaulted,Treatment Stopped,Patient transferred out,Unknown
1017,2013,Q1,144,1,1,0,0,0,0,0
1017,2014,Q1,132,3,1,2,0,0,0,0
1017,2015,Q1,120,2,0,0,1,0,1,0
1017,2017,Q1,96,1,1,0,0,0,0,0
1017,2018,Q1,84,5,3,0,1,0,1,0
1017,2019,Q1,72,2,0,0,1,0,1,0
1017,2020,Q1,60,3,2,0,0,0,1,0
1017,2021,Q1,48,1,1,0,0,0,0,0
1017,2022,Q1,36,5,3,1,0,0,1,0
1017,2024,Q1,12,1,0,0,1,0,0,0
site_id,Year,Quarter,Interval,Total Registered,Total Alive,Patient Died,Total Defaulted,Treatment Stopped,Patient transferred out,Unknown
1018,2013,Q1,144,2,0,1,1,0,0,0
1018,2015,Q1,120,1,0,0,0,0,1,0
1018,2018,Q1,84,2,0,1,0,0,1,0
1018,2019,Q1,72,3,2,0,0,0,1,0
1018,2020,Q1,60,3,1,1,0,0,1,0
1018,2021,Q1,48,3,2,0,0,0,1,0
1018,2022,Q1,36,1,1,0,0,0,0,0
1018,2023,Q1,24,2,0,0,0,0,2,0
1018,2024,Q1,12,2,1,0,0,0,1,0
site_id,Year,Quarter,Interval,Total Registered,Total Alive,Patient Died,Total Defaulted,Treatment Stopped,Patient transferred out,Unknown
1019,2020,Q1,60,2,0,0,1,0,1,0
1019,2021,Q1,48,1,0,0,1,0,0,0
site_id,Year,Quarter,Interval,Total Registered,Total Alive,Patient Died,Total Defaulted,Treatment Stopped,Patient transferred out,Unknown
101,2013,Q1,144,1,0,0,1,0,0,0
101,2015,Q1,120,1,1,0,0,0,0,0
101,2016,Q1,108,4,2,0,2,0,0,0
101,2017,Q1,96,7,1,0,3,0,3,0
101,2019,Q1,72,3,0,0,0,0,3,0
101,2020,Q1,60,6,3,0,2,0,1,0
101,2021,Q1,48,3,0,0,0,1,2,0
101,2022,Q1,36,3,1,0,0,0,2,0
101,2023,Q1,24,4,2,0,0,0,2,0
101,2024,Q1,12,5,2,0,1,0,2,0
site_id,Year,Quarter,Interval,Total Registered,Total Alive,Patient Died,Total Defaulted,Treatment Stopped,Patient transferred out,Unknown
1022,2019,Q1,72,1,0,0,1,0,0,0
1022,2020,Q1,60,3,2,0,0,0,1,0
1022,2021,Q1,48,2,1,0,1,0,0,0
1022,2022,Q1,36,3,1,0,1,0,1,0
1022,2024,Q1,12,1,1,0,0,0,0,0
site_id,Year,Quarter,Interval,Total Registered,Total Alive,Patient Died,Total Defaulted,Treatment Stopped,Patient transferred out,Unknown
1023,2015,Q1,120,1,0,0,1,0,0,0
1023,2016,Q1,108,1,0,0,1,0,0,0
1023,2018,Q1,84,2,0,0,2,0,0,0
1023,2019,Q1,72,1,0,0,0,0,1,0
1023,2022,Q1,36,1,1,0,0,0,0,0
1023,2023,Q1,24,1,0,0,1,0,0,0
site_id,Year,Quarter,Interval,Total Registered,Total Alive,Patient Died,Total Defaulted,Treatment Stopped,Patient transferred out,Unknown
1024,2013,Q1,144,1,1,0,0,0,0,0
1024,2015,Q1,120,1,0,0,0,0,1,0
1024,2016,Q1,108,1,1,0,0,0,0,0
1024,2017,Q1,96,1,1,0,0,0,0,0
1024,2018,Q1,84,4,2,1,1,0,0,0
1024,2019,Q1,72,2,0,0,2,0,0,0
1024,2020,Q1,60,1,0,1,0,0,0,0
1024,2021,Q1,48,1,1,0,0,0,0,0
1024,2023,Q1,24,1,1,0,0,0,0,0
site_id,Year,Quarter,Interval,Total Registered,Total Alive,Patient Died,Total Defaulted,Treatment Stopped,Patient transferred out,Unknown
1025,2015,Q1,120,1,0,0,0,0,1,0
1025,2017,Q1,96,1,0,0,0,0,1,0
1025,2020,Q1,60,1,1,0,0,0,0,0
site_id,Year,Quarter,Interval,Total Registered,Total Alive,Patient Died,Total Defaulted,Treatment Stopped,Patient transferred out,Unknown
1027,2011,Q1,168,2,1,0,0,0,1,0
1027,2012,Q1,156,4,1,0,0,0,3,0
1027,2014,Q1,132,2,0,0,1,0,1,0
1027,2015,Q1,120,1,1,0,0,0,0,0
1027,2016,Q1,108,1,0,0,0,0,1,0
1027,2017,Q1,96,1,1,0,0,0,0,0
1027,2018,Q1,84,2,0,0,1,0,1,0
1027,2019,Q1,72,2,0,0,0,0,2,0
1027,2020,Q1,60,6,2,1,0,1,2,0
1027,2021,Q1,48,4,4,0,0,0,0,0
1027,2022,Q1,36,2,1,0,0,0,1,0
1027,2023,Q1,24,1,1,0,0,0,0,0
1027,2024,Q1,12,2,2,0,0,0,0,0
site_id,Year,Quarter,Interval,Total Registered,Total Alive,Patient Died,Total Defaulted,Treatment Stopped,Patient transferred out,Unknown
1028,2012,Q1,156,1,1,0,0,0,0,0
1028,2013,Q1,144,1,0,0,1,0,0,0
1028,2014,Q1,132,1,0,0,1,0,0,0
1028,2015,Q1,120,1,0,0,0,0,1,0
1028,2020,Q1,60,1,0,0,0,0,1,0
1028,2024,Q1,12,1,1,0,0,0,0,0
site_id,Year,Quarter,Interval,Total Registered,Total Alive,Patient Died,Total Defaulted,Treatment Stopped,Patient transferred out,Unknown
1029,2012,Q1,156,4,2,2,0,0,0,0
1029,2013,Q1,144,1,0,1,0,0,0,0
1029,2014,Q1,132,1,1,0,0,0,0,0
1029,2015,Q1,120,3,1,0,1,0,1,0
1029,2016,Q1,108,6,0,0,2,0,4,0
1029,2018,Q1,84,4,1,1,1,0,1,0
1029,2019,Q1,72,2,1,0,0,0,1,0
1029,2020,Q1,60,3,2,0,1,0,0,0
1029,2022,Q1,36,2,1,0,0,0,1,0
1029,2024,Q1,12,1,1,0,0,0,0,0
site_id,Year,Quarter,Interval,Total Registered,Total Alive,Patient Died,Total Defaulted,Treatment Stopped,Patient transferred out,Unknown
102,2012,Q1,156,4,0,0,1,0,3,0
102,2013,Q1,144,2,2,0,0,0,0,0
102,2014,Q1,132,3,1,0,2,0,0,0
102,2016,Q1,108,3,1,1,0,0,1,0
102,2017,Q1,96,5,4,0,0,0,1,0
102,2018,Q1,84,3,2,1,0,0,0,0
102,2019,Q1,72,1,1,0,0,0,0,0
102,2020,Q1,60,1,0,1,0,0,0,0
102,2021,Q1,48,1,0,0,0,0,1,0
102,2024,Q1,12,1,1,0,0,0,0,0
site_id,Year,Quarter,Interval,Total Registered,Total Alive,Patient Died,Total Defaulted,Treatment Stopped,Patient transferred out,Unknown
1032,2012,Q1,156,2,1,0,0,0,1,0
1032,2014,Q1,132,1,1,0,0,0,0,0
1032,2017,Q1,96,1,0,0,1,0,0,0
1032,2018,Q1,84,2,0,0,2,0,0,0
1032,2020,Q1,60,1,1,0,0,0,0,0
site_id,Year,Quarter,Interval,Total Registered,Total Alive,Patient Died,Total Defaulted,Treatment Stopped,Patient transferred out,Unknown
1033,2012,Q1,156,2,0,1,0,0,1,0
1033,2014,Q1,132,1,0,0,0,0,1,0
1033,2015,Q1,120,1,0,0,1,0,0,0
1033,2017,Q1,96,1,0,0,0,0,1,0
1033,2019,Q1,72,2,0,0,2,0,0,0
1033,2021,Q1,48,1,0,0,0,0,1,0
1033,2022,Q1,36,1,1,0,0,0,0,0
1033,2024,Q1,12,1,1,0,0,0,0,0
site_id,Year,Quarter,Interval,Total Registered,Total Alive,Patient Died,Total Defaulted,Treatment Stopped,Patient transferred out,Unknown
1034,2012,Q1,156,1,0,0,0,0,1,0
1034,2018,Q1,84,2,0,0,1,0,1,0
1034,2022,Q1,36,2,1,0,1,0,0,0
1034,2023,Q1,24,1,1,0,0,0,0,0
1034,2024,Q1,12,2,2,0,0,0,0,0
site_id,Year,Quarter,Interval,Total Registered,Total Alive,Patient Died,Total Defaulted,Treatment Stopped,Patient transferred out,Unknown
1035,2024,Q1,12,1,0,0,1,0,0,0
site_id,Year,Quarter,Interval,Total Registered,Total Alive,Patient Died,Total Defaulted,Treatment Stopped,Patient transferred out,Unknown
1038,2014,Q1,132,1,1,0,0,0,0,0
1038,2015,Q1,120,1,1,0,0,0,0,0
1038,2016,Q1,108,1,0,0,1,0,0,0
1038,2019,Q1,72,2,1,0,0,0,1,0
1038,2020,Q1,60,1,0,0,0,0,1,0
site_id,Year,Quarter,Interval,Total Registered,Total Alive,Patient Died,Total Defaulted,Treatment Stopped,Patient transferred out,Unknown
1039,2017,Q1,96,1,0,0,0,0,1,0
1039,2022,Q1,36,1,1,0,0,0,0,0
site_id,Year,Quarter,Interval,Total Registered,Total Alive,Patient Died,Total Defaulted,Treatment Stopped,Patient transferred out,Unknown
1040,2011,Q1,168,2,2,0,0,0,0,0
1040,2013,Q1,144,3,0,0,2,0,1,0
1040,2014,Q1,132,3,0,0,1,0,2,0
1040,2015,Q1,120,5,2,0,1,0,2,0
1040,2016,Q1,108,4,0,2,1,0,1,0
1040,2017,Q1,96,3,1,0,1,0,1,0
1040,2018,Q1,84,5,3,0,0,0,2,0
1040,2020,Q1,60,2,1,0,0,0,1,0
1040,2021,Q1,48,3,3,0,0,0,0,0
1040,2023,Q1,24,1,0,0,0,0,1,0
1040,2024,Q1,12,1,0,0,1,0,0,0
site_id,Year,Quarter,Interval,Total Registered,Total Alive,Patient Died,Total Defaulted,Treatment Stopped,Patient transferred out,Unknown
1043,2015,Q1,120,1,1,0,0,0,0,0
1043,2016,Q1,108,1,0,0,1,0,0,0
1043,2018,Q1,84,2,0,0,0,0,2,0
1043,2020,Q1,60,1,0,0,1,0,0,0
1043,2021,Q1,48,2,0,0,2,0,0,0
1043,2022,Q1,36,1,0,0,1,0,0,0
1043,2023,Q1,24,2,0,0,0,0,2,0
1043,2024,Q1,12,1,0,0,0,0,1,0
site_id,Year,Quarter,Interval,Total Registered,Total Alive,Patient Died,Total Defaulted,Treatment Stopped,Patient transferred out,Unknown
1044,2017,Q1,96,2,0,0,1,0,1,0
1044,2018,Q1,84,4,2,0,1,0,1,0
1044,2019,Q1,72,3,2,0,1,0,0,0
1044,2021,Q1,48,1,1,0,0,0,0,0
1044,2022,Q1,36,2,0,0,0,0,2,0
1044,2024,Q1,12,1,0,0,0,0,1,0
site_id,Year,Quarter,Interval,Total Registered,Total Alive,Patient Died,Total Defaulted,Treatment Stopped,Patient transferred out,Unknown
1046,2012,Q1,156,1,1,0,0,0,0,0
1046,2016,Q1,108,1,0,0,1,0,0,0
1046,2020,Q1,60,1,0,0,0,0,1,0
1046,2024,Q1,12,1,1,0,0,0,0,0
site_id,Year,Quarter,Interval,Total Registered,Total Alive,Patient Died,Total Defaulted,Treatment Stopped,Patient transferred out,Unknown
1047,2018,Q1,84,3,1,0,1,0,1,0
site_id,Year,Quarter,Interval,Total Registered,Total Alive,Patient Died,Total Defaulted,Treatment Stopped,Patient transferred out,Unknown
1048,2014,Q1,132,1,0,0,0,0,1,0
1048,2015,Q1,120,2,1,0,0,0,1,0
1048,2016,Q1,108,1,0,0,0,0,1,0
1048,2017,Q1,96,1,0,0,0,0,1,0
1048,2018,Q1,84,2,0,0,1,0,1,0
1048,2019,Q1,72,1,0,0,1,0,0,0
1048,2020,Q1,60,2,0,0,1,0,1,0
1048,2023,Q1,24,2,0,0,1,0,1,0
site_id,Year,Quarter,Interval,Total Registered,Total Alive,Patient Died,Total Defaulted,Treatment Stopped,Patient transferred out,Unknown
104,2012,Q1,156,5,3,0,2,0,0,0
104,2013,Q1,144,5,1,0,3,0,1,0
104,2014,Q1,132,4,1,0,3,0,0,0
104,2015,Q1,120,9,2,0,5,0,2,0
104,2016,Q1,108,3,2,0,1,0,0,0
104,2017,Q1,96,2,0,0,0,0,2,0
104,2018,Q1,84,4,0,1,3,0,0,0
104,2019,Q1,72,7,2,0,4,0,1,0
104,2020,Q1,60,9,2,0,4,0,3,0
104,2021,Q1,48,2,0,0,0,0,2,0
104,2022,Q1,36,8,6,0,1,0,1,0
104,2023,Q1,24,2,2,0,0,0,0,0
104,2024,Q1,12,8,7,0,0,0,1,0
site_id,Year,Quarter,Interval,Total Registered,Total Alive,Patient Died,Total Defaulted,Treatment Stopped,Patient transferred out,Unknown
1050,2013,Q1,144,2,0,0,1,0,1,0
1050,2015,Q1,120,3,0,1,1,0,1,0
1050,2016,Q1,108,2,1,0,1,0,0,0
1050,2017,Q1,96,2,0,0,1,0,1,0
1050,2018,Q1,84,1,0,0,1,0,0,0
1050,2019,Q1,72,1,0,0,0,0,1,0
1050,2021,Q1,48,1,1,0,0,0,0,0
site_id,Year,Quarter,Interval,Total Registered,Total Alive,Patient Died,Total Defaulted,Treatment Stopped,Patient transferred out,Unknown
1053,2017,Q1,96,3,3,0,0,0,0,0
1053,2018,Q1,84,2,0,0,1,0,1,0
1053,2019,Q1,72,1,1,0,0,0,0,0
1053,2022,Q1,36,1,0,0,0,0,1,0
1053,2024,Q1,12,2,2,0,0,0,0,0
site_id,Year,Quarter,Interval,Total Registered,Total Alive,Patient Died,Total Defaulted,Treatment Stopped,Patient transferred out,Unknown
1058,2013,Q1,144,1,0,0,1,0,0,0
1058,2016,Q1,108,6,2,1,2,0,1,0
1058,2017,Q1,96,9,2,0,4,0,3,0
1058,2018,Q1,84,3,0,0,0,0,3,0
1058,2019,Q1,72,7,1,0,4,0,2,0
1058,2020,Q1,60,5,3,0,0,0,2,0
1058,2021,Q1,48,4,0,0,1,0,3,0
1058,2023,Q1,24,1,1,0,0,0,0,0
1058,2024,Q1,12,2,1,0,0,0,1,0
site_id,Year,Quarter,Interval,Total Registered,Total Alive,Patient Died,Total Defaulted,Treatment Stopped,Patient transferred out,Unknown
1059,2012,Q1,156,1,0,0,0,0,1,0
1059,2013,Q1,144,1,0,0,0,0,1,0
1059,2014,Q1,132,2,2,0,0,0,0,0
1059,2015,Q1,120,4,1,1,2,0,0,0
1059,2016,Q1,108,5,5,0,0,0,0,0
1059,2017,Q1,96,3,3,0,0,0,0,0
1059,2018,Q1,84,9,5,0,1,0,3,0
1059,2019,Q1,72,3,2,0,1,0,0,0
1059,2020,Q1,60,3,3,0,0,0,0,0
1059,2021,Q1,48,2,1,1,0,0,0,0
1059,2022,Q1,36,2,0,1,1,0,0,0
1059,2023,Q1,24,4,2,0,0,0,2,0
1059,2024,Q1,12,2,2,0,0,0,0,0
site_id,Year,Quarter,Interval,Total Registered,Total Alive,Patient Died,Total Defaulted,Treatment Stopped,Patient transferred out,Unknown
1060,2018,Q1,84,1,1,0,0,0,0,0
1060,2020,Q1,60,1,1,0,0,0,0,0
1060,2021,Q1,48,2,1,0,1,0,0,0
1060,2022,Q1,36,1,0,0,1,0,0,0
1060,2023,Q1,24,2,0,0,2,0,0,0
1060,2024,Q1,12,2,1,0,1,0,0,0
site_id,Year,Quarter,Interval,Total Registered,Total Alive,Patient Died,Total Defaulted,Treatment Stopped,Patient transferred out,Unknown
1062,2019,Q1,72,8,5,0,1,0,2,0
1062,2020,Q1,60,1,0,0,1,0,0,0
1062,2021,Q1,48,2,1,0,0,0,1,0
1062,2022,Q1,36,1,0,0,1,0,0,0
site_id,Year,Quarter,Interval,Total Registered,Total Alive,Patient Died,Total Defaulted,Treatment Stopped,Patient transferred out,Unknown
1065,2022,Q1,36,1,0,0,0,0,1,0
site_id,Year,Quarter,Interval,Total Registered,Total Alive,Patient Died,Total Defaulted,Treatment Stopped,Patient transferred out,Unknown
1066,2021,Q1,48,7,5,1,1,0,0,0
1066,2022,Q1,36,2,2,0,0,0,0,0
1066,2023,Q1,24,3,3,0,0,0,0,0
1066,2024,Q1,12,5,3,0,2,0,0,0
site_id,Year,Quarter,Interval,Total Registered,Total Alive,Patient Died,Total Defaulted,Treatment Stopped,Patient transferred out,Unknown
1068,2021,Q1,48,3,2,0,0,0,1,0
1068,2024,Q1,12,1,1,0,0,0,0,0
site_id,Year,Quarter,Interval,Total Registered,Total Alive,Patient Died,Total Defaulted,Treatment Stopped,Patient transferred out,Unknown
1069,2019,Q1,72,1,0,0,1,0,0,0
1069,2020,Q1,60,1,0,0,1,0,0,0
1069,2021,Q1,48,2,0,1,1,0,0,0
1069,2023,Q1,24,3,1,0,2,0,0,0
site_id,Year,Quarter,Interval,Total Registered,Total Alive,Patient Died,Total Defaulted,Treatment Stopped,Patient transferred out,Unknown
1071,2020,Q1,60,2,1,0,1,0,0,0
1071,2023,Q1,24,1,1,0,0,0,0,0
site_id,Year,Quarter,Interval,Total Registered,Total Alive,Patient Died,Total Defaulted,Treatment Stopped,Patient transferred out,Unknown
1072,2012,Q1,156,1,0,0,1,0,0,0
1072,2013,Q1,144,3,0,0,1,0,2,0
1072,2014,Q1,132,2,0,0,0,0,2,0
1072,2015,Q1,120,1,0,0,0,0,1,0
1072,2017,Q1,96,1,0,0,1,0,0,0
1072,2018,Q1,84,1,0,0,1,0,0,0
1072,2019,Q1,72,1,0,0,0,0,1,0
1072,2020,Q1,60,2,1,0,1,0,0,0
1072,2021,Q1,48,2,2,0,0,0,0,0
1072,2022,Q1,36,1,0,0,1,0,0,0
site_id,Year,Quarter,Interval,Total Registered,Total Alive,Patient Died,Total Defaulted,Treatment Stopped,Patient transferred out,Unknown
1073,2020,Q1,60,1,0,0,1,0,0,0
1073,2021,Q1,48,1,0,0,1,0,0,0
1073,2023,Q1,24,1,0,0,1,0,0,0
1073,2024,Q1,12,2,0,0,2,0,0,0
site_id,Year,Quarter,Interval,Total Registered,Total Alive,Patient Died,Total Defaulted,Treatment Stopped,Patient transferred out,Unknown
1074,2016,Q1,108,1,0,0,1,0,0,0
1074,2018,Q1,84,1,0,0,1,0,0,0
1074,2020,Q1,60,1,0,0,0,0,1,0
1074,2021,Q1,48,1,0,0,1,0,0,0
1074,2023,Q1,24,1,0,0,0,0,1,0
site_id,Year,Quarter,Interval,Total Registered,Total Alive,Patient Died,Total Defaulted,Treatment Stopped,Patient transferred out,Unknown
1075,2021,Q1,48,2,1,0,1,0,0,0
1075,2023,Q1,24,2,0,0,0,0,2,0
site_id,Year,Quarter,Interval,Total Registered,Total Alive,Patient Died,Total Defaulted,Treatment Stopped,Patient transferred out,Unknown
1076,2021,Q1,48,1,1,0,0,0,0,0
1076,2024,Q1,12,1,0,0,1,0,0,0
site_id,Year,Quarter,Interval,Total Registered,Total Alive,Patient Died,Total Defaulted,Treatment Stopped,Patient transferred out,Unknown
1088,2024,Q1,12,1,1,0,0,0,0,0
site_id,Year,Quarter,Interval,Total Registered,Total Alive,Patient Died,Total Defaulted,Treatment Stopped,Patient transferred out,Unknown
108,2015,Q1,120,1,1,0,0,0,0,0
108,2016,Q1,108,2,0,0,1,0,1,0
108,2017,Q1,96,3,2,1,0,0,0,0
108,2018,Q1,84,1,1,0,0,0,0,0
108,2019,Q1,72,1,1,0,0,0,0,0
108,2020,Q1,60,7,3,0,1,0,3,0
108,2021,Q1,48,1,0,1,0,0,0,0
108,2024,Q1,12,1,1,0,0,0,0,0
site_id,Year,Quarter,Interval,Total Registered,Total Alive,Patient Died,Total Defaulted,Treatment Stopped,Patient transferred out,Unknown
109,2014,Q1,132,1,0,1,0,0,0,0
109,2016,Q1,108,1,0,0,0,0,1,0
109,2019,Q1,72,2,2,0,0,0,0,0
109,2020,Q1,60,1,0,0,0,0,1,0
109,2021,Q1,48,1,0,1,0,0,0,0
109,2023,Q1,24,1,0,0,0,0,1,0
109,2024,Q1,12,1,0,1,0,0,0,0
site_id,Year,Quarter,Interval,Total Registered,Total Alive,Patient Died,Total Defaulted,Treatment Stopped,Patient transferred out,Unknown
10,2010,Q1,180,1,1,0,0,0,0,0
10,2011,Q1,168,4,0,0,1,0,3,0
10,2012,Q1,156,10,1,1,3,0,5,0
10,2013,Q1,144,6,0,0,3,0,3,0
10,2014,Q1,132,10,1,0,4,1,4,0
10,2015,Q1,120,6,2,0,1,1,2,0
10,2016,Q1,108,13,5,0,4,1,3,0
10,2017,Q1,96,15,2,0,6,2,5,0
10,2018,Q1,84,15,7,1,2,0,5,0
10,2019,Q1,72,22,2,1,12,0,7,0
10,2020,Q1,60,14,2,0,3,0,9,0
10,2021,Q1,48,9,3,0,3,0,3,0
10,2022,Q1,36,17,5,0,7,0,5,0
10,2023,Q1,24,22,9,1,4,0,8,0
10,2024,Q1,12,16,10,0,3,0,3,0
site_id,Year,Quarter,Interval,Total Registered,Total Alive,Patient Died,Total Defaulted,Treatment Stopped,Patient transferred out,Unknown
1100,2023,Q1,24,3,1,0,0,0,2,0
1100,2024,Q1,12,6,2,0,0,0,4,0
site_id,Year,Quarter,Interval,Total Registered,Total Alive,Patient Died,Total Defaulted,Treatment Stopped,Patient transferred out,Unknown
1106,2023,Q1,24,1,0,0,0,0,1,0
site_id,Year,Quarter,Interval,Total Registered,Total Alive,Patient Died,Total Defaulted,Treatment Stopped,Patient transferred out,Unknown
1109,2024,Q1,12,7,4,0,0,2,1,0
site_id,Year,Quarter,Interval,Total Registered,Total Alive,Patient Died,Total Defaulted,Treatment Stopped,Patient transferred out,Unknown
110,2018,Q1,84,2,0,0,1,0,1,0
110,2019,Q1,72,1,0,0,1,0,0,0
110,2022,Q1,36,1,1,0,0,0,0,0
site_id,Year,Quarter,Interval,Total Registered,Total Alive,Patient Died,Total Defaulted,Treatment Stopped,Patient transferred out,Unknown
1110,2024,Q1,12,1,1,0,0,0,0,0
site_id,Year,Quarter,Interval,Total Registered,Total Alive,Patient Died,Total Defaulted,Treatment Stopped,Patient transferred out,Unknown
1111,2023,Q1,24,3,1,0,1,0,1,0
1111,2024,Q1,12,1,1,0,0,0,0,0
site_id,Year,Quarter,Interval,Total Registered,Total Alive,Patient Died,Total Defaulted,Treatment Stopped,Patient transferred out,Unknown
1112,2017,Q1,96,1,1,0,0,0,0,0
1112,2024,Q1,12,20,15,0,3,0,2,0
site_id,Year,Quarter,Interval,Total Registered,Total Alive,Patient Died,Total Defaulted,Treatment Stopped,Patient transferred out,Unknown
1114,2011,Q1,168,4,0,0,0,0,4,0
1114,2012,Q1,156,3,0,0,0,0,3,0
1114,2013,Q1,144,6,1,0,1,0,4,0
1114,2014,Q1,132,5,3,0,0,0,2,0
1114,2015,Q1,120,3,3,0,0,0,0,0
1114,2016,Q1,108,7,3,0,0,0,4,0
1114,2017,Q1,96,8,1,0,2,0,5,0
1114,2018,Q1,84,6,1,0,2,0,3,0
1114,2019,Q1,72,2,1,0,0,0,1,0
1114,2020,Q1,60,2,0,1,0,0,1,0
1114,2021,Q1,48,3,2,1,0,0,0,0
1114,2022,Q1,36,1,1,0,0,0,0,0
1114,2023,Q1,24,5,3,0,0,0,2,0
1114,2024,Q1,12,4,2,0,0,1,1,0
site_id,Year,Quarter,Interval,Total Registered,Total Alive,Patient Died,Total Defaulted,Treatment Stopped,Patient transferred out,Unknown
1119,2024,Q1,12,2,1,0,1,0,0,0
site_id,Year,Quarter,Interval,Total Registered,Total Alive,Patient Died,Total Defaulted,Treatment Stopped,Patient transferred out,Unknown
1123,2019,Q1,72,1,0,0,0,0,1,0
1123,2024,Q1,12,2,1,0,1,0,0,0
site_id,Year,Quarter,Interval,Total Registered,Total Alive,Patient Died,Total Defaulted,Treatment Stopped,Patient transferred out,Unknown
1124,2023,Q1,24,4,2,0,2,0,0,0
site_id,Year,Quarter,Interval,Total Registered,Total Alive,Patient Died,Total Defaulted,Treatment Stopped,Patient transferred out,Unknown
1126,2021,Q1,48,1,0,0,0,0,1,0
1126,2022,Q1,36,1,0,0,0,0,1,0
1126,2024,Q1,12,1,0,0,0,0,1,0
site_id,Year,Quarter,Interval,Total Registered,Total Alive,Patient Died,Total Defaulted,Treatment Stopped,Patient transferred out,Unknown
1127,2024,Q1,12,3,2,0,1,0,0,0
site_id,Year,Quarter,Interval,Total Registered,Total Alive,Patient Died,Total Defaulted,Treatment Stopped,Patient transferred out,Unknown
1128,2024,Q1,12,3,2,0,1,0,0,0
site_id,Year,Quarter,Interval,Total Registered,Total Alive,Patient Died,Total Defaulted,Treatment Stopped,Patient transferred out,Unknown
112,2013,Q1,144,3,1,0,1,0,1,0
112,2014,Q1,132,4,1,1,0,0,2,0
112,2015,Q1,120,4,2,1,0,0,1,0
112,2016,Q1,108,2,2,0,0,0,0,0
112,2017,Q1,96,8,2,1,5,0,0,0
112,2018,Q1,84,4,4,0,0,0,0,0
112,2019,Q1,72,5,2,0,2,0,1,0
112,2020,Q1,60,5,1,0,1,0,3,0
112,2021,Q1,48,5,1,1,0,0,3,0
112,2022,Q1,36,4,3,0,1,0,0,0
112,2023,Q1,24,3,3,0,0,0,0,0
112,2024,Q1,12,5,3,0,2,0,0,0
site_id,Year,Quarter,Interval,Total Registered,Total Alive,Patient Died,Total Defaulted,Treatment Stopped,Patient transferred out,Unknown
113,2013,Q1,144,1,0,1,0,0,0,0
113,2016,Q1,108,1,1,0,0,0,0,0
113,2018,Q1,84,1,1,0,0,0,0,0
113,2019,Q1,72,1,1,0,0,0,0,0
site_id,Year,Quarter,Interval,Total Registered,Total Alive,Patient Died,Total Defaulted,Treatment Stopped,Patient transferred out,Unknown
114,2012,Q1,156,2,1,0,0,0,1,0
114,2013,Q1,144,1,0,0,0,0,1,0
114,2014,Q1,132,1,1,0,0,0,0,0
114,2015,Q1,120,2,0,0,0,1,1,0
114,2017,Q1,96,4,0,0,0,0,4,0
114,2018,Q1,84,3,0,0,2,0,1,0
114,2019,Q1,72,3,0,0,2,0,1,0
114,2020,Q1,60,6,2,1,1,1,1,0
114,2021,Q1,48,4,0,0,0,0,4,0
114,2022,Q1,36,5,1,0,2,1,1,0
114,2023,Q1,24,3,3,0,0,0,0,0
114,2024,Q1,12,2,2,0,0,0,0,0
site_id,Year,Quarter,Interval,Total Registered,Total Alive,Patient Died,Total Defaulted,Treatment Stopped,Patient transferred out,Unknown
115,2011,Q1,168,3,0,1,0,0,2,0
115,2012,Q1,156,1,0,0,0,0,1,0
115,2013,Q1,144,9,5,2,0,0,2,0
115,2014,Q1,132,4,3,0,0,0,1,0
115,2015,Q1,120,3,1,1,0,1,0,0
115,2016,Q1,108,1,0,0,0,0,1,0
115,2017,Q1,96,7,6,0,0,0,1,0
115,2018,Q1,84,2,1,0,1,0,0,0
115,2019,Q1,72,2,0,1,0,0,1,0
115,2020,Q1,60,6,4,1,0,0,1,0
115,2021,Q1,48,7,5,0,0,0,2,0
115,2022,Q1,36,2,2,0,0,0,0,0
115,2023,Q1,24,3,1,0,0,0,2,0
115,2024,Q1,12,3,2,0,0,0,1,0
site_id,Year,Quarter,Interval,Total Registered,Total Alive,Patient Died,Total Defaulted,Treatment Stopped,Patient transferred out,Unknown
116,2013,Q1,144,2,1,0,0,0,1,0
116,2016,Q1,108,1,1,0,0,0,0,0
116,2017,Q1,96,2,1,0,1,0,0,0
116,2019,Q1,72,1,1,0,0,0,0,0
116,2020,Q1,60,2,1,0,1,0,0,0
116,2022,Q1,36,2,1,1,0,0,0,0
116,2024,Q1,12,2,2,0,0,0,0,0
site_id,Year,Quarter,Interval,Total Registered,Total Alive,Patient Died,Total Defaulted,Treatment Stopped,Patient transferred out,Unknown
117,2015,Q1,120,1,0,0,1,0,0,0
117,2017,Q1,96,1,0,0,0,0,1,0
117,2018,Q1,84,1,0,1,0,0,0,0
117,2020,Q1,60,1,0,0,1,0,0,0
117,2024,Q1,12,1,1,0,0,0,0,0
site_id,Year,Quarter,Interval,Total Registered,Total Alive,Patient Died,Total Defaulted,Treatment Stopped,Patient transferred out,Unknown
119,2017,Q1,96,2,1,0,1,0,0,0
119,2018,Q1,84,2,0,0,2,0,0,0
119,2020,Q1,60,1,0,0,0,0,1,0
119,2021,Q1,48,1,0,0,0,0,1,0
119,2023,Q1,24,1,0,0,0,0,1,0
119,2024,Q1,12,1,0,0,1,0,0,0
site_id,Year,Quarter,Interval,Total Registered,Total Alive,Patient Died,Total Defaulted,Treatment Stopped,Patient transferred out,Unknown
121,2011,Q1,168,1,0,0,0,0,1,0
121,2013,Q1,144,4,2,0,2,0,0,0
121,2014,Q1,132,3,2,0,0,0,1,0
121,2015,Q1,120,3,1,0,0,0,2,0
121,2016,Q1,108,3,1,0,1,0,1,0
121,2017,Q1,96,6,4,0,0,0,2,0
121,2018,Q1,84,6,5,0,0,0,1,0
121,2019,Q1,72,3,1,0,2,0,0,0
121,2020,Q1,60,2,1,1,0,0,0,0
121,2021,Q1,48,6,3,0,1,0,2,0
121,2022,Q1,36,6,6,0,0,0,0,0
121,2023,Q1,24,3,1,0,1,0,1,0
121,2024,Q1,12,6,3,0,1,0,2,0
site_id,Year,Quarter,Interval,Total Registered,Total Alive,Patient Died,Total Defaulted,Treatment Stopped,Patient transferred out,Unknown
124,2011,Q1,168,1,0,0,1,0,0,0
124,2013,Q1,144,2,1,0,0,0,1,0
124,2015,Q1,120,3,0,0,1,2,0,0
124,2016,Q1,108,3,1,0,1,1,0,0
124,2017,Q1,96,3,1,0,2,0,0,0
124,2021,Q1,48,2,0,0,2,0,0,0
site_id,Year,Quarter,Interval,Total Registered,Total Alive,Patient Died,Total Defaulted,Treatment Stopped,Patient transferred out,Unknown
125,2013,Q1,144,3,3,0,0,0,0,0
125,2014,Q1,132,2,1,1,0,0,0,0
125,2015,Q1,120,2,1,0,0,0,1,0
125,2016,Q1,108,3,0,0,2,1,0,0
125,2018,Q1,84,5,2,1,1,0,1,0
125,2019,Q1,72,4,1,2,1,0,0,0
125,2020,Q1,60,1,0,0,1,0,0,0
125,2022,Q1,36,2,1,1,0,0,0,0
125,2023,Q1,24,1,0,0,1,0,0,0
site_id,Year,Quarter,Interval,Total Registered,Total Alive,Patient Died,Total Defaulted,Treatment Stopped,Patient transferred out,Unknown
126,2014,Q1,132,1,0,0,0,0,1,0
126,2015,Q1,120,1,0,0,1,0,0,0
126,2018,Q1,84,1,1,0,0,0,0,0
126,2019,Q1,72,2,2,0,0,0,0,0
126,2020,Q1,60,2,1,0,1,0,0,0
126,2024,Q1,12,2,1,0,1,0,0,0
site_id,Year,Quarter,Interval,Total Registered,Total Alive,Patient Died,Total Defaulted,Treatment Stopped,Patient transferred out,Unknown
127,2013,Q1,144,2,0,2,0,0,0,0
127,2014,Q1,132,1,0,0,1,0,0,0
127,2015,Q1,120,2,0,0,1,0,1,0
127,2016,Q1,108,2,0,0,1,0,1,0
127,2017,Q1,96,1,0,0,0,0,1,0
127,2018,Q1,84,2,0,1,0,0,1,0
127,2019,Q1,72,2,1,0,0,0,1,0
127,2020,Q1,60,1,1,0,0,0,0,0
127,2021,Q1,48,3,1,1,0,0,1,0
127,2022,Q1,36,2,1,0,1,0,0,0
127,2023,Q1,24,2,0,0,1,0,1,0
127,2024,Q1,12,1,1,0,0,0,0,0
site_id,Year,Quarter,Interval,Total Registered,Total Alive,Patient Died,Total Defaulted,Treatment Stopped,Patient transferred out,Unknown
12,2011,Q1,168,8,2,0,1,0,5,0
12,2012,Q1,156,13,3,0,8,0,2,0
12,2013,Q1,144,6,0,2,3,0,1,0
12,2014,Q1,132,10,4,1,4,0,1,0
12,2015,Q1,120,12,4,0,7,0,1,0
12,2016,Q1,108,3,2,0,1,0,0,0
12,2017,Q1,96,17,4,0,7,0,6,0
12,2018,Q1,84,11,1,1,4,0,5,0
12,2019,Q1,72,6,3,0,1,0,2,0
12,2020,Q1,60,6,2,1,0,0,3,0
12,2021,Q1,48,6,1,0,2,0,3,0
12,2022,Q1,36,8,5,0,0,0,3,0
12,2023,Q1,24,1,0,0,0,0,1,0
12,2024,Q1,12,6,3,0,1,0,2,0
site_id,Year,Quarter,Interval,Total Registered,Total Alive,Patient Died,Total Defaulted,Treatment Stopped,Patient transferred out,Unknown
130,2015,Q1,120,1,0,0,0,0,1,0
130,2019,Q1,72,2,1,0,1,0,0,0
130,2020,Q1,60,1,0,0,0,0,1,0
130,2022,Q1,36,1,0,1,0,0,0,0
130,2023,Q1,24,1,1,0,0,0,0,0
130,2024,Q1,12,1,0,0,1,0,0,0
site_id,Year,Quarter,Interval,Total Registered,Total Alive,Patient Died,Total Defaulted,Treatment Stopped,Patient transferred out,Unknown
131,2014,Q1,132,3,0,0,0,0,3,0
131,2015,Q1,120,1,0,0,0,0,1,0
131,2019,Q1,72,1,1,0,0,0,0,0
131,2024,Q1,12,1,0,0,1,0,0,0
site_id,Year,Quarter,Interval,Total Registered,Total Alive,Patient Died,Total Defaulted,Treatment Stopped,Patient transferred out,Unknown
132,2012,Q1,156,2,2,0,0,0,0,0
132,2013,Q1,144,5,3,0,1,0,1,0
132,2014,Q1,132,4,3,0,1,0,0,0
132,2015,Q1,120,8,3,0,2,0,3,0
132,2016,Q1,108,9,3,0,3,0,3,0
132,2017,Q1,96,10,4,0,0,0,6,0
132,2018,Q1,84,7,4,0,2,0,1,0
132,2019,Q1,72,7,3,0,2,0,2,0
132,2020,Q1,60,6,3,1,1,0,1,0
132,2021,Q1,48,6,2,1,1,0,2,0
132,2022,Q1,36,4,1,0,3,0,0,0
132,2023,Q1,24,7,6,0,0,0,1,0
132,2024,Q1,12,1,1,0,0,0,0,0
site_id,Year,Quarter,Interval,Total Registered,Total Alive,Patient Died,Total Defaulted,Treatment Stopped,Patient transferred out,Unknown
133,2013,Q1,144,1,0,0,1,0,0,0
133,2017,Q1,96,1,0,0,1,0,0,0
133,2022,Q1,36,1,0,0,1,0,0,0
133,2024,Q1,12,1,0,0,1,0,0,0
site_id,Year,Quarter,Interval,Total Registered,Total Alive,Patient Died,Total Defaulted,Treatment Stopped,Patient transferred out,Unknown
134,2013,Q1,144,2,1,0,0,0,1,0
134,2014,Q1,132,2,0,0,0,0,2,0
134,2016,Q1,108,2,1,0,0,0,1,0
134,2017,Q1,96,2,0,1,0,0,1,0
134,2018,Q1,84,1,0,0,0,0,1,0
134,2019,Q1,72,1,0,0,0,0,1,0
134,2020,Q1,60,3,1,1,0,0,1,0
134,2022,Q1,36,1,0,0,0,0,1,0
134,2023,Q1,24,1,1,0,0,0,0,0
site_id,Year,Quarter,Interval,Total Registered,Total Alive,Patient Died,Total Defaulted,Treatment Stopped,Patient transferred out,Unknown
136,2013,Q1,144,3,1,1,0,0,1,0
136,2016,Q1,108,2,0,0,2,0,0,0
136,2019,Q1,72,4,1,0,1,0,2,0
136,2020,Q1,60,3,2,0,1,0,0,0
136,2022,Q1,36,1,1,0,0,0,0,0
site_id,Year,Quarter,Interval,Total Registered,Total Alive,Patient Died,Total Defaulted,Treatment Stopped,Patient transferred out,Unknown
138,2012,Q1,156,8,2,1,4,0,1,0
138,2013,Q1,144,4,3,0,1,0,0,0
138,2014,Q1,132,4,1,0,2,0,1,0
138,2015,Q1,120,11,6,0,5,0,0,0
138,2016,Q1,108,10,3,0,2,1,4,0
138,2017,Q1,96,21,4,1,8,0,8,0
138,2018,Q1,84,14,1,1,5,2,5,0
138,2019,Q1,72,6,2,0,3,0,1,0
138,2020,Q1,60,10,3,0,1,1,5,0
138,2021,Q1,48,7,3,0,0,1,3,0
138,2022,Q1,36,6,1,1,1,0,3,0
138,2023,Q1,24,1,1,0,0,0,0,0
138,2024,Q1,12,13,6,0,4,0,3,0
site_id,Year,Quarter,Interval,Total Registered,Total Alive,Patient Died,Total Defaulted,Treatment Stopped,Patient transferred out,Unknown
141,2011,Q1,168,1,0,0,0,0,1,0
141,2014,Q1,132,1,0,0,0,0,1,0
141,2015,Q1,120,1,0,0,0,0,1,0
141,2018,Q1,84,1,0,0,0,0,1,0
141,2022,Q1,36,1,0,0,1,0,0,0
site_id,Year,Quarter,Interval,Total Registered,Total Alive,Patient Died,Total Defaulted,Treatment Stopped,Patient transferred out,Unknown
143,2016,Q1,108,1,1,0,0,0,0,0
143,2017,Q1,96,1,0,0,0,0,1,0
143,2018,Q1,84,4,2,1,1,0,0,0
143,2020,Q1,60,2,2,0,0,0,0,0
143,2021,Q1,48,1,0,0,0,0,1,0
143,2022,Q1,36,1,0,0,0,0,1,0
143,2024,Q1,12,1,1,0,0,0,0,0
site_id,Year,Quarter,Interval,Total Registered,Total Alive,Patient Died,Total Defaulted,Treatment Stopped,Patient transferred out,Unknown
144,2013,Q1,144,2,2,0,0,0,0,0
144,2014,Q1,132,3,2,1,0,0,0,0
144,2015,Q1,120,1,0,1,0,0,0,0
144,2016,Q1,108,2,1,0,1,0,0,0
144,2017,Q1,96,1,0,0,1,0,0,0
144,2019,Q1,72,1,0,1,0,0,0,0
144,2020,Q1,60,2,0,0,1,0,1,0
144,2021,Q1,48,1,1,0,0,0,0,0
144,2023,Q1,24,2,0,0,0,0,2,0
144,2024,Q1,12,1,1,0,0,0,0,0
site_id,Year,Quarter,Interval,Total Registered,Total Alive,Patient Died,Total Defaulted,Treatment Stopped,Patient transferred out,Unknown
145,2013,Q1,144,6,4,0,0,0,2,0
145,2014,Q1,132,6,2,0,1,0,3,0
145,2015,Q1,120,7,0,3,1,0,3,0
145,2016,Q1,108,7,2,0,2,0,3,0
145,2017,Q1,96,8,3,1,1,0,3,0
145,2018,Q1,84,7,0,0,6,1,0,0
145,2019,Q1,72,5,3,0,0,0,2,0
145,2020,Q1,60,3,2,1,0,0,0,0
145,2021,Q1,48,2,2,0,0,0,0,0
145,2022,Q1,36,1,1,0,0,0,0,0
145,2023,Q1,24,5,4,0,0,0,1,0
145,2024,Q1,12,3,2,0,1,0,0,0
site_id,Year,Quarter,Interval,Total Registered,Total Alive,Patient Died,Total Defaulted,Treatment Stopped,Patient transferred out,Unknown
146,2020,Q1,60,1,0,0,1,0,0,0
site_id,Year,Quarter,Interval,Total Registered,Total Alive,Patient Died,Total Defaulted,Treatment Stopped,Patient transferred out,Unknown
148,2013,Q1,144,2,0,0,1,1,0,0
148,2014,Q1,132,5,2,1,0,0,2,0
148,2015,Q1,120,1,1,0,0,0,0,0
148,2017,Q1,96,2,0,0,0,0,2,0
148,2018,Q1,84,3,1,0,0,0,2,0
148,2019,Q1,72,3,1,0,0,0,2,0
148,2020,Q1,60,1,1,0,0,0,0,0
148,2021,Q1,48,1,0,0,0,0,1,0
148,2022,Q1,36,4,0,0,1,0,3,0
148,2023,Q1,24,1,0,0,0,0,1,0
148,2024,Q1,12,2,1,0,0,0,1,0
site_id,Year,Quarter,Interval,Total Registered,Total Alive,Patient Died,Total Defaulted,Treatment Stopped,Patient transferred out,Unknown
152,2014,Q1,132,1,1,0,0,0,0,0
152,2015,Q1,120,4,2,1,1,0,0,0
152,2016,Q1,108,2,1,0,1,0,0,0
152,2017,Q1,96,2,1,0,0,0,1,0
152,2019,Q1,72,1,0,0,0,0,1,0
152,2020,Q1,60,1,0,0,0,0,1,0
152,2022,Q1,36,3,3,0,0,0,0,0
152,2024,Q1,12,1,1,0,0,0,0,0
site_id,Year,Quarter,Interval,Total Registered,Total Alive,Patient Died,Total Defaulted,Treatment Stopped,Patient transferred out,Unknown
153,2013,Q1,144,1,0,0,0,0,1,0
153,2017,Q1,96,2,1,1,0,0,0,0
153,2019,Q1,72,1,0,0,0,0,1,0
153,2021,Q1,48,1,0,0,0,0,1,0
153,2022,Q1,36,2,0,1,0,0,1,0
153,2023,Q1,24,1,1,0,0,0,0,0
153,2024,Q1,12,1,1,0,0,0,0,0
site_id,Year,Quarter,Interval,Total Registered,Total Alive,Patient Died,Total Defaulted,Treatment Stopped,Patient transferred out,Unknown
154,2012,Q1,156,1,0,0,1,0,0,0
154,2013,Q1,144,1,1,0,0,0,0,0
154,2015,Q1,120,2,0,1,0,0,1,0
154,2017,Q1,96,1,0,0,0,0,1,0
154,2020,Q1,60,1,0,0,1,0,0,0
154,2022,Q1,36,3,1,0,2,0,0,0
154,2023,Q1,24,1,0,0,1,0,0,0
154,2024,Q1,12,1,1,0,0,0,0,0
site_id,Year,Quarter,Interval,Total Registered,Total Alive,Patient Died,Total Defaulted,Treatment Stopped,Patient transferred out,Unknown
157,2013,Q1,144,3,3,0,0,0,0,0
157,2014,Q1,132,3,1,0,1,0,1,0
157,2015,Q1,120,2,0,1,0,0,1,0
157,2016,Q1,108,4,1,0,3,0,0,0
157,2017,Q1,96,2,2,0,0,0,0,0
157,2018,Q1,84,1,0,0,0,0,1,0
157,2019,Q1,72,3,1,0,2,0,0,0
157,2020,Q1,60,2,2,0,0,0,0,0
157,2021,Q1,48,2,0,0,0,0,2,0
157,2022,Q1,36,2,1,0,0,0,1,0
157,2024,Q1,12,2,1,0,0,0,1,0
site_id,Year,Quarter,Interval,Total Registered,Total Alive,Patient Died,Total Defaulted,Treatment Stopped,Patient transferred out,Unknown
158,2014,Q1,132,2,1,0,0,0,1,0
158,2015,Q1,120,1,0,0,0,0,1,0
158,2016,Q1,108,1,1,0,0,0,0,0
158,2017,Q1,96,4,0,1,0,0,3,0
158,2018,Q1,84,2,0,0,0,0,2,0
158,2019,Q1,72,4,0,1,1,0,2,0
158,2020,Q1,60,4,0,0,2,0,2,0
158,2021,Q1,48,1,0,0,0,0,1,0
158,2022,Q1,36,3,2,0,1,0,0,0
158,2023,Q1,24,1,1,0,0,0,0,0
158,2024,Q1,12,6,5,0,0,0,1,0
site_id,Year,Quarter,Interval,Total Registered,Total Alive,Patient Died,Total Defaulted,Treatment Stopped,Patient transferred out,Unknown
159,2012,Q1,156,1,1,0,0,0,0,0
159,2013,Q1,144,1,0,1,0,0,0,0
159,2016,Q1,108,4,0,1,2,1,0,0
159,2018,Q1,84,1,0,1,0,0,0,0
159,2019,Q1,72,1,0,0,0,0,1,0
159,2022,Q1,36,2,1,1,0,0,0,0
site_id,Year,Quarter,Interval,Total Registered,Total Alive,Patient Died,Total Defaulted,Treatment Stopped,Patient transferred out,Unknown
15,2013,Q1,144,5,2,0,2,0,1,0
15,2014,Q1,132,2,1,0,1,0,0,0
15,2015,Q1,120,4,2,0,1,0,1,0
15,2016,Q1,108,7,3,1,1,1,1,0
15,2017,Q1,96,4,1,0,2,0,1,0
15,2018,Q1,84,6,2,1,2,0,1,0
15,2019,Q1,72,10,4,0,1,1,4,0
15,2020,Q1,60,9,4,1,2,0,2,0
15,2021,Q1,48,8,4,0,2,0,2,0
15,2022,Q1,36,10,6,1,3,0,0,0
15,2023,Q1,24,7,5,0,2,0,0,0
site_id,Year,Quarter,Interval,Total Registered,Total Alive,Patient Died,Total Defaulted,Treatment Stopped,Patient transferred out,Unknown
160,2023,Q1,24,2,0,0,2,0,0,0
site_id,Year,Quarter,Interval,Total Registered,Total Alive,Patient Died,Total Defaulted,Treatment Stopped,Patient transferred out,Unknown
162,2015,Q1,120,1,1,0,0,0,0,0
162,2016,Q1,108,1,0,0,1,0,0,0
162,2017,Q1,96,1,0,0,0,0,1,0
162,2018,Q1,84,1,1,0,0,0,0,0
162,2021,Q1,48,1,0,0,0,0,1,0
site_id,Year,Quarter,Interval,Total Registered,Total Alive,Patient Died,Total Defaulted,Treatment Stopped,Patient transferred out,Unknown
163,2012,Q1,156,1,1,0,0,0,0,0
163,2015,Q1,120,2,2,0,0,0,0,0
163,2016,Q1,108,1,1,0,0,0,0,0
163,2017,Q1,96,7,2,1,0,0,4,0
163,2019,Q1,72,1,0,0,1,0,0,0
163,2020,Q1,60,2,0,0,0,0,2,0
163,2021,Q1,48,1,1,0,0,0,0,0
163,2022,Q1,36,2,1,0,0,0,1,0
163,2023,Q1,24,3,2,0,1,0,0,0
site_id,Year,Quarter,Interval,Total Registered,Total Alive,Patient Died,Total Defaulted,Treatment Stopped,Patient transferred out,Unknown
164,2012,Q1,156,1,1,0,0,0,0,0
164,2017,Q1,96,1,0,0,0,1,0,0
164,2019,Q1,72,1,1,0,0,0,0,0
164,2021,Q1,48,1,0,0,0,0,1,0
164,2022,Q1,36,2,1,0,0,0,1,0
164,2023,Q1,24,1,1,0,0,0,0,0
site_id,Year,Quarter,Interval,Total Registered,Total Alive,Patient Died,Total Defaulted,Treatment Stopped,Patient transferred out,Unknown
165,2023,Q1,24,1,1,0,0,0,0,0
site_id,Year,Quarter,Interval,Total Registered,Total Alive,Patient Died,Total Defaulted,Treatment Stopped,Patient transferred out,Unknown
167,2011,Q1,168,1,0,0,0,0,1,0
167,2012,Q1,156,2,1,0,1,0,0,0
167,2013,Q1,144,4,2,0,0,0,2,0
167,2014,Q1,132,4,1,1,0,0,2,0
167,2015,Q1,120,2,0,0,0,0,2,0
167,2016,Q1,108,3,2,0,0,0,1,0
167,2017,Q1,96,6,1,1,1,1,2,0
167,2018,Q1,84,3,2,0,0,0,1,0
167,2019,Q1,72,7,2,0,2,0,3,0
167,2020,Q1,60,4,2,1,0,0,1,0
167,2022,Q1,36,1,1,0,0,0,0,0
167,2023,Q1,24,1,0,0,0,0,1,0
167,2024,Q1,12,4,2,1,1,0,0,0
site_id,Year,Quarter,Interval,Total Registered,Total Alive,Patient Died,Total Defaulted,Treatment Stopped,Patient transferred out,Unknown
168,2013,Q1,144,2,0,0,0,0,2,0
168,2014,Q1,132,1,0,0,0,0,1,0
168,2015,Q1,120,12,2,2,0,7,1,0
168,2016,Q1,108,3,1,0,0,1,1,0
168,2017,Q1,96,4,1,0,0,2,1,0
168,2018,Q1,84,1,0,0,0,0,1,0
168,2019,Q1,72,1,0,0,0,0,1,0
168,2020,Q1,60,1,0,0,0,0,1,0
168,2021,Q1,48,1,0,0,1,0,0,0
168,2022,Q1,36,3,3,0,0,0,0,0
168,2023,Q1,24,3,2,0,0,0,1,0
168,2024,Q1,12,3,3,0,0,0,0,0
site_id,Year,Quarter,Interval,Total Registered,Total Alive,Patient Died,Total Defaulted,Treatment Stopped,Patient transferred out,Unknown
169,2012,Q1,156,1,0,0,0,0,1,0
169,2014,Q1,132,1,1,0,0,0,0,0
169,2020,Q1,60,1,0,0,0,0,1,0
169,2022,Q1,36,1,0,0,1,0,0,0
site_id,Year,Quarter,Interval,Total Registered,Total Alive,Patient Died,Total Defaulted,Treatment Stopped,Patient transferred out,Unknown
16,2011,Q1,168,1,1,0,0,0,0,0
16,2012,Q1,156,11,2,3,5,0,1,0
16,2013,Q1,144,6,1,0,2,0,3,0
16,2014,Q1,132,14,2,3,7,0,2,0
16,2015,Q1,120,11,2,0,6,0,3,0
16,2016,Q1,108,21,2,1,14,0,4,0
16,2017,Q1,96,14,1,0,10,1,2,0
16,2018,Q1,84,7,3,0,1,2,1,0
16,2019,Q1,72,17,5,1,5,2,4,0
16,2020,Q1,60,16,3,2,4,0,7,0
16,2021,Q1,48,15,5,1,2,1,6,0
16,2022,Q1,36,12,5,2,1,2,2,0
16,2023,Q1,24,3,1,0,1,0,1,0
16,2024,Q1,12,12,10,1,0,0,1,0
site_id,Year,Quarter,Interval,Total Registered,Total Alive,Patient Died,Total Defaulted,Treatment Stopped,Patient transferred out,Unknown
170,2014,Q1,132,1,0,0,1,0,0,0
170,2016,Q1,108,1,1,0,0,0,0,0
170,2019,Q1,72,1,1,0,0,0,0,0
site_id,Year,Quarter,Interval,Total Registered,Total Alive,Patient Died,Total Defaulted,Treatment Stopped,Patient transferred out,Unknown
171,2013,Q1,144,1,1,0,0,0,0,0
171,2015,Q1,120,3,0,1,1,0,1,0
171,2016,Q1,108,3,2,0,0,0,1,0
171,2018,Q1,84,1,1,0,0,0,0,0
171,2020,Q1,60,1,1,0,0,0,0,0
171,2021,Q1,48,2,1,0,1,0,0,0
171,2023,Q1,24,2,1,0,1,0,0,0
site_id,Year,Quarter,Interval,Total Registered,Total Alive,Patient Died,Total Defaulted,Treatment Stopped,Patient transferred out,Unknown
172,2012,Q1,156,1,0,0,0,0,1,0
172,2013,Q1,144,1,0,1,0,0,0,0
172,2016,Q1,108,3,1,0,0,0,2,0
172,2017,Q1,96,7,0,0,0,0,7,0
172,2018,Q1,84,1,0,0,0,0,1,0
172,2019,Q1,72,1,0,0,0,0,1,0
172,2020,Q1,60,2,1,0,0,0,1,0
172,2022,Q1,36,1,0,0,0,0,1,0
172,2023,Q1,24,2,0,0,0,0,2,0
172,2024,Q1,12,1,0,0,0,0,1,0
site_id,Year,Quarter,Interval,Total Registered,Total Alive,Patient Died,Total Defaulted,Treatment Stopped,Patient transferred out,Unknown
173,2019,Q1,72,1,0,0,1,0,0,0
173,2020,Q1,60,1,0,1,0,0,0,0
173,2022,Q1,36,1,1,0,0,0,0,0
site_id,Year,Quarter,Interval,Total Registered,Total Alive,Patient Died,Total Defaulted,Treatment Stopped,Patient transferred out,Unknown
174,2011,Q1,168,1,1,0,0,0,0,0
174,2012,Q1,156,3,1,0,0,0,2,0
174,2013,Q1,144,2,1,0,0,0,1,0
174,2015,Q1,120,2,1,0,0,0,1,0
174,2016,Q1,108,2,1,0,0,0,1,0
174,2017,Q1,96,1,0,0,0,0,1,0
174,2018,Q1,84,1,0,0,1,0,0,0
174,2019,Q1,72,1,1,0,0,0,0,0
174,2021,Q1,48,2,1,0,1,0,0,0
174,2022,Q1,36,4,2,0,0,0,2,0
174,2024,Q1,12,2,2,0,0,0,0,0
site_id,Year,Quarter,Interval,Total Registered,Total Alive,Patient Died,Total Defaulted,Treatment Stopped,Patient transferred out,Unknown
176,2011,Q1,168,1,0,0,0,0,1,0
176,2013,Q1,144,1,0,0,0,0,1,0
176,2018,Q1,84,1,0,0,0,0,1,0
176,2019,Q1,72,2,0,0,1,0,1,0
176,2020,Q1,60,1,0,0,1,0,0,0
176,2021,Q1,48,1,0,0,1,0,0,0
site_id,Year,Quarter,Interval,Total Registered,Total Alive,Patient Died,Total Defaulted,Treatment Stopped,Patient transferred out,Unknown
177,2013,Q1,144,1,1,0,0,0,0,0
177,2014,Q1,132,1,0,0,1,0,0,0
177,2015,Q1,120,3,0,2,0,1,0,0
177,2016,Q1,108,3,1,0,2,0,0,0
177,2017,Q1,96,3,0,0,0,0,3,0
177,2018,Q1,84,1,1,0,0,0,0,0
177,2019,Q1,72,1,0,1,0,0,0,0
177,2020,Q1,60,3,0,0,1,2,0,0
177,2021,Q1,48,3,2,1,0,0,0,0
177,2022,Q1,36,3,2,1,0,0,0,0
177,2024,Q1,12,2,1,0,1,0,0,0
site_id,Year,Quarter,Interval,Total Registered,Total Alive,Patient Died,Total Defaulted,Treatment Stopped,Patient transferred out,Unknown
179,2011,Q1,168,1,0,0,0,0,1,0
179,2012,Q1,156,1,1,0,0,0,0,0
179,2014,Q1,132,3,0,2,1,0,0,0
179,2015,Q1,120,2,1,0,0,0,1,0
179,2016,Q1,108,2,0,0,0,0,2,0
179,2017,Q1,96,2,1,0,1,0,0,0
179,2018,Q1,84,2,1,0,0,0,1,0
179,2019,Q1,72,3,0,0,2,0,1,0
179,2020,Q1,60,4,4,0,0,0,0,0
179,2022,Q1,36,1,1,0,0,0,0,0
site_id,Year,Quarter,Interval,Total Registered,Total Alive,Patient Died,Total Defaulted,Treatment Stopped,Patient transferred out,Unknown
17,2013,Q1,144,2,1,0,0,0,1,0
17,2014,Q1,132,1,0,0,1,0,0,0
17,2016,Q1,108,2,2,0,0,0,0,0
17,2018,Q1,84,1,0,0,0,0,1,0
17,2019,Q1,72,2,0,1,0,0,1,0
17,2020,Q1,60,1,1,0,0,0,0,0
17,2021,Q1,48,2,0,1,0,1,0,0
17,2022,Q1,36,1,0,0,0,0,1,0
17,2023,Q1,24,2,2,0,0,0,0,0
17,2024,Q1,12,2,2,0,0,0,0,0
site_id,Year,Quarter,Interval,Total Registered,Total Alive,Patient Died,Total Defaulted,Treatment Stopped,Patient transferred out,Unknown
180,2014,Q1,132,1,0,0,0,0,1,0
180,2015,Q1,120,2,1,0,1,0,0,0
180,2016,Q1,108,2,0,0,1,0,1,0
180,2017,Q1,96,1,0,0,1,0,0,0
180,2018,Q1,84,2,0,0,2,0,0,0
180,2019,Q1,72,2,1,0,0,0,1,0
180,2024,Q1,12,1,1,0,0,0,0,0
site_id,Year,Quarter,Interval,Total Registered,Total Alive,Patient Died,Total Defaulted,Treatment Stopped,Patient transferred out,Unknown
181,2023,Q1,24,2,1,0,0,0,1,0
181,2024,Q1,12,1,1,0,0,0,0,0
site_id,Year,Quarter,Interval,Total Registered,Total Alive,Patient Died,Total Defaulted,Treatment Stopped,Patient transferred out,Unknown
182,2013,Q1,144,2,0,0,1,0,1,0
182,2014,Q1,132,1,0,0,1,0,0,0
182,2015,Q1,120,5,3,0,0,0,2,0
182,2016,Q1,108,6,4,0,1,0,1,0
182,2017,Q1,96,1,0,0,0,0,1,0
182,2018,Q1,84,4,2,1,0,0,1,0
182,2019,Q1,72,2,2,0,0,0,0,0
182,2021,Q1,48,1,0,1,0,0,0,0
182,2023,Q1,24,2,2,0,0,0,0,0
site_id,Year,Quarter,Interval,Total Registered,Total Alive,Patient Died,Total Defaulted,Treatment Stopped,Patient transferred out,Unknown
184,2013,Q1,144,1,0,0,0,0,1,0
184,2015,Q1,120,1,1,0,0,0,0,0
184,2016,Q1,108,1,0,0,0,1,0,0
184,2019,Q1,72,2,1,0,1,0,0,0
184,2021,Q1,48,4,3,0,0,0,1,0
184,2024,Q1,12,2,2,0,0,0,0,0
site_id,Year,Quarter,Interval,Total Registered,Total Alive,Patient Died,Total Defaulted,Treatment Stopped,Patient transferred out,Unknown
187,2016,Q1,108,1,0,0,1,0,0,0
187,2017,Q1,96,2,2,0,0,0,0,0
187,2019,Q1,72,2,1,0,1,0,0,0
187,2020,Q1,60,1,0,0,1,0,0,0
187,2021,Q1,48,1,0,0,1,0,0,0
187,2024,Q1,12,1,1,0,0,0,0,0
site_id,Year,Quarter,Interval,Total Registered,Total Alive,Patient Died,Total Defaulted,Treatment Stopped,Patient transferred out,Unknown
189,2020,Q1,60,1,0,0,1,0,0,0
189,2023,Q1,24,1,0,0,0,0,1,0
site_id,Year,Quarter,Interval,Total Registered,Total Alive,Patient Died,Total Defaulted,Treatment Stopped,Patient transferred out,Unknown
18,2012,Q1,156,1,0,0,1,0,0,0
18,2013,Q1,144,2,0,1,0,0,1,0
18,2015,Q1,120,1,0,0,0,0,1,0
18,2019,Q1,72,2,1,0,1,0,0,0
18,2020,Q1,60,2,0,0,2,0,0,0
18,2021,Q1,48,2,1,0,1,0,0,0
18,2023,Q1,24,1,1,0,0,0,0,0
site_id,Year,Quarter,Interval,Total Registered,Total Alive,Patient Died,Total Defaulted,Treatment Stopped,Patient transferred out,Unknown
190,2020,Q1,60,4,4,0,0,0,0,0
190,2022,Q1,36,2,0,0,1,0,1,0
190,2023,Q1,24,2,1,1,0,0,0,0
site_id,Year,Quarter,Interval,Total Registered,Total Alive,Patient Died,Total Defaulted,Treatment Stopped,Patient transferred out,Unknown
191,2017,Q1,96,1,0,0,1,0,0,0
site_id,Year,Quarter,Interval,Total Registered,Total Alive,Patient Died,Total Defaulted,Treatment Stopped,Patient transferred out,Unknown
192,2012,Q1,156,1,1,0,0,0,0,0
192,2013,Q1,144,3,0,2,0,0,1,0
192,2015,Q1,120,1,0,0,0,0,1,0
192,2016,Q1,108,1,1,0,0,0,0,0
192,2017,Q1,96,3,2,0,0,0,1,0
192,2018,Q1,84,2,1,0,0,0,1,0
192,2019,Q1,72,2,1,0,1,0,0,0
192,2020,Q1,60,2,0,1,0,0,1,0
192,2021,Q1,48,3,0,0,2,0,1,0
192,2022,Q1,36,1,0,0,1,0,0,0
192,2024,Q1,12,1,1,0,0,0,0,0
site_id,Year,Quarter,Interval,Total Registered,Total Alive,Patient Died,Total Defaulted,Treatment Stopped,Patient transferred out,Unknown
193,2012,Q1,156,1,0,1,0,0,0,0
193,2013,Q1,144,3,1,0,2,0,0,0
193,2014,Q1,132,6,2,2,2,0,0,0
193,2015,Q1,120,3,2,0,1,0,0,0
193,2016,Q1,108,8,3,0,3,0,2,0
193,2017,Q1,96,5,2,1,1,0,1,0
193,2018,Q1,84,5,1,1,1,0,2,0
193,2019,Q1,72,5,2,0,2,0,1,0
193,2020,Q1,60,8,7,0,0,0,1,0
193,2021,Q1,48,2,0,0,1,0,1,0
193,2022,Q1,36,3,2,0,1,0,0,0
193,2023,Q1,24,1,1,0,0,0,0,0
193,2024,Q1,12,2,2,0,0,0,0,0
site_id,Year,Quarter,Interval,Total Registered,Total Alive,Patient Died,Total Defaulted,Treatment Stopped,Patient transferred out,Unknown
194,2011,Q1,168,1,0,0,1,0,0,0
194,2012,Q1,156,2,0,0,2,0,0,0
194,2013,Q1,144,1,0,1,0,0,0,0
194,2015,Q1,120,4,2,0,0,0,2,0
194,2016,Q1,108,3,3,0,0,0,0,0
194,2017,Q1,96,2,0,1,0,0,1,0
194,2018,Q1,84,2,1,0,0,0,1,0
194,2019,Q1,72,4,2,0,1,0,1,0
194,2020,Q1,60,2,2,0,0,0,0,0
194,2021,Q1,48,1,0,0,0,0,1,0
194,2022,Q1,36,5,1,0,0,0,4,0
194,2023,Q1,24,1,1,0,0,0,0,0
194,2024,Q1,12,4,3,0,0,0,1,0
site_id,Year,Quarter,Interval,Total Registered,Total Alive,Patient Died,Total Defaulted,Treatment Stopped,Patient transferred out,Unknown
196,2012,Q1,156,8,1,0,3,0,4,0
196,2013,Q1,144,2,0,0,0,0,2,0
196,2014,Q1,132,4,2,1,0,0,1,0
196,2016,Q1,108,3,0,1,1,0,1,0
196,2017,Q1,96,2,1,0,0,0,1,0
196,2018,Q1,84,6,1,0,2,0,3,0
196,2019,Q1,72,3,1,1,1,0,0,0
196,2020,Q1,60,2,2,0,0,0,0,0
196,2021,Q1,48,1,0,0,1,0,0,0
196,2022,Q1,36,2,0,0,0,0,2,0
196,2023,Q1,24,2,0,0,0,0,2,0
196,2024,Q1,12,1,0,0,0,1,0,0
site_id,Year,Quarter,Interval,Total Registered,Total Alive,Patient Died,Total Defaulted,Treatment Stopped,Patient transferred out,Unknown
198,2013,Q1,144,2,0,0,1,0,1,0
198,2014,Q1,132,2,0,0,0,0,2,0
198,2016,Q1,108,1,0,0,0,0,1,0
198,2019,Q1,72,1,0,0,0,0,1,0
198,2020,Q1,60,3,0,0,2,0,1,0
198,2021,Q1,48,1,0,0,0,1,0,0
198,2024,Q1,12,1,0,0,1,0,0,0
site_id,Year,Quarter,Interval,Total Registered,Total Alive,Patient Died,Total Defaulted,Treatment Stopped,Patient transferred out,Unknown
19,2012,Q1,156,3,2,0,0,0,1,0
19,2013,Q1,144,2,0,0,1,0,1,0
19,2014,Q1,132,2,0,0,2,0,0,0
19,2015,Q1,120,4,1,0,2,0,1,0
19,2016,Q1,108,6,1,0,4,0,1,0
19,2017,Q1,96,3,0,0,3,0,0,0
19,2018,Q1,84,2,2,0,0,0,0,0
19,2019,Q1,72,1,1,0,0,0,0,0
19,2020,Q1,60,4,1,0,1,0,2,0
19,2021,Q1,48,1,1,0,0,0,0,0
19,2023,Q1,24,3,2,0,0,0,1,0
19,2024,Q1,12,2,1,0,1,0,0,0
site_id,Year,Quarter,Interval,Total Registered,Total Alive,Patient Died,Total Defaulted,Treatment Stopped,Patient transferred out,Unknown
200,2011,Q1,168,1,0,1,0,0,0,0
200,2012,Q1,156,1,0,0,0,1,0,0
200,2013,Q1,144,1,0,0,0,0,1,0
200,2014,Q1,132,1,0,0,1,0,0,0
200,2015,Q1,120,3,0,0,0,0,3,0
200,2016,Q1,108,1,0,0,0,0,1,0
200,2017,Q1,96,5,1,1,2,0,1,0
200,2018,Q1,84,1,0,0,1,0,0,0
200,2019,Q1,72,2,0,0,0,0,2,0
200,2020,Q1,60,1,0,0,0,1,0,0
200,2021,Q1,48,2,1,0,0,0,1,0
200,2023,Q1,24,1,0,0,1,0,0,0
site_id,Year,Quarter,Interval,Total Registered,Total Alive,Patient Died,Total Defaulted,Treatment Stopped,Patient transferred out,Unknown
201,2012,Q1,156,2,2,0,0,0,0,0
201,2014,Q1,132,1,0,0,1,0,0,0
201,2016,Q1,108,2,1,0,1,0,0,0
201,2021,Q1,48,2,0,1,1,0,0,0
201,2023,Q1,24,3,2,0,0,0,1,0
site_id,Year,Quarter,Interval,Total Registered,Total Alive,Patient Died,Total Defaulted,Treatment Stopped,Patient transferred out,Unknown
202,2012,Q1,156,1,0,0,0,0,1,0
202,2013,Q1,144,1,0,0,0,0,1,0
202,2014,Q1,132,2,1,0,0,0,1,0
202,2015,Q1,120,1,1,0,0,0,0,0
202,2017,Q1,96,2,0,0,0,0,2,0
202,2018,Q1,84,2,1,0,1,0,0,0
202,2023,Q1,24,1,1,0,0,0,0,0
202,2024,Q1,12,1,0,0,0,0,1,0
site_id,Year,Quarter,Interval,Total Registered,Total Alive,Patient Died,Total Defaulted,Treatment Stopped,Patient transferred out,Unknown
203,2013,Q1,144,1,1,0,0,0,0,0
203,2015,Q1,120,3,2,0,1,0,0,0
203,2016,Q1,108,4,1,1,1,0,1,0
203,2017,Q1,96,1,0,0,1,0,0,0
203,2018,Q1,84,3,2,0,1,0,0,0
203,2019,Q1,72,1,0,0,0,0,1,0
203,2022,Q1,36,3,1,0,1,0,1,0
site_id,Year,Quarter,Interval,Total Registered,Total Alive,Patient Died,Total Defaulted,Treatment Stopped,Patient transferred out,Unknown
204,2014,Q1,132,1,0,0,0,0,1,0
204,2015,Q1,120,1,0,1,0,0,0,0
204,2016,Q1,108,3,1,0,0,0,2,0
204,2017,Q1,96,6,2,1,0,1,2,0
204,2018,Q1,84,1,0,0,0,0,1,0
204,2019,Q1,72,1,0,0,0,0,1,0
204,2021,Q1,48,2,2,0,0,0,0,0
site_id,Year,Quarter,Interval,Total Registered,Total Alive,Patient Died,Total Defaulted,Treatment Stopped,Patient transferred out,Unknown
205,2011,Q1,168,2,1,0,0,1,0,0
205,2012,Q1,156,10,4,0,4,0,2,0
205,2013,Q1,144,9,3,2,2,0,2,0
205,2014,Q1,132,10,0,4,3,0,3,0
205,2015,Q1,120,6,1,0,2,0,3,0
205,2016,Q1,108,10,5,1,2,0,2,0
205,2017,Q1,96,9,3,1,1,2,2,0
205,2018,Q1,84,8,3,0,3,0,2,0
205,2019,Q1,72,2,0,1,1,0,0,0
205,2020,Q1,60,5,2,1,0,0,2,0
205,2021,Q1,48,2,2,0,0,0,0,0
205,2022,Q1,36,4,2,1,0,0,1,0
205,2023,Q1,24,2,1,0,0,0,1,0
205,2024,Q1,12,10,7,0,1,0,2,0
site_id,Year,Quarter,Interval,Total Registered,Total Alive,Patient Died,Total Defaulted,Treatment Stopped,Patient transferred out,Unknown
206,2011,Q1,168,1,0,0,1,0,0,0
206,2012,Q1,156,4,2,0,1,0,1,0
206,2013,Q1,144,4,2,0,1,0,1,0
206,2014,Q1,132,5,2,0,2,0,1,0
206,2015,Q1,120,14,4,1,6,0,3,0
206,2016,Q1,108,4,2,1,0,0,1,0
206,2017,Q1,96,9,2,2,2,0,3,0
206,2018,Q1,84,9,4,0,3,0,2,0
206,2019,Q1,72,5,1,0,2,0,2,0
206,2020,Q1,60,4,0,0,3,0,1,0
206,2021,Q1,48,5,1,0,2,0,2,0
206,2022,Q1,36,5,1,0,2,0,2,0
206,2023,Q1,24,7,3,0,1,0,3,0
site_id,Year,Quarter,Interval,Total Registered,Total Alive,Patient Died,Total Defaulted,Treatment Stopped,Patient transferred out,Unknown
207,2014,Q1,132,1,0,0,1,0,0,0
207,2016,Q1,108,1,1,0,0,0,0,0
207,2017,Q1,96,1,1,0,0,0,0,0
207,2019,Q1,72,2,1,0,0,0,1,0
207,2021,Q1,48,1,1,0,0,0,0,0
site_id,Year,Quarter,Interval,Total Registered,Total Alive,Patient Died,Total Defaulted,Treatment Stopped,Patient transferred out,Unknown
208,2012,Q1,156,2,0,0,2,0,0,0
208,2013,Q1,144,7,0,1,6,0,0,0
208,2014,Q1,132,2,0,0,2,0,0,0
208,2015,Q1,120,2,0,0,2,0,0,0
208,2016,Q1,108,3,0,0,3,0,0,0
208,2017,Q1,96,2,0,0,0,0,2,0
208,2018,Q1,84,7,0,1,4,0,2,0
208,2019,Q1,72,6,0,2,4,0,0,0
208,2020,Q1,60,4,0,0,4,0,0,0
208,2021,Q1,48,1,0,0,1,0,0,0
208,2023,Q1,24,1,0,0,1,0,0,0
208,2024,Q1,12,1,0,0,1,0,0,0
site_id,Year,Quarter,Interval,Total Registered,Total Alive,Patient Died,Total Defaulted,Treatment Stopped,Patient transferred out,Unknown
20,2011,Q1,168,1,1,0,0,0,0,0
20,2012,Q1,156,2,1,0,0,0,1,0
20,2014,Q1,132,2,1,1,0,0,0,0
20,2015,Q1,120,4,1,2,1,0,0,0
20,2016,Q1,108,3,2,0,0,0,1,0
20,2017,Q1,96,2,1,1,0,0,0,0
20,2018,Q1,84,4,0,0,2,0,2,0
20,2019,Q1,72,4,0,0,1,0,3,0
20,2020,Q1,60,1,1,0,0,0,0,0
20,2021,Q1,48,2,0,0,1,0,1,0
20,2022,Q1,36,3,1,0,0,0,2,0
20,2023,Q1,24,1,0,1,0,0,0,0
20,2024,Q1,12,1,1,0,0,0,0,0
site_id,Year,Quarter,Interval,Total Registered,Total Alive,Patient Died,Total Defaulted,Treatment Stopped,Patient transferred out,Unknown
210,2012,Q1,156,1,1,0,0,0,0,0
210,2014,Q1,132,1,0,0,0,0,1,0
210,2015,Q1,120,2,1,0,1,0,0,0
210,2016,Q1,108,3,1,0,1,0,1,0
210,2017,Q1,96,6,1,0,5,0,0,0
210,2018,Q1,84,3,1,0,1,0,1,0
210,2019,Q1,72,4,4,0,0,0,0,0
210,2020,Q1,60,4,2,1,1,0,0,0
210,2022,Q1,36,3,0,0,0,0,3,0
210,2023,Q1,24,3,1,0,1,0,1,0
210,2024,Q1,12,1,1,0,0,0,0,0
site_id,Year,Quarter,Interval,Total Registered,Total Alive,Patient Died,Total Defaulted,Treatment Stopped,Patient transferred out,Unknown
211,2015,Q1,120,2,1,0,1,0,0,0
211,2016,Q1,108,1,0,0,0,0,1,0
211,2018,Q1,84,3,0,0,0,0,3,0
211,2019,Q1,72,2,1,0,1,0,0,0
211,2020,Q1,60,4,0,0,2,0,2,0
211,2021,Q1,48,1,0,0,1,0,0,0
211,2022,Q1,36,1,0,1,0,0,0,0
211,2023,Q1,24,1,1,0,0,0,0,0
211,2024,Q1,12,1,1,0,0,0,0,0
site_id,Year,Quarter,Interval,Total Registered,Total Alive,Patient Died,Total Defaulted,Treatment Stopped,Patient transferred out,Unknown
212,2012,Q1,156,3,0,1,2,0,0,0
212,2013,Q1,144,4,1,0,1,0,2,0
212,2014,Q1,132,4,1,1,2,0,0,0
212,2015,Q1,120,1,1,0,0,0,0,0
212,2016,Q1,108,10,8,2,0,0,0,0
212,2017,Q1,96,1,0,1,0,0,0,0
212,2018,Q1,84,5,2,2,0,0,1,0
212,2019,Q1,72,2,1,0,1,0,0,0
212,2020,Q1,60,6,3,2,0,0,1,0
212,2022,Q1,36,1,0,0,0,0,1,0
212,2024,Q1,12,4,4,0,0,0,0,0
site_id,Year,Quarter,Interval,Total Registered,Total Alive,Patient Died,Total Defaulted,Treatment Stopped,Patient transferred out,Unknown
213,2014,Q1,132,3,2,0,1,0,0,0
213,2017,Q1,96,2,2,0,0,0,0,0
213,2018,Q1,84,2,1,0,1,0,0,0
213,2019,Q1,72,2,0,0,2,0,0,0
213,2020,Q1,60,2,0,0,0,0,2,0
213,2022,Q1,36,1,0,0,0,0,1,0
site_id,Year,Quarter,Interval,Total Registered,Total Alive,Patient Died,Total Defaulted,Treatment Stopped,Patient transferred out,Unknown
214,2013,Q1,144,3,1,0,1,0,1,0
214,2015,Q1,120,1,0,0,0,0,1,0
214,2016,Q1,108,1,0,0,0,0,1,0
214,2017,Q1,96,2,1,1,0,0,0,0
214,2022,Q1,36,1,0,0,0,0,1,0
214,2023,Q1,24,2,1,1,0,0,0,0
214,2024,Q1,12,1,0,0,1,0,0,0
site_id,Year,Quarter,Interval,Total Registered,Total Alive,Patient Died,Total Defaulted,Treatment Stopped,Patient transferred out,Unknown
217,2012,Q1,156,2,1,0,0,0,1,0
217,2014,Q1,132,1,0,1,0,0,0,0
217,2015,Q1,120,1,0,0,0,0,1,0
217,2017,Q1,96,1,0,0,0,0,1,0
217,2018,Q1,84,1,0,0,0,0,1,0
217,2019,Q1,72,1,0,0,1,0,0,0
217,2022,Q1,36,2,1,0,0,0,1,0
217,2024,Q1,12,1,1,0,0,0,0,0
site_id,Year,Quarter,Interval,Total Registered,Total Alive,Patient Died,Total Defaulted,Treatment Stopped,Patient transferred out,Unknown
218,2013,Q1,144,2,1,0,0,0,1,0
218,2015,Q1,120,2,0,0,2,0,0,0
218,2017,Q1,96,3,1,0,1,0,1,0
218,2019,Q1,72,1,1,0,0,0,0,0
218,2021,Q1,48,1,0,0,0,0,1,0
site_id,Year,Quarter,Interval,Total Registered,Total Alive,Patient Died,Total Defaulted,Treatment Stopped,Patient transferred out,Unknown
219,2016,Q1,108,1,0,0,0,0,1,0
219,2017,Q1,96,2,2,0,0,0,0,0
219,2019,Q1,72,1,1,0,0,0,0,0
219,2020,Q1,60,2,1,0,0,0,1,0
219,2022,Q1,36,1,0,0,0,0,1,0
219,2023,Q1,24,2,2,0,0,0,0,0
219,2024,Q1,12,1,0,0,0,0,1,0
site_id,Year,Quarter,Interval,Total Registered,Total Alive,Patient Died,Total Defaulted,Treatment Stopped,Patient transferred out,Unknown
21,2014,Q1,132,1,1,0,0,0,0,0
21,2015,Q1,120,5,3,0,0,0,2,0
21,2016,Q1,108,4,2,0,0,0,2,0
21,2017,Q1,96,3,3,0,0,0,0,0
21,2018,Q1,84,1,0,0,1,0,0,0
21,2019,Q1,72,3,1,0,1,0,1,0
21,2020,Q1,60,2,0,1,0,0,1,0
21,2023,Q1,24,3,3,0,0,0,0,0
site_id,Year,Quarter,Interval,Total Registered,Total Alive,Patient Died,Total Defaulted,Treatment Stopped,Patient transferred out,Unknown
220,2012,Q1,156,1,0,0,0,0,1,0
220,2013,Q1,144,2,1,0,0,0,1,0
220,2014,Q1,132,2,0,0,0,0,2,0
220,2016,Q1,108,2,0,0,0,0,2,0
220,2019,Q1,72,1,0,0,0,0,1,0
220,2020,Q1,60,1,1,0,0,0,0,0
220,2022,Q1,36,1,0,0,0,0,1,0
220,2023,Q1,24,1,1,0,0,0,0,0
site_id,Year,Quarter,Interval,Total Registered,Total Alive,Patient Died,Total Defaulted,Treatment Stopped,Patient transferred out,Unknown
221,2014,Q1,132,2,1,1,0,0,0,0
221,2015,Q1,120,2,0,1,0,0,1,0
221,2016,Q1,108,2,0,0,1,0,1,0
221,2020,Q1,60,3,2,0,0,0,1,0
221,2022,Q1,36,1,1,0,0,0,0,0
221,2023,Q1,24,2,0,0,0,0,2,0
221,2024,Q1,12,2,2,0,0,0,0,0
site_id,Year,Quarter,Interval,Total Registered,Total Alive,Patient Died,Total Defaulted,Treatment Stopped,Patient transferred out,Unknown
222,2013,Q1,144,2,0,1,0,0,1,0
222,2015,Q1,120,2,1,1,0,0,0,0
222,2016,Q1,108,4,1,1,0,1,1,0
222,2017,Q1,96,1,0,0,0,0,1,0
222,2018,Q1,84,1,0,0,0,0,1,0
222,2019,Q1,72,4,2,0,0,0,2,0
222,2020,Q1,60,2,2,0,0,0,0,0
222,2022,Q1,36,1,1,0,0,0,0,0
222,2024,Q1,12,2,1,1,0,0,0,0
site_id,Year,Quarter,Interval,Total Registered,Total Alive,Patient Died,Total Defaulted,Treatment Stopped,Patient transferred out,Unknown
223,2012,Q1,156,1,1,0,0,0,0,0
223,2014,Q1,132,1,1,0,0,0,0,0
223,2015,Q1,120,3,2,0,1,0,0,0
223,2016,Q1,108,1,0,0,0,0,1,0
223,2017,Q1,96,2,0,0,1,0,1,0
223,2018,Q1,84,1,0,1,0,0,0,0
223,2019,Q1,72,2,1,0,1,0,0,0
223,2020,Q1,60,4,1,1,0,0,2,0
223,2021,Q1,48,5,2,0,0,1,2,0
223,2022,Q1,36,2,1,0,0,0,1,0
223,2024,Q1,12,1,1,0,0,0,0,0
site_id,Year,Quarter,Interval,Total Registered,Total Alive,Patient Died,Total Defaulted,Treatment Stopped,Patient transferred out,Unknown
224,2014,Q1,132,2,1,0,0,0,1,0
224,2015,Q1,120,4,1,0,1,0,2,0
224,2016,Q1,108,1,0,1,0,0,0,0
224,2017,Q1,96,1,0,0,1,0,0,0
224,2018,Q1,84,1,1,0,0,0,0,0
224,2019,Q1,72,1,0,0,1,0,0,0
224,2022,Q1,36,1,0,0,0,0,1,0
224,2023,Q1,24,1,0,0,1,0,0,0
site_id,Year,Quarter,Interval,Total Registered,Total Alive,Patient Died,Total Defaulted,Treatment Stopped,Patient transferred out,Unknown
225,2012,Q1,156,1,0,0,0,0,1,0
225,2014,Q1,132,1,0,0,0,0,1,0
225,2015,Q1,120,2,0,1,0,0,1,0
225,2017,Q1,96,3,0,0,2,0,1,0
225,2019,Q1,72,2,0,0,1,1,0,0
225,2020,Q1,60,1,0,0,1,0,0,0
225,2021,Q1,48,1,0,0,1,0,0,0
225,2024,Q1,12,1,0,0,0,0,1,0
site_id,Year,Quarter,Interval,Total Registered,Total Alive,Patient Died,Total Defaulted,Treatment Stopped,Patient transferred out,Unknown
226,2012,Q1,156,1,0,0,0,0,1,0
226,2014,Q1,132,5,2,0,1,0,2,0
226,2015,Q1,120,1,1,0,0,0,0,0
226,2016,Q1,108,2,1,0,1,0,0,0
226,2017,Q1,96,1,1,0,0,0,0,0
226,2023,Q1,24,2,1,1,0,0,0,0
site_id,Year,Quarter,Interval,Total Registered,Total Alive,Patient Died,Total Defaulted,Treatment Stopped,Patient transferred out,Unknown
227,2012,Q1,156,1,0,0,0,0,1,0
227,2014,Q1,132,1,0,1,0,0,0,0
227,2016,Q1,108,1,0,0,1,0,0,0
227,2017,Q1,96,1,0,0,1,0,0,0
227,2018,Q1,84,1,0,1,0,0,0,0
227,2019,Q1,72,1,0,0,1,0,0,0
227,2021,Q1,48,3,2,0,1,0,0,0
227,2024,Q1,12,1,0,0,1,0,0,0
site_id,Year,Quarter,Interval,Total Registered,Total Alive,Patient Died,Total Defaulted,Treatment Stopped,Patient transferred out,Unknown
22,2013,Q1,144,5,3,0,1,0,1,0
22,2014,Q1,132,6,2,0,2,0,2,0
22,2015,Q1,120,5,3,0,1,0,1,0
22,2016,Q1,108,4,1,0,0,0,3,0
22,2017,Q1,96,5,2,1,2,0,0,0
22,2018,Q1,84,4,2,0,0,0,2,0
22,2019,Q1,72,2,1,0,0,0,1,0
22,2020,Q1,60,2,1,0,0,0,1,0
22,2021,Q1,48,6,5,1,0,0,0,0
22,2022,Q1,36,7,3,0,2,0,2,0
22,2023,Q1,24,8,7,0,1,0,0,0
22,2024,Q1,12,2,1,0,1,0,0,0
site_id,Year,Quarter,Interval,Total Registered,Total Alive,Patient Died,Total Defaulted,Treatment Stopped,Patient transferred out,Unknown
230,2015,Q1,120,1,0,0,0,0,1,0
230,2016,Q1,108,2,0,0,0,0,2,0
230,2017,Q1,96,3,0,2,0,0,1,0
230,2018,Q1,84,3,1,0,2,0,0,0
230,2019,Q1,72,3,1,0,1,0,1,0
230,2020,Q1,60,2,0,0,1,0,1,0
230,2021,Q1,48,4,1,0,1,0,2,0
230,2023,Q1,24,1,1,0,0,0,0,0
site_id,Year,Quarter,Interval,Total Registered,Total Alive,Patient Died,Total Defaulted,Treatment Stopped,Patient transferred out,Unknown
231,2012,Q1,156,1,0,0,1,0,0,0
231,2017,Q1,96,2,1,0,0,0,1,0
231,2018,Q1,84,1,0,0,1,0,0,0
231,2019,Q1,72,1,0,0,1,0,0,0
231,2020,Q1,60,1,0,0,0,0,1,0
231,2024,Q1,12,1,0,0,0,0,1,0
site_id,Year,Quarter,Interval,Total Registered,Total Alive,Patient Died,Total Defaulted,Treatment Stopped,Patient transferred out,Unknown
232,2016,Q1,108,2,0,0,2,0,0,0
232,2017,Q1,96,1,0,0,1,0,0,0
232,2019,Q1,72,1,0,0,1,0,0,0
232,2023,Q1,24,1,0,0,0,0,1,0
232,2024,Q1,12,1,1,0,0,0,0,0
site_id,Year,Quarter,Interval,Total Registered,Total Alive,Patient Died,Total Defaulted,Treatment Stopped,Patient transferred out,Unknown
233,2017,Q1,96,2,1,0,0,0,1,0
233,2021,Q1,48,3,1,1,1,0,0,0
233,2024,Q1,12,1,1,0,0,0,0,0
site_id,Year,Quarter,Interval,Total Registered,Total Alive,Patient Died,Total Defaulted,Treatment Stopped,Patient transferred out,Unknown
234,2013,Q1,144,1,0,0,0,0,1,0
234,2014,Q1,132,1,0,0,1,0,0,0
234,2015,Q1,120,1,0,0,1,0,0,0
234,2016,Q1,108,2,0,0,2,0,0,0
234,2017,Q1,96,1,0,0,0,0,1,0
234,2019,Q1,72,3,1,0,0,0,2,0
234,2021,Q1,48,2,0,0,2,0,0,0
234,2024,Q1,12,2,0,0,1,0,1,0
site_id,Year,Quarter,Interval,Total Registered,Total Alive,Patient Died,Total Defaulted,Treatment Stopped,Patient transferred out,Unknown
235,2010,Q1,180,1,0,0,1,0,0,0
235,2012,Q1,156,1,1,0,0,0,0,0
235,2013,Q1,144,3,2,0,0,1,0,0
235,2014,Q1,132,1,0,0,1,0,0,0
235,2015,Q1,120,1,1,0,0,0,0,0
235,2016,Q1,108,1,0,0,0,0,1,0
235,2017,Q1,96,1,0,0,0,1,0,0
235,2018,Q1,84,3,3,0,0,0,0,0
235,2019,Q1,72,2,1,0,0,0,1,0
235,2021,Q1,48,1,0,0,1,0,0,0
235,2024,Q1,12,2,2,0,0,0,0,0
site_id,Year,Quarter,Interval,Total Registered,Total Alive,Patient Died,Total Defaulted,Treatment Stopped,Patient transferred out,Unknown
239,2013,Q1,144,2,1,0,0,0,1,0
239,2014,Q1,132,1,0,0,0,0,1,0
239,2015,Q1,120,2,1,1,0,0,0,0
239,2016,Q1,108,1,0,0,0,0,1,0
239,2017,Q1,96,2,1,0,1,0,0,0
239,2018,Q1,84,1,0,0,1,0,0,0
239,2019,Q1,72,2,1,0,1,0,0,0
239,2020,Q1,60,3,2,0,0,0,1,0
239,2021,Q1,48,2,2,0,0,0,0,0
239,2022,Q1,36,1,1,0,0,0,0,0
239,2023,Q1,24,4,4,0,0,0,0,0
239,2024,Q1,12,1,1,0,0,0,0,0
site_id,Year,Quarter,Interval,Total Registered,Total Alive,Patient Died,Total Defaulted,Treatment Stopped,Patient transferred out,Unknown
23,2013,Q1,144,1,1,0,0,0,0,0
23,2016,Q1,108,1,0,0,1,0,0,0
23,2018,Q1,84,1,1,0,0,0,0,0
23,2024,Q1,12,1,0,0,1,0,0,0
site_id,Year,Quarter,Interval,Total Registered,Total Alive,Patient Died,Total Defaulted,Treatment Stopped,Patient transferred out,Unknown
240,2011,Q1,168,2,0,1,1,0,0,0
240,2012,Q1,156,2,0,0,2,0,0,0
240,2013,Q1,144,3,0,0,3,0,0,0
240,2015,Q1,120,4,2,0,2,0,0,0
240,2016,Q1,108,6,2,1,2,0,1,0
240,2017,Q1,96,6,4,0,1,0,1,0
240,2018,Q1,84,4,1,0,1,0,2,0
240,2020,Q1,60,2,1,0,0,0,1,0
240,2021,Q1,48,3,0,0,0,0,3,0
240,2023,Q1,24,1,0,0,0,0,1,0
240,2024,Q1,12,4,3,0,1,0,0,0
site_id,Year,Quarter,Interval,Total Registered,Total Alive,Patient Died,Total Defaulted,Treatment Stopped,Patient transferred out,Unknown
242,2011,Q1,168,1,0,0,1,0,0,0
242,2012,Q1,156,8,3,1,1,0,3,0
242,2013,Q1,144,12,8,0,0,0,4,0
242,2014,Q1,132,8,2,2,1,0,3,0
242,2015,Q1,120,4,1,0,2,0,1,0
242,2016,Q1,108,15,6,0,2,0,7,0
242,2017,Q1,96,11,8,2,0,0,1,0
242,2018,Q1,84,4,2,0,2,0,0,0
242,2019,Q1,72,11,6,1,2,0,2,0
242,2020,Q1,60,7,2,0,3,0,2,0
242,2021,Q1,48,11,4,0,5,0,2,0
242,2022,Q1,36,10,7,0,2,0,1,0
242,2023,Q1,24,5,4,1,0,0,0,0
242,2024,Q1,12,8,4,0,2,0,2,0
site_id,Year,Quarter,Interval,Total Registered,Total Alive,Patient Died,Total Defaulted,Treatment Stopped,Patient transferred out,Unknown
245,2017,Q1,96,1,0,0,1,0,0,0
245,2018,Q1,84,1,1,0,0,0,0,0
245,2019,Q1,72,2,0,1,1,0,0,0
245,2020,Q1,60,3,0,0,2,0,1,0
245,2022,Q1,36,2,1,0,1,0,0,0
245,2024,Q1,12,2,1,0,1,0,0,0
site_id,Year,Quarter,Interval,Total Registered,Total Alive,Patient Died,Total Defaulted,Treatment Stopped,Patient transferred out,Unknown
247,2012,Q1,156,1,1,0,0,0,0,0
247,2013,Q1,144,2,0,2,0,0,0,0
247,2015,Q1,120,1,1,0,0,0,0,0
247,2016,Q1,108,1,0,1,0,0,0,0
247,2017,Q1,96,2,2,0,0,0,0,0
247,2018,Q1,84,1,1,0,0,0,0,0
247,2021,Q1,48,1,0,0,0,0,1,0
247,2022,Q1,36,1,0,1,0,0,0,0
247,2023,Q1,24,1,0,0,0,0,1,0
247,2024,Q1,12,1,1,0,0,0,0,0
site_id,Year,Quarter,Interval,Total Registered,Total Alive,Patient Died,Total Defaulted,Treatment Stopped,Patient transferred out,Unknown
248,2013,Q1,144,6,3,1,2,0,0,0
248,2014,Q1,132,6,3,2,0,0,1,0
248,2015,Q1,120,5,3,0,2,0,0,0
248,2016,Q1,108,1,0,0,0,0,1,0
248,2017,Q1,96,4,1,0,1,0,2,0
248,2018,Q1,84,3,3,0,0,0,0,0
248,2019,Q1,72,3,2,0,0,0,1,0
248,2020,Q1,60,3,1,0,1,0,1,0
248,2021,Q1,48,3,0,0,1,0,2,0
248,2022,Q1,36,4,3,1,0,0,0,0
248,2024,Q1,12,2,2,0,0,0,0,0
site_id,Year,Quarter,Interval,Total Registered,Total Alive,Patient Died,Total Defaulted,Treatment Stopped,Patient transferred out,Unknown
251,2014,Q1,132,1,0,0,0,1,0,0
251,2015,Q1,120,2,0,1,0,0,1,0
251,2017,Q1,96,4,1,1,0,0,2,0
251,2019,Q1,72,1,0,1,0,0,0,0
251,2021,Q1,48,1,0,0,1,0,0,0
251,2023,Q1,24,1,1,0,0,0,0,0
251,2024,Q1,12,2,1,0,1,0,0,0
site_id,Year,Quarter,Interval,Total Registered,Total Alive,Patient Died,Total Defaulted,Treatment Stopped,Patient transferred out,Unknown
254,2012,Q1,156,11,4,1,3,0,3,0
254,2013,Q1,144,15,2,2,6,0,5,0
254,2014,Q1,132,14,5,1,2,1,5,0
254,2015,Q1,120,10,3,2,3,0,2,0
254,2016,Q1,108,8,0,0,5,0,3,0
254,2017,Q1,96,16,4,3,4,0,5,0
254,2018,Q1,84,14,2,1,7,0,4,0
254,2019,Q1,72,10,3,0,1,0,6,0
254,2020,Q1,60,9,3,1,3,0,2,0
254,2021,Q1,48,8,5,1,1,0,1,0
254,2022,Q1,36,10,5,0,2,0,3,0
254,2023,Q1,24,4,3,0,0,0,1,0
254,2024,Q1,12,13,11,0,0,0,2,0
site_id,Year,Quarter,Interval,Total Registered,Total Alive,Patient Died,Total Defaulted,Treatment Stopped,Patient transferred out,Unknown
257,2013,Q1,144,1,0,0,0,0,1,0
257,2014,Q1,132,6,3,0,2,1,0,0
257,2015,Q1,120,1,0,1,0,0,0,0
257,2016,Q1,108,3,0,0,2,0,1,0
257,2017,Q1,96,5,3,0,1,0,1,0
257,2018,Q1,84,3,1,0,1,0,1,0
257,2019,Q1,72,2,2,0,0,0,0,0
257,2020,Q1,60,2,1,1,0,0,0,0
257,2021,Q1,48,1,1,0,0,0,0,0
257,2022,Q1,36,1,0,0,0,0,1,0
257,2023,Q1,24,3,1,1,0,0,1,0
257,2024,Q1,12,2,1,0,1,0,0,0
site_id,Year,Quarter,Interval,Total Registered,Total Alive,Patient Died,Total Defaulted,Treatment Stopped,Patient transferred out,Unknown
258,2011,Q1,168,1,0,0,1,0,0,0
258,2013,Q1,144,1,1,0,0,0,0,0
258,2015,Q1,120,1,0,0,0,0,1,0
258,2017,Q1,96,2,0,0,1,0,1,0
258,2020,Q1,60,1,0,1,0,0,0,0
258,2022,Q1,36,1,1,0,0,0,0,0
site_id,Year,Quarter,Interval,Total Registered,Total Alive,Patient Died,Total Defaulted,Treatment Stopped,Patient transferred out,Unknown
260,2013,Q1,144,1,0,0,0,0,1,0
260,2014,Q1,132,1,0,0,0,0,1,0
260,2016,Q1,108,2,1,0,0,0,1,0
260,2017,Q1,96,3,1,0,1,0,1,0
260,2020,Q1,60,3,1,0,0,0,2,0
260,2021,Q1,48,1,1,0,0,0,0,0
260,2022,Q1,36,2,2,0,0,0,0,0
260,2023,Q1,24,1,0,0,1,0,0,0
site_id,Year,Quarter,Interval,Total Registered,Total Alive,Patient Died,Total Defaulted,Treatment Stopped,Patient transferred out,Unknown
261,2013,Q1,144,3,0,0,1,0,2,0
261,2014,Q1,132,1,0,0,1,0,0,0
261,2015,Q1,120,2,2,0,0,0,0,0
261,2016,Q1,108,9,5,0,0,1,3,0
261,2017,Q1,96,2,1,0,0,0,1,0
261,2018,Q1,84,4,2,1,0,0,1,0
261,2019,Q1,72,1,1,0,0,0,0,0
261,2020,Q1,60,1,1,0,0,0,0,0
261,2022,Q1,36,1,1,0,0,0,0,0
site_id,Year,Quarter,Interval,Total Registered,Total Alive,Patient Died,Total Defaulted,Treatment Stopped,Patient transferred out,Unknown
262,2012,Q1,156,2,0,1,1,0,0,0
262,2013,Q1,144,3,1,0,0,0,2,0
262,2014,Q1,132,12,1,8,1,0,2,0
262,2015,Q1,120,5,1,0,3,0,1,0
262,2016,Q1,108,5,2,1,2,0,0,0
262,2017,Q1,96,11,3,3,2,1,2,0
262,2018,Q1,84,12,3,2,4,0,3,0
262,2019,Q1,72,14,6,1,4,0,3,0
262,2020,Q1,60,7,5,0,2,0,0,0
262,2021,Q1,48,4,3,0,1,0,0,0
262,2022,Q1,36,11,6,0,2,0,3,0
262,2023,Q1,24,12,6,1,2,1,2,0
262,2024,Q1,12,5,2,0,2,0,1,0
site_id,Year,Quarter,Interval,Total Registered,Total Alive,Patient Died,Total Defaulted,Treatment Stopped,Patient transferred out,Unknown
263,2013,Q1,144,3,1,0,1,0,1,0
263,2014,Q1,132,2,0,0,1,0,1,0
263,2015,Q1,120,1,0,0,1,0,0,0
263,2016,Q1,108,1,1,0,0,0,0,0
263,2017,Q1,96,2,0,0,1,0,1,0
263,2018,Q1,84,1,0,0,1,0,0,0
263,2020,Q1,60,2,0,1,0,0,1,0
site_id,Year,Quarter,Interval,Total Registered,Total Alive,Patient Died,Total Defaulted,Treatment Stopped,Patient transferred out,Unknown
265,2011,Q1,168,3,1,0,0,0,2,0
265,2012,Q1,156,2,0,0,1,0,1,0
265,2013,Q1,144,8,0,0,2,0,6,0
265,2014,Q1,132,8,2,1,0,1,4,0
265,2015,Q1,120,4,0,1,1,0,2,0
265,2016,Q1,108,10,0,0,4,1,5,0
265,2017,Q1,96,16,1,1,2,2,10,0
265,2018,Q1,84,13,4,1,0,0,8,0
265,2019,Q1,72,5,0,1,0,0,4,0
265,2020,Q1,60,10,3,0,1,1,5,0
265,2021,Q1,48,3,1,0,0,0,2,0
265,2022,Q1,36,5,1,0,0,0,4,0
265,2023,Q1,24,3,0,0,1,0,2,0
265,2024,Q1,12,3,2,0,0,0,1,0
site_id,Year,Quarter,Interval,Total Registered,Total Alive,Patient Died,Total Defaulted,Treatment Stopped,Patient transferred out,Unknown
266,2011,Q1,168,1,0,0,0,0,1,0
266,2013,Q1,144,1,0,0,1,0,0,0
266,2014,Q1,132,3,2,1,0,0,0,0
266,2016,Q1,108,3,1,0,2,0,0,0
266,2018,Q1,84,4,0,0,3,0,1,0
266,2020,Q1,60,3,0,0,0,0,3,0
266,2021,Q1,48,1,1,0,0,0,0,0
266,2023,Q1,24,4,1,1,0,0,2,0
266,2024,Q1,12,1,0,0,1,0,0,0
site_id,Year,Quarter,Interval,Total Registered,Total Alive,Patient Died,Total Defaulted,Treatment Stopped,Patient transferred out,Unknown
267,2013,Q1,144,2,1,0,0,0,1,0
267,2014,Q1,132,2,1,0,0,0,1,0
267,2015,Q1,120,3,0,3,0,0,0,0
267,2016,Q1,108,2,1,1,0,0,0,0
267,2017,Q1,96,1,0,1,0,0,0,0
267,2018,Q1,84,3,2,0,0,0,1,0
267,2019,Q1,72,2,0,0,1,0,1,0
267,2021,Q1,48,1,0,0,0,0,1,0
site_id,Year,Quarter,Interval,Total Registered,Total Alive,Patient Died,Total Defaulted,Treatment Stopped,Patient transferred out,Unknown
268,2015,Q1,120,2,0,2,0,0,0,0
268,2016,Q1,108,1,1,0,0,0,0,0
268,2018,Q1,84,1,0,0,0,0,1,0
268,2022,Q1,36,2,0,0,0,0,2,0
site_id,Year,Quarter,Interval,Total Registered,Total Alive,Patient Died,Total Defaulted,Treatment Stopped,Patient transferred out,Unknown
271,2012,Q1,156,1,0,0,0,0,1,0
271,2013,Q1,144,2,0,1,0,0,1,0
271,2014,Q1,132,1,0,0,0,0,1,0
271,2015,Q1,120,1,0,0,0,0,1,0
271,2016,Q1,108,3,0,0,0,0,3,0
271,2017,Q1,96,2,2,0,0,0,0,0
271,2023,Q1,24,1,0,0,0,0,1,0
271,2024,Q1,12,1,1,0,0,0,0,0
site_id,Year,Quarter,Interval,Total Registered,Total Alive,Patient Died,Total Defaulted,Treatment Stopped,Patient transferred out,Unknown
272,2011,Q1,168,1,0,1,0,0,0,0
272,2012,Q1,156,4,0,3,0,1,0,0
272,2013,Q1,144,4,3,1,0,0,0,0
272,2014,Q1,132,4,3,1,0,0,0,0
272,2015,Q1,120,1,1,0,0,0,0,0
272,2016,Q1,108,11,7,2,0,0,2,0
272,2017,Q1,96,3,1,1,1,0,0,0
272,2018,Q1,84,4,1,1,1,0,1,0
272,2019,Q1,72,3,0,1,0,0,2,0
272,2020,Q1,60,1,0,0,0,1,0,0
272,2021,Q1,48,2,1,0,0,0,1,0
272,2022,Q1,36,1,1,0,0,0,0,0
272,2024,Q1,12,3,1,0,2,0,0,0
site_id,Year,Quarter,Interval,Total Registered,Total Alive,Patient Died,Total Defaulted,Treatment Stopped,Patient transferred out,Unknown
273,2014,Q1,132,1,0,0,1,0,0,0
site_id,Year,Quarter,Interval,Total Registered,Total Alive,Patient Died,Total Defaulted,Treatment Stopped,Patient transferred out,Unknown
274,2012,Q1,156,1,1,0,0,0,0,0
274,2015,Q1,120,1,1,0,0,0,0,0
274,2016,Q1,108,3,0,0,3,0,0,0
274,2017,Q1,96,3,2,0,0,0,1,0
274,2019,Q1,72,2,0,0,0,0,2,0
274,2020,Q1,60,1,0,0,0,0,1,0
274,2021,Q1,48,2,1,0,1,0,0,0
274,2022,Q1,36,1,0,0,1,0,0,0
274,2023,Q1,24,2,1,0,0,0,1,0
site_id,Year,Quarter,Interval,Total Registered,Total Alive,Patient Died,Total Defaulted,Treatment Stopped,Patient transferred out,Unknown
275,2011,Q1,168,2,0,1,0,0,1,0
275,2012,Q1,156,7,3,0,0,0,4,0
275,2013,Q1,144,7,1,0,0,0,6,0
275,2014,Q1,132,2,1,1,0,0,0,0
275,2015,Q1,120,10,4,0,0,0,6,0
275,2016,Q1,108,4,2,1,0,0,1,0
275,2017,Q1,96,8,6,0,0,0,2,0
275,2018,Q1,84,4,3,0,0,0,1,0
275,2019,Q1,72,1,1,0,0,0,0,0
275,2020,Q1,60,7,5,0,0,0,2,0
275,2021,Q1,48,1,0,0,0,0,1,0
275,2022,Q1,36,1,1,0,0,0,0,0
275,2023,Q1,24,2,0,0,1,0,1,0
275,2024,Q1,12,3,3,0,0,0,0,0
site_id,Year,Quarter,Interval,Total Registered,Total Alive,Patient Died,Total Defaulted,Treatment Stopped,Patient transferred out,Unknown
276,2016,Q1,108,1,0,0,1,0,0,0
276,2020,Q1,60,1,0,0,1,0,0,0
276,2022,Q1,36,1,0,0,0,0,1,0
276,2023,Q1,24,1,1,0,0,0,0,0
site_id,Year,Quarter,Interval,Total Registered,Total Alive,Patient Died,Total Defaulted,Treatment Stopped,Patient transferred out,Unknown
277,2014,Q1,132,2,0,0,2,0,0,0
277,2018,Q1,84,1,1,0,0,0,0,0
277,2022,Q1,36,1,1,0,0,0,0,0
site_id,Year,Quarter,Interval,Total Registered,Total Alive,Patient Died,Total Defaulted,Treatment Stopped,Patient transferred out,Unknown
278,2012,Q1,156,5,2,0,1,0,2,0
278,2013,Q1,144,4,1,0,2,0,1,0
278,2014,Q1,132,5,0,1,1,1,2,0
278,2015,Q1,120,7,2,1,3,0,1,0
278,2016,Q1,108,13,3,2,3,0,5,0
278,2017,Q1,96,10,4,2,0,0,4,0
278,2018,Q1,84,14,5,0,1,1,7,0
278,2019,Q1,72,18,7,1,5,0,5,0
278,2020,Q1,60,5,1,0,2,0,2,0
278,2021,Q1,48,4,1,1,2,0,0,0
278,2022,Q1,36,3,2,0,0,0,1,0
278,2023,Q1,24,4,2,0,0,0,2,0
278,2024,Q1,12,8,4,1,1,0,2,0
site_id,Year,Quarter,Interval,Total Registered,Total Alive,Patient Died,Total Defaulted,Treatment Stopped,Patient transferred out,Unknown
279,2012,Q1,156,1,1,0,0,0,0,0
279,2015,Q1,120,5,2,0,0,0,3,0
279,2016,Q1,108,4,3,0,0,0,1,0
279,2017,Q1,96,2,1,0,0,0,1,0
279,2018,Q1,84,4,1,0,0,0,3,0
279,2019,Q1,72,4,1,0,2,0,1,0
279,2020,Q1,60,1,1,0,0,0,0,0
279,2021,Q1,48,1,1,0,0,0,0,0
279,2022,Q1,36,4,1,0,2,0,1,0
279,2023,Q1,24,2,2,0,0,0,0,0
279,2024,Q1,12,2,2,0,0,0,0,0
site_id,Year,Quarter,Interval,Total Registered,Total Alive,Patient Died,Total Defaulted,Treatment Stopped,Patient transferred out,Unknown
27,2012,Q1,156,2,1,0,0,0,1,0
27,2013,Q1,144,2,0,0,0,0,2,0
27,2014,Q1,132,1,0,0,0,0,1,0
27,2015,Q1,120,3,2,0,0,0,1,0
27,2016,Q1,108,6,3,0,0,0,3,0
27,2017,Q1,96,2,0,0,1,0,1,0
27,2019,Q1,72,2,0,0,0,0,2,0
27,2020,Q1,60,4,1,1,0,0,2,0
27,2021,Q1,48,1,0,0,0,0,1,0
27,2023,Q1,24,2,0,1,0,0,1,0
27,2024,Q1,12,2,0,0,1,0,1,0
site_id,Year,Quarter,Interval,Total Registered,Total Alive,Patient Died,Total Defaulted,Treatment Stopped,Patient transferred out,Unknown
282,2014,Q1,132,1,0,0,1,0,0,0
282,2016,Q1,108,2,2,0,0,0,0,0
282,2017,Q1,96,2,0,0,1,0,1,0
282,2018,Q1,84,2,0,0,1,0,1,0
282,2019,Q1,72,1,0,0,1,0,0,0
282,2022,Q1,36,3,1,0,2,0,0,0
282,2024,Q1,12,1,0,0,1,0,0,0
site_id,Year,Quarter,Interval,Total Registered,Total Alive,Patient Died,Total Defaulted,Treatment Stopped,Patient transferred out,Unknown
283,2013,Q1,144,2,1,0,1,0,0,0
283,2014,Q1,132,1,0,0,0,0,1,0
283,2015,Q1,120,3,0,0,0,0,3,0
283,2016,Q1,108,4,0,0,1,0,3,0
283,2017,Q1,96,1,0,0,1,0,0,0
283,2018,Q1,84,4,1,0,2,0,1,0
283,2019,Q1,72,3,0,0,2,0,1,0
283,2020,Q1,60,4,1,1,0,1,1,0
283,2021,Q1,48,3,1,0,0,0,2,0
283,2022,Q1,36,1,0,1,0,0,0,0
283,2023,Q1,24,2,1,0,0,0,1,0
site_id,Year,Quarter,Interval,Total Registered,Total Alive,Patient Died,Total Defaulted,Treatment Stopped,Patient transferred out,Unknown
284,2012,Q1,156,1,0,1,0,0,0,0
284,2015,Q1,120,1,1,0,0,0,0,0
284,2016,Q1,108,1,0,0,1,0,0,0
284,2017,Q1,96,3,2,0,0,0,1,0
284,2018,Q1,84,1,1,0,0,0,0,0
284,2019,Q1,72,3,1,0,2,0,0,0
284,2022,Q1,36,1,0,1,0,0,0,0
284,2023,Q1,24,1,1,0,0,0,0,0
284,2024,Q1,12,1,0,0,0,0,1,0
site_id,Year,Quarter,Interval,Total Registered,Total Alive,Patient Died,Total Defaulted,Treatment Stopped,Patient transferred out,Unknown
285,2012,Q1,156,4,1,1,0,0,2,0
285,2013,Q1,144,1,1,0,0,0,0,0
285,2015,Q1,120,1,1,0,0,0,0,0
285,2016,Q1,108,3,1,0,0,1,1,0
285,2017,Q1,96,5,2,1,0,1,1,0
285,2018,Q1,84,3,2,1,0,0,0,0
285,2019,Q1,72,2,0,0,0,0,2,0
285,2020,Q1,60,4,3,0,0,0,1,0
285,2021,Q1,48,5,3,0,1,0,1,0
285,2022,Q1,36,1,0,0,0,0,1,0
285,2023,Q1,24,1,0,0,0,0,1,0
285,2024,Q1,12,3,2,0,0,0,1,0
site_id,Year,Quarter,Interval,Total Registered,Total Alive,Patient Died,Total Defaulted,Treatment Stopped,Patient transferred out,Unknown
288,2012,Q1,156,1,0,1,0,0,0,0
288,2014,Q1,132,2,0,1,1,0,0,0
288,2015,Q1,120,1,0,0,0,0,1,0
288,2016,Q1,108,2,1,1,0,0,0,0
288,2018,Q1,84,3,0,1,1,0,1,0
288,2019,Q1,72,4,1,1,0,0,2,0
288,2020,Q1,60,4,2,0,1,0,1,0
288,2021,Q1,48,2,1,0,1,0,0,0
288,2022,Q1,36,3,1,0,0,1,1,0
288,2023,Q1,24,1,0,0,0,0,1,0
288,2024,Q1,12,1,1,0,0,0,0,0
site_id,Year,Quarter,Interval,Total Registered,Total Alive,Patient Died,Total Defaulted,Treatment Stopped,Patient transferred out,Unknown
289,2011,Q1,168,3,2,0,0,0,1,0
289,2012,Q1,156,3,1,0,0,0,2,0
289,2013,Q1,144,5,2,1,0,0,2,0
289,2014,Q1,132,3,1,0,1,0,1,0
289,2015,Q1,120,8,5,0,0,0,3,0
289,2016,Q1,108,8,2,1,0,0,5,0
289,2017,Q1,96,7,1,0,2,0,4,0
289,2018,Q1,84,18,5,4,1,0,8,0
289,2019,Q1,72,5,1,1,0,0,3,0
289,2020,Q1,60,7,3,1,1,0,2,0
289,2021,Q1,48,1,0,0,0,0,1,0
289,2022,Q1,36,4,3,0,0,0,1,0
289,2023,Q1,24,3,2,0,1,0,0,0
289,2024,Q1,12,5,3,1,0,0,1,0
site_id,Year,Quarter,Interval,Total Registered,Total Alive,Patient Died,Total Defaulted,Treatment Stopped,Patient transferred out,Unknown
28,2013,Q1,144,2,0,1,0,1,0,0
28,2014,Q1,132,2,0,1,1,0,0,0
28,2015,Q1,120,2,1,0,1,0,0,0
28,2016,Q1,108,6,4,1,0,0,1,0
28,2018,Q1,84,1,0,0,1,0,0,0
28,2020,Q1,60,3,1,0,1,0,1,0
28,2021,Q1,48,3,2,0,1,0,0,0
28,2022,Q1,36,2,1,0,1,0,0,0
28,2024,Q1,12,1,0,0,1,0,0,0
site_id,Year,Quarter,Interval,Total Registered,Total Alive,Patient Died,Total Defaulted,Treatment Stopped,Patient transferred out,Unknown
293,2011,Q1,168,1,0,1,0,0,0,0
293,2012,Q1,156,11,2,1,4,0,4,0
293,2013,Q1,144,4,1,0,2,0,1,0
293,2014,Q1,132,8,3,0,2,0,3,0
293,2015,Q1,120,9,0,1,4,0,4,0
293,2016,Q1,108,9,2,2,2,0,3,0
293,2017,Q1,96,11,5,1,2,1,2,0
293,2018,Q1,84,6,4,1,1,0,0,0
293,2019,Q1,72,7,0,0,2,1,4,0
293,2020,Q1,60,10,1,1,3,0,5,0
293,2021,Q1,48,7,2,0,2,0,3,0
293,2022,Q1,36,11,7,1,1,0,2,0
293,2023,Q1,24,5,2,0,2,0,1,0
293,2024,Q1,12,8,5,0,0,0,3,0
site_id,Year,Quarter,Interval,Total Registered,Total Alive,Patient Died,Total Defaulted,Treatment Stopped,Patient transferred out,Unknown
299,2011,Q1,168,2,1,0,1,0,0,0
299,2012,Q1,156,8,2,1,3,0,2,0
299,2013,Q1,144,14,5,0,5,0,4,0
299,2014,Q1,132,8,3,0,1,0,4,0
299,2015,Q1,120,14,3,1,8,0,2,0
299,2016,Q1,108,10,4,0,4,0,2,0
299,2017,Q1,96,13,4,0,8,0,1,0
299,2018,Q1,84,17,7,0,8,0,2,0
299,2019,Q1,72,22,5,1,8,1,7,0
299,2020,Q1,60,14,1,0,8,0,5,0
299,2021,Q1,48,10,4,1,0,0,5,0
299,2022,Q1,36,7,4,0,0,0,3,0
299,2023,Q1,24,9,6,0,1,0,2,0
299,2024,Q1,12,16,11,0,2,0,3,0
site_id,Year,Quarter,Interval,Total Registered,Total Alive,Patient Died,Total Defaulted,Treatment Stopped,Patient transferred out,Unknown
29,2013,Q1,144,2,0,0,0,0,2,0
29,2015,Q1,120,2,1,0,1,0,0,0
29,2017,Q1,96,2,1,0,0,0,1,0
29,2018,Q1,84,3,0,1,0,0,2,0
29,2019,Q1,72,3,0,0,0,0,3,0
29,2021,Q1,48,1,0,0,0,0,1,0
29,2022,Q1,36,1,0,0,0,0,1,0
29,2023,Q1,24,1,1,0,0,0,0,0
29,2024,Q1,12,2,1,0,0,1,0,0
site_id,Year,Quarter,Interval,Total Registered,Total Alive,Patient Died,Total Defaulted,Treatment Stopped,Patient transferred out,Unknown
300,2015,Q1,120,2,2,0,0,0,0,0
300,2017,Q1,96,1,0,0,1,0,0,0
300,2018,Q1,84,1,0,0,1,0,0,0
300,2020,Q1,60,1,0,0,1,0,0,0
300,2021,Q1,48,2,0,0,2,0,0,0
300,2023,Q1,24,1,0,0,0,0,1,0
site_id,Year,Quarter,Interval,Total Registered,Total Alive,Patient Died,Total Defaulted,Treatment Stopped,Patient transferred out,Unknown
301,2012,Q1,156,1,0,0,0,0,1,0
301,2013,Q1,144,8,2,0,4,0,2,0
301,2014,Q1,132,5,1,0,4,0,0,0
301,2015,Q1,120,4,1,0,2,0,1,0
301,2016,Q1,108,4,0,0,3,0,1,0
301,2017,Q1,96,3,1,0,2,0,0,0
301,2018,Q1,84,6,3,0,3,0,0,0
301,2019,Q1,72,9,5,0,2,1,1,0
301,2020,Q1,60,1,1,0,0,0,0,0
301,2021,Q1,48,4,3,0,0,0,1,0
301,2023,Q1,24,1,1,0,0,0,0,0
301,2024,Q1,12,2,1,0,0,0,1,0
site_id,Year,Quarter,Interval,Total Registered,Total Alive,Patient Died,Total Defaulted,Treatment Stopped,Patient transferred out,Unknown
303,2012,Q1,156,1,0,0,0,0,1,0
303,2013,Q1,144,1,0,0,0,0,1,0
303,2014,Q1,132,1,1,0,0,0,0,0
303,2017,Q1,96,2,1,0,0,0,1,0
303,2018,Q1,84,1,0,0,0,0,1,0
303,2019,Q1,72,1,1,0,0,0,0,0
303,2022,Q1,36,1,0,0,0,0,1,0
303,2023,Q1,24,1,1,0,0,0,0,0
site_id,Year,Quarter,Interval,Total Registered,Total Alive,Patient Died,Total Defaulted,Treatment Stopped,Patient transferred out,Unknown
304,2012,Q1,156,1,0,0,1,0,0,0
304,2017,Q1,96,1,0,0,0,0,1,0
304,2018,Q1,84,1,1,0,0,0,0,0
304,2019,Q1,72,2,0,2,0,0,0,0
304,2021,Q1,48,1,1,0,0,0,0,0
304,2022,Q1,36,1,0,0,0,0,1,0
304,2023,Q1,24,1,1,0,0,0,0,0
304,2024,Q1,12,1,0,0,1,0,0,0
site_id,Year,Quarter,Interval,Total Registered,Total Alive,Patient Died,Total Defaulted,Treatment Stopped,Patient transferred out,Unknown
305,2012,Q1,156,2,2,0,0,0,0,0
305,2013,Q1,144,2,1,0,1,0,0,0
305,2014,Q1,132,1,1,0,0,0,0,0
305,2015,Q1,120,2,2,0,0,0,0,0
305,2016,Q1,108,3,3,0,0,0,0,0
305,2019,Q1,72,1,0,0,0,0,1,0
305,2020,Q1,60,1,0,0,0,0,1,0
305,2021,Q1,48,3,2,0,0,0,1,0
305,2023,Q1,24,2,0,1,0,1,0,0
305,2024,Q1,12,3,3,0,0,0,0,0
site_id,Year,Quarter,Interval,Total Registered,Total Alive,Patient Died,Total Defaulted,Treatment Stopped,Patient transferred out,Unknown
306,2011,Q1,168,2,0,0,1,0,1,0
306,2014,Q1,132,2,0,0,0,0,2,0
306,2015,Q1,120,2,2,0,0,0,0,0
306,2016,Q1,108,3,2,0,0,0,1,0
306,2017,Q1,96,4,0,0,0,1,3,0
306,2018,Q1,84,1,0,0,0,0,1,0
306,2019,Q1,72,4,3,0,0,0,1,0
306,2020,Q1,60,2,0,0,1,0,1,0
306,2021,Q1,48,2,1,1,0,0,0,0
306,2022,Q1,36,2,0,1,1,0,0,0
306,2024,Q1,12,3,2,0,1,0,0,0
site_id,Year,Quarter,Interval,Total Registered,Total Alive,Patient Died,Total Defaulted,Treatment Stopped,Patient transferred out,Unknown
307,2012,Q1,156,5,1,2,1,0,1,0
307,2013,Q1,144,2,0,1,0,0,1,0
307,2014,Q1,132,2,1,0,1,0,0,0
307,2016,Q1,108,5,3,1,0,0,1,0
307,2017,Q1,96,2,0,0,0,0,2,0
307,2018,Q1,84,1,0,0,0,0,1,0
307,2019,Q1,72,1,0,0,0,0,1,0
307,2020,Q1,60,1,1,0,0,0,0,0
307,2022,Q1,36,1,0,0,0,0,1,0
307,2023,Q1,24,1,0,0,1,0,0,0
307,2024,Q1,12,2,1,0,0,0,1,0
site_id,Year,Quarter,Interval,Total Registered,Total Alive,Patient Died,Total Defaulted,Treatment Stopped,Patient transferred out,Unknown
308,2012,Q1,156,3,0,0,0,2,1,0
308,2013,Q1,144,4,0,0,1,3,0,0
308,2015,Q1,120,2,0,1,0,0,1,0
308,2016,Q1,108,2,1,0,1,0,0,0
308,2017,Q1,96,2,2,0,0,0,0,0
308,2018,Q1,84,4,0,0,2,1,1,0
308,2019,Q1,72,5,0,1,1,0,3,0
308,2020,Q1,60,2,1,0,1,0,0,0
308,2021,Q1,48,1,0,0,1,0,0,0
308,2022,Q1,36,3,1,1,0,0,1,0
308,2023,Q1,24,3,3,0,0,0,0,0
308,2024,Q1,12,3,1,0,1,0,1,0
site_id,Year,Quarter,Interval,Total Registered,Total Alive,Patient Died,Total Defaulted,Treatment Stopped,Patient transferred out,Unknown
309,2011,Q1,168,1,0,1,0,0,0,0
309,2012,Q1,156,1,0,1,0,0,0,0
309,2013,Q1,144,5,0,3,0,0,2,0
309,2014,Q1,132,2,2,0,0,0,0,0
309,2015,Q1,120,1,0,0,0,0,1,0
309,2016,Q1,108,2,2,0,0,0,0,0
309,2017,Q1,96,3,2,0,0,0,1,0
309,2018,Q1,84,2,0,0,1,0,1,0
309,2019,Q1,72,3,2,0,0,0,1,0
309,2020,Q1,60,1,0,1,0,0,0,0
309,2022,Q1,36,1,1,0,0,0,0,0
309,2024,Q1,12,1,1,0,0,0,0,0
site_id,Year,Quarter,Interval,Total Registered,Total Alive,Patient Died,Total Defaulted,Treatment Stopped,Patient transferred out,Unknown
30,2012,Q1,156,1,0,0,0,0,1,0
30,2013,Q1,144,1,1,0,0,0,0,0
30,2014,Q1,132,2,1,0,0,0,1,0
30,2015,Q1,120,1,1,0,0,0,0,0
30,2016,Q1,108,1,0,0,1,0,0,0
30,2017,Q1,96,3,1,1,1,0,0,0
30,2018,Q1,84,4,1,0,0,0,3,0
30,2019,Q1,72,2,0,0,0,0,2,0
30,2020,Q1,60,5,2,0,2,0,1,0
30,2021,Q1,48,1,1,0,0,0,0,0
30,2023,Q1,24,3,0,0,3,0,0,0
30,2024,Q1,12,2,2,0,0,0,0,0
site_id,Year,Quarter,Interval,Total Registered,Total Alive,Patient Died,Total Defaulted,Treatment Stopped,Patient transferred out,Unknown
310,2011,Q1,168,1,1,0,0,0,0,0
310,2012,Q1,156,1,1,0,0,0,0,0
310,2013,Q1,144,2,0,1,1,0,0,0
310,2014,Q1,132,1,1,0,0,0,0,0
310,2015,Q1,120,2,1,0,0,1,0,0
310,2016,Q1,108,1,0,0,0,0,1,0
310,2017,Q1,96,3,2,1,0,0,0,0
310,2018,Q1,84,4,2,1,0,0,1,0
310,2019,Q1,72,2,2,0,0,0,0,0
310,2021,Q1,48,3,0,0,1,0,2,0
310,2022,Q1,36,1,0,0,1,0,0,0
site_id,Year,Quarter,Interval,Total Registered,Total Alive,Patient Died,Total Defaulted,Treatment Stopped,Patient transferred out,Unknown
311,2012,Q1,156,1,1,0,0,0,0,0
311,2014,Q1,132,2,1,0,0,0,1,0
311,2016,Q1,108,2,1,1,0,0,0,0
311,2017,Q1,96,2,2,0,0,0,0,0
311,2018,Q1,84,1,1,0,0,0,0,0
311,2019,Q1,72,2,0,0,1,0,1,0
311,2020,Q1,60,1,0,0,1,0,0,0
311,2022,Q1,36,2,0,2,0,0,0,0
311,2023,Q1,24,1,1,0,0,0,0,0
311,2024,Q1,12,1,0,0,0,0,1,0
site_id,Year,Quarter,Interval,Total Registered,Total Alive,Patient Died,Total Defaulted,Treatment Stopped,Patient transferred out,Unknown
312,2012,Q1,156,1,0,0,0,0,1,0
312,2013,Q1,144,1,0,0,0,0,1,0
312,2014,Q1,132,3,1,1,0,0,1,0
312,2015,Q1,120,5,1,1,0,0,3,0
312,2016,Q1,108,3,1,1,1,0,0,0
312,2017,Q1,96,2,1,1,0,0,0,0
312,2018,Q1,84,3,0,1,0,0,2,0
312,2019,Q1,72,7,0,0,0,0,7,0
312,2020,Q1,60,7,4,0,1,0,2,0
312,2021,Q1,48,1,0,1,0,0,0,0
312,2022,Q1,36,3,2,0,0,0,1,0
312,2023,Q1,24,1,0,0,0,0,1,0
312,2024,Q1,12,1,1,0,0,0,0,0
site_id,Year,Quarter,Interval,Total Registered,Total Alive,Patient Died,Total Defaulted,Treatment Stopped,Patient transferred out,Unknown
313,2012,Q1,156,1,1,0,0,0,0,0
313,2013,Q1,144,1,0,0,0,0,1,0
313,2014,Q1,132,3,3,0,0,0,0,0
313,2015,Q1,120,2,2,0,0,0,0,0
313,2016,Q1,108,3,1,1,1,0,0,0
313,2017,Q1,96,3,0,0,2,0,1,0
313,2018,Q1,84,1,1,0,0,0,0,0
313,2019,Q1,72,2,0,0,0,0,2,0
313,2020,Q1,60,6,0,0,0,0,6,0
313,2022,Q1,36,1,0,0,0,0,1,0
313,2023,Q1,24,1,1,0,0,0,0,0
313,2024,Q1,12,2,1,1,0,0,0,0
site_id,Year,Quarter,Interval,Total Registered,Total Alive,Patient Died,Total Defaulted,Treatment Stopped,Patient transferred out,Unknown
314,2012,Q1,156,1,1,0,0,0,0,0
314,2013,Q1,144,3,1,0,0,0,2,0
314,2014,Q1,132,3,2,0,0,0,1,0
314,2015,Q1,120,3,1,0,0,0,2,0
314,2016,Q1,108,7,3,1,0,0,3,0
314,2017,Q1,96,4,2,0,0,0,2,0
314,2018,Q1,84,8,1,1,3,0,3,0
314,2019,Q1,72,7,4,0,2,0,1,0
314,2020,Q1,60,7,2,2,1,0,2,0
314,2021,Q1,48,3,3,0,0,0,0,0
314,2022,Q1,36,6,5,0,0,0,1,0
314,2023,Q1,24,4,3,0,0,0,1,0
314,2024,Q1,12,4,4,0,0,0,0,0
site_id,Year,Quarter,Interval,Total Registered,Total Alive,Patient Died,Total Defaulted,Treatment Stopped,Patient transferred out,Unknown
315,2017,Q1,96,2,0,0,1,0,1,0
315,2022,Q1,36,1,1,0,0,0,0,0
site_id,Year,Quarter,Interval,Total Registered,Total Alive,Patient Died,Total Defaulted,Treatment Stopped,Patient transferred out,Unknown
316,2013,Q1,144,1,0,1,0,0,0,0
316,2014,Q1,132,1,1,0,0,0,0,0
316,2016,Q1,108,1,0,0,0,0,1,0
316,2017,Q1,96,3,0,1,0,0,2,0
316,2018,Q1,84,1,1,0,0,0,0,0
316,2020,Q1,60,1,0,0,0,0,1,0
316,2022,Q1,36,1,1,0,0,0,0,0
316,2023,Q1,24,1,1,0,0,0,0,0
site_id,Year,Quarter,Interval,Total Registered,Total Alive,Patient Died,Total Defaulted,Treatment Stopped,Patient transferred out,Unknown
317,2023,Q1,24,1,0,0,1,0,0,0
317,2024,Q1,12,2,1,0,0,0,1,0
site_id,Year,Quarter,Interval,Total Registered,Total Alive,Patient Died,Total Defaulted,Treatment Stopped,Patient transferred out,Unknown
318,2015,Q1,120,1,0,0,0,1,0,0
318,2017,Q1,96,2,1,0,1,0,0,0
318,2018,Q1,84,4,1,1,0,2,0,0
318,2019,Q1,72,1,0,0,0,0,1,0
318,2020,Q1,60,1,0,0,0,0,1,0
318,2022,Q1,36,1,0,1,0,0,0,0
318,2023,Q1,24,1,1,0,0,0,0,0
318,2024,Q1,12,1,1,0,0,0,0,0
site_id,Year,Quarter,Interval,Total Registered,Total Alive,Patient Died,Total Defaulted,Treatment Stopped,Patient transferred out,Unknown
31,2013,Q1,144,2,1,0,0,0,1,0
31,2017,Q1,96,1,0,1,0,0,0,0
31,2018,Q1,84,2,2,0,0,0,0,0
31,2019,Q1,72,2,0,0,1,0,1,0
31,2023,Q1,24,1,0,0,1,0,0,0
site_id,Year,Quarter,Interval,Total Registered,Total Alive,Patient Died,Total Defaulted,Treatment Stopped,Patient transferred out,Unknown
320,2020,Q1,60,1,0,0,1,0,0,0
320,2024,Q1,12,1,0,0,1,0,0,0
site_id,Year,Quarter,Interval,Total Registered,Total Alive,Patient Died,Total Defaulted,Treatment Stopped,Patient transferred out,Unknown
321,2012,Q1,156,2,1,0,1,0,0,0
321,2016,Q1,108,2,1,0,0,0,1,0
321,2017,Q1,96,2,1,0,0,0,1,0
321,2018,Q1,84,1,0,0,0,0,1,0
321,2021,Q1,48,1,0,0,0,0,1,0
321,2022,Q1,36,1,1,0,0,0,0,0
site_id,Year,Quarter,Interval,Total Registered,Total Alive,Patient Died,Total Defaulted,Treatment Stopped,Patient transferred out,Unknown
322,2013,Q1,144,2,2,0,0,0,0,0
322,2015,Q1,120,1,0,0,0,0,1,0
322,2018,Q1,84,1,0,0,0,1,0,0
322,2022,Q1,36,2,0,0,0,0,2,0
322,2024,Q1,12,1,0,0,0,0,1,0
site_id,Year,Quarter,Interval,Total Registered,Total Alive,Patient Died,Total Defaulted,Treatment Stopped,Patient transferred out,Unknown
323,2013,Q1,144,1,0,0,1,0,0,0
323,2015,Q1,120,1,0,0,0,0,1,0
323,2017,Q1,96,1,0,0,1,0,0,0
323,2023,Q1,24,2,2,0,0,0,0,0
323,2024,Q1,12,2,1,0,0,0,1,0
site_id,Year,Quarter,Interval,Total Registered,Total Alive,Patient Died,Total Defaulted,Treatment Stopped,Patient transferred out,Unknown
325,2022,Q1,36,1,1,0,0,0,0,0
325,2024,Q1,12,1,0,0,0,0,1,0
site_id,Year,Quarter,Interval,Total Registered,Total Alive,Patient Died,Total Defaulted,Treatment Stopped,Patient transferred out,Unknown
328,2011,Q1,168,7,1,3,2,0,1,0
328,2012,Q1,156,10,1,1,4,0,4,0
328,2013,Q1,144,16,3,2,5,0,6,0
328,2014,Q1,132,25,7,1,10,0,7,0
328,2015,Q1,120,31,13,2,10,0,6,0
328,2016,Q1,108,30,7,2,17,0,4,0
328,2017,Q1,96,27,11,2,10,0,4,0
328,2018,Q1,84,26,11,1,9,0,5,0
328,2019,Q1,72,17,8,0,6,0,3,0
328,2020,Q1,60,23,6,0,13,0,4,0
328,2021,Q1,48,17,8,0,5,0,4,0
328,2022,Q1,36,18,7,1,4,0,6,0
328,2023,Q1,24,13,6,0,3,0,4,0
328,2024,Q1,12,10,7,1,1,0,1,0
site_id,Year,Quarter,Interval,Total Registered,Total Alive,Patient Died,Total Defaulted,Treatment Stopped,Patient transferred out,Unknown
32,2016,Q1,108,1,0,0,1,0,0,0
site_id,Year,Quarter,Interval,Total Registered,Total Alive,Patient Died,Total Defaulted,Treatment Stopped,Patient transferred out,Unknown
330,2013,Q1,144,3,1,1,0,0,1,0
330,2014,Q1,132,1,0,1,0,0,0,0
330,2015,Q1,120,3,1,0,2,0,0,0
330,2016,Q1,108,2,0,2,0,0,0,0
330,2017,Q1,96,4,0,0,3,0,1,0
330,2018,Q1,84,5,1,0,4,0,0,0
330,2019,Q1,72,1,1,0,0,0,0,0
330,2020,Q1,60,2,1,0,0,0,1,0
330,2022,Q1,36,1,1,0,0,0,0,0
330,2023,Q1,24,1,1,0,0,0,0,0
330,2024,Q1,12,1,0,0,0,0,1,0
site_id,Year,Quarter,Interval,Total Registered,Total Alive,Patient Died,Total Defaulted,Treatment Stopped,Patient transferred out,Unknown
332,2015,Q1,120,1,0,0,1,0,0,0
332,2016,Q1,108,1,0,1,0,0,0,0
332,2017,Q1,96,3,1,0,2,0,0,0
332,2019,Q1,72,1,1,0,0,0,0,0
332,2023,Q1,24,1,0,0,1,0,0,0
site_id,Year,Quarter,Interval,Total Registered,Total Alive,Patient Died,Total Defaulted,Treatment Stopped,Patient transferred out,Unknown
334,2012,Q1,156,2,0,0,1,0,1,0
334,2013,Q1,144,3,2,1,0,0,0,0
334,2014,Q1,132,3,3,0,0,0,0,0
334,2015,Q1,120,1,0,0,0,0,1,0
334,2017,Q1,96,3,1,0,0,0,2,0
334,2018,Q1,84,3,1,0,0,0,2,0
334,2019,Q1,72,3,1,1,1,0,0,0
334,2020,Q1,60,4,3,0,0,0,1,0
334,2021,Q1,48,3,1,0,0,0,2,0
334,2022,Q1,36,2,2,0,0,0,0,0
334,2023,Q1,24,1,1,0,0,0,0,0
334,2024,Q1,12,4,3,1,0,0,0,0
site_id,Year,Quarter,Interval,Total Registered,Total Alive,Patient Died,Total Defaulted,Treatment Stopped,Patient transferred out,Unknown
335,2011,Q1,168,1,0,0,0,0,1,0
335,2013,Q1,144,1,1,0,0,0,0,0
335,2014,Q1,132,1,0,0,0,0,1,0
335,2015,Q1,120,1,1,0,0,0,0,0
335,2016,Q1,108,3,1,0,0,0,2,0
335,2018,Q1,84,2,0,0,1,0,1,0
335,2019,Q1,72,2,0,0,0,0,2,0
335,2021,Q1,48,2,1,0,0,0,1,0
335,2022,Q1,36,3,0,0,1,0,2,0
335,2023,Q1,24,2,1,0,0,0,1,0
335,2024,Q1,12,1,0,0,1,0,0,0
site_id,Year,Quarter,Interval,Total Registered,Total Alive,Patient Died,Total Defaulted,Treatment Stopped,Patient transferred out,Unknown
336,2013,Q1,144,1,0,1,0,0,0,0
336,2014,Q1,132,2,2,0,0,0,0,0
336,2015,Q1,120,3,0,2,1,0,0,0
336,2016,Q1,108,3,2,0,1,0,0,0
336,2017,Q1,96,2,2,0,0,0,0,0
336,2018,Q1,84,4,1,0,1,0,2,0
336,2019,Q1,72,2,1,1,0,0,0,0
336,2020,Q1,60,4,3,1,0,0,0,0
336,2021,Q1,48,5,1,0,1,0,3,0
336,2022,Q1,36,1,0,0,0,0,1,0
336,2023,Q1,24,1,1,0,0,0,0,0
336,2024,Q1,12,6,2,0,1,1,2,0
site_id,Year,Quarter,Interval,Total Registered,Total Alive,Patient Died,Total Defaulted,Treatment Stopped,Patient transferred out,Unknown
338,2011,Q1,168,1,1,0,0,0,0,0
338,2012,Q1,156,1,0,1,0,0,0,0
338,2013,Q1,144,1,0,0,0,0,1,0
338,2014,Q1,132,1,0,0,0,0,1,0
338,2015,Q1,120,2,0,0,0,0,2,0
338,2016,Q1,108,4,2,0,2,0,0,0
338,2017,Q1,96,1,1,0,0,0,0,0
338,2018,Q1,84,2,1,0,0,0,1,0
338,2020,Q1,60,5,4,0,1,0,0,0
338,2021,Q1,48,3,1,0,0,0,2,0
338,2022,Q1,36,3,2,0,0,0,1,0
338,2023,Q1,24,1,0,0,1,0,0,0
338,2024,Q1,12,1,1,0,0,0,0,0
site_id,Year,Quarter,Interval,Total Registered,Total Alive,Patient Died,Total Defaulted,Treatment Stopped,Patient transferred out,Unknown
339,2011,Q1,168,2,0,0,0,0,2,0
339,2012,Q1,156,2,0,0,2,0,0,0
339,2014,Q1,132,2,0,0,2,0,0,0
339,2016,Q1,108,6,1,1,1,0,3,0
339,2017,Q1,96,9,6,1,0,0,2,0
339,2018,Q1,84,4,0,1,1,0,2,0
339,2019,Q1,72,3,0,1,2,0,0,0
339,2020,Q1,60,4,1,0,1,0,2,0
339,2021,Q1,48,1,0,0,0,1,0,0
339,2022,Q1,36,3,2,0,0,0,1,0
339,2023,Q1,24,1,1,0,0,0,0,0
339,2024,Q1,12,1,0,0,1,0,0,0
site_id,Year,Quarter,Interval,Total Registered,Total Alive,Patient Died,Total Defaulted,Treatment Stopped,Patient transferred out,Unknown
33,2013,Q1,144,1,1,0,0,0,0,0
33,2014,Q1,132,1,1,0,0,0,0,0
33,2016,Q1,108,1,1,0,0,0,0,0
33,2017,Q1,96,2,2,0,0,0,0,0
33,2018,Q1,84,1,1,0,0,0,0,0
33,2019,Q1,72,2,1,1,0,0,0,0
33,2020,Q1,60,1,0,0,0,0,1,0
33,2022,Q1,36,1,1,0,0,0,0,0
33,2023,Q1,24,2,1,0,0,0,1,0
33,2024,Q1,12,1,1,0,0,0,0,0
site_id,Year,Quarter,Interval,Total Registered,Total Alive,Patient Died,Total Defaulted,Treatment Stopped,Patient transferred out,Unknown
340,2012,Q1,156,1,1,0,0,0,0,0
340,2015,Q1,120,2,2,0,0,0,0,0
340,2017,Q1,96,3,1,0,0,0,2,0
340,2019,Q1,72,4,2,0,1,0,1,0
340,2020,Q1,60,1,1,0,0,0,0,0
340,2021,Q1,48,1,1,0,0,0,0,0
340,2022,Q1,36,1,1,0,0,0,0,0
340,2024,Q1,12,1,0,0,0,0,1,0
site_id,Year,Quarter,Interval,Total Registered,Total Alive,Patient Died,Total Defaulted,Treatment Stopped,Patient transferred out,Unknown
343,2012,Q1,156,5,2,0,2,0,1,0
343,2013,Q1,144,2,0,0,2,0,0,0
343,2014,Q1,132,6,2,0,2,0,2,0
343,2015,Q1,120,10,7,1,2,0,0,0
343,2016,Q1,108,6,3,0,1,0,2,0
343,2017,Q1,96,7,2,1,2,0,2,0
343,2018,Q1,84,5,2,0,3,0,0,0
343,2019,Q1,72,5,4,0,1,0,0,0
343,2020,Q1,60,7,6,0,1,0,0,0
343,2021,Q1,48,4,3,0,1,0,0,0
343,2022,Q1,36,5,5,0,0,0,0,0
343,2023,Q1,24,8,7,1,0,0,0,0
343,2024,Q1,12,6,4,1,1,0,0,0
site_id,Year,Quarter,Interval,Total Registered,Total Alive,Patient Died,Total Defaulted,Treatment Stopped,Patient transferred out,Unknown
344,2012,Q1,156,2,0,2,0,0,0,0
344,2014,Q1,132,1,1,0,0,0,0,0
344,2015,Q1,120,1,0,0,0,0,1,0
344,2017,Q1,96,1,0,0,0,0,1,0
344,2018,Q1,84,2,0,1,0,0,1,0
344,2019,Q1,72,2,0,0,0,0,2,0
344,2024,Q1,12,1,0,0,0,0,1,0
site_id,Year,Quarter,Interval,Total Registered,Total Alive,Patient Died,Total Defaulted,Treatment Stopped,Patient transferred out,Unknown
345,2013,Q1,144,5,1,1,0,0,3,0
345,2014,Q1,132,2,2,0,0,0,0,0
345,2015,Q1,120,4,1,3,0,0,0,0
345,2016,Q1,108,2,2,0,0,0,0,0
345,2017,Q1,96,4,3,0,0,0,1,0
345,2018,Q1,84,3,2,0,0,0,1,0
345,2019,Q1,72,2,2,0,0,0,0,0
345,2020,Q1,60,6,4,0,0,1,1,0
345,2021,Q1,48,6,3,0,1,1,1,0
345,2022,Q1,36,2,1,0,0,0,1,0
345,2023,Q1,24,5,2,1,0,1,1,0
345,2024,Q1,12,3,2,0,0,0,1,0
site_id,Year,Quarter,Interval,Total Registered,Total Alive,Patient Died,Total Defaulted,Treatment Stopped,Patient transferred out,Unknown
346,2012,Q1,156,3,3,0,0,0,0,0
346,2013,Q1,144,4,2,1,1,0,0,0
346,2014,Q1,132,1,0,0,0,0,1,0
346,2015,Q1,120,2,2,0,0,0,0,0
346,2016,Q1,108,6,3,1,1,0,1,0
346,2017,Q1,96,2,2,0,0,0,0,0
346,2018,Q1,84,2,1,0,0,0,1,0
346,2019,Q1,72,4,2,1,1,0,0,0
346,2020,Q1,60,3,1,0,0,0,2,0
346,2021,Q1,48,2,0,0,0,0,2,0
346,2022,Q1,36,3,1,0,0,1,1,0
346,2023,Q1,24,2,1,1,0,0,0,0
346,2024,Q1,12,8,7,0,0,0,1,0
site_id,Year,Quarter,Interval,Total Registered,Total Alive,Patient Died,Total Defaulted,Treatment Stopped,Patient transferred out,Unknown
34,2011,Q1,168,2,1,1,0,0,0,0
34,2012,Q1,156,8,1,1,2,0,4,0
34,2013,Q1,144,1,0,0,1,0,0,0
34,2014,Q1,132,3,2,0,0,0,1,0
34,2015,Q1,120,11,3,2,3,0,3,0
34,2016,Q1,108,10,5,0,2,0,3,0
34,2017,Q1,96,7,4,0,1,0,2,0
34,2018,Q1,84,16,11,1,2,0,2,0
34,2019,Q1,72,5,1,0,1,0,3,0
34,2020,Q1,60,10,4,0,2,0,4,0
34,2021,Q1,48,10,4,2,0,0,4,0
34,2022,Q1,36,7,4,0,2,0,1,0
34,2023,Q1,24,10,6,0,3,0,1,0
34,2024,Q1,12,5,4,0,0,0,1,0
site_id,Year,Quarter,Interval,Total Registered,Total Alive,Patient Died,Total Defaulted,Treatment Stopped,Patient transferred out,Unknown
350,2013,Q1,144,1,0,1,0,0,0,0
350,2015,Q1,120,1,0,0,0,0,1,0
350,2018,Q1,84,1,1,0,0,0,0,0
350,2020,Q1,60,1,0,0,1,0,0,0
350,2023,Q1,24,1,1,0,0,0,0,0
site_id,Year,Quarter,Interval,Total Registered,Total Alive,Patient Died,Total Defaulted,Treatment Stopped,Patient transferred out,Unknown
351,2012,Q1,156,1,0,0,0,0,1,0
351,2014,Q1,132,1,0,0,0,0,1,0
351,2016,Q1,108,2,0,0,1,0,1,0
351,2020,Q1,60,1,0,0,0,0,1,0
351,2024,Q1,12,2,1,0,1,0,0,0
site_id,Year,Quarter,Interval,Total Registered,Total Alive,Patient Died,Total Defaulted,Treatment Stopped,Patient transferred out,Unknown
352,2012,Q1,156,2,2,0,0,0,0,0
352,2013,Q1,144,1,1,0,0,0,0,0
352,2014,Q1,132,2,0,1,0,0,1,0
352,2015,Q1,120,2,1,0,1,0,0,0
352,2016,Q1,108,3,0,1,1,0,1,0
352,2017,Q1,96,6,3,1,1,0,1,0
352,2018,Q1,84,5,3,2,0,0,0,0
352,2019,Q1,72,5,1,3,0,0,1,0
352,2020,Q1,60,1,0,0,0,0,1,0
352,2022,Q1,36,3,3,0,0,0,0,0
352,2023,Q1,24,1,0,0,0,0,1,0
352,2024,Q1,12,2,1,0,0,0,1,0
site_id,Year,Quarter,Interval,Total Registered,Total Alive,Patient Died,Total Defaulted,Treatment Stopped,Patient transferred out,Unknown
354,2013,Q1,144,4,2,2,0,0,0,0
354,2014,Q1,132,3,2,1,0,0,0,0
354,2015,Q1,120,1,0,0,0,0,1,0
354,2016,Q1,108,3,0,1,0,0,2,0
354,2017,Q1,96,4,1,1,0,0,2,0
354,2018,Q1,84,7,4,2,0,0,1,0
354,2019,Q1,72,3,1,0,1,0,1,0
354,2020,Q1,60,2,0,0,0,0,2,0
354,2022,Q1,36,1,1,0,0,0,0,0
354,2023,Q1,24,2,2,0,0,0,0,0
354,2024,Q1,12,2,1,0,1,0,0,0
site_id,Year,Quarter,Interval,Total Registered,Total Alive,Patient Died,Total Defaulted,Treatment Stopped,Patient transferred out,Unknown
355,2013,Q1,144,4,1,0,0,0,3,0
355,2014,Q1,132,2,0,0,0,0,2,0
355,2017,Q1,96,3,2,0,0,0,1,0
355,2019,Q1,72,2,1,0,0,0,1,0
355,2021,Q1,48,3,2,0,0,0,1,0
355,2023,Q1,24,1,1,0,0,0,0,0
site_id,Year,Quarter,Interval,Total Registered,Total Alive,Patient Died,Total Defaulted,Treatment Stopped,Patient transferred out,Unknown
356,2017,Q1,96,1,0,0,1,0,0,0
356,2021,Q1,48,2,0,0,2,0,0,0
356,2022,Q1,36,1,1,0,0,0,0,0
site_id,Year,Quarter,Interval,Total Registered,Total Alive,Patient Died,Total Defaulted,Treatment Stopped,Patient transferred out,Unknown
357,2012,Q1,156,2,1,0,0,0,1,0
357,2013,Q1,144,4,1,0,3,0,0,0
357,2014,Q1,132,4,0,0,1,0,3,0
357,2015,Q1,120,3,0,1,1,0,1,0
357,2016,Q1,108,1,1,0,0,0,0,0
357,2017,Q1,96,4,3,0,0,0,1,0
357,2018,Q1,84,1,1,0,0,0,0,0
357,2019,Q1,72,2,0,0,1,0,1,0
357,2020,Q1,60,2,1,0,0,0,1,0
357,2021,Q1,48,4,2,0,1,0,1,0
357,2023,Q1,24,1,1,0,0,0,0,0
357,2024,Q1,12,1,1,0,0,0,0,0
site_id,Year,Quarter,Interval,Total Registered,Total Alive,Patient Died,Total Defaulted,Treatment Stopped,Patient transferred out,Unknown
359,2011,Q1,168,1,0,1,0,0,0,0
359,2012,Q1,156,19,5,3,5,0,6,0
359,2013,Q1,144,13,4,0,4,2,3,0
359,2014,Q1,132,16,7,3,4,0,2,0
359,2015,Q1,120,14,5,2,4,0,3,0
359,2016,Q1,108,9,3,1,3,0,2,0
359,2017,Q1,96,24,6,1,8,1,8,0
359,2018,Q1,84,23,6,2,5,1,9,0
359,2019,Q1,72,26,9,0,10,0,7,0
359,2020,Q1,60,26,9,2,7,0,8,0
359,2021,Q1,48,18,8,1,5,0,4,0
359,2022,Q1,36,24,8,2,4,0,10,0
359,2023,Q1,24,15,3,0,3,0,9,0
359,2024,Q1,12,20,7,0,8,0,5,0
site_id,Year,Quarter,Interval,Total Registered,Total Alive,Patient Died,Total Defaulted,Treatment Stopped,Patient transferred out,Unknown
362,2013,Q1,144,5,2,0,0,0,3,0
362,2014,Q1,132,2,0,0,2,0,0,0
362,2015,Q1,120,4,2,0,1,0,1,0
362,2016,Q1,108,8,2,2,1,0,3,0
362,2017,Q1,96,5,2,0,2,0,1,0
362,2018,Q1,84,7,4,1,1,0,1,0
362,2019,Q1,72,5,2,0,2,0,1,0
362,2020,Q1,60,4,3,0,0,0,1,0
362,2021,Q1,48,5,1,1,0,0,3,0
362,2022,Q1,36,3,0,0,0,1,2,0
362,2023,Q1,24,3,2,0,1,0,0,0
362,2024,Q1,12,1,0,0,1,0,0,0
site_id,Year,Quarter,Interval,Total Registered,Total Alive,Patient Died,Total Defaulted,Treatment Stopped,Patient transferred out,Unknown
363,2015,Q1,120,1,1,0,0,0,0,0
363,2019,Q1,72,1,1,0,0,0,0,0
363,2020,Q1,60,1,0,0,0,0,1,0
363,2023,Q1,24,1,1,0,0,0,0,0
site_id,Year,Quarter,Interval,Total Registered,Total Alive,Patient Died,Total Defaulted,Treatment Stopped,Patient transferred out,Unknown
364,2013,Q1,144,1,0,1,0,0,0,0
364,2014,Q1,132,2,0,1,1,0,0,0
364,2015,Q1,120,2,1,0,0,0,1,0
364,2016,Q1,108,1,0,0,0,0,1,0
364,2017,Q1,96,3,0,0,1,0,2,0
364,2019,Q1,72,2,1,0,0,0,1,0
364,2022,Q1,36,1,0,0,0,0,1,0
364,2023,Q1,24,3,0,0,0,0,3,0
364,2024,Q1,12,4,4,0,0,0,0,0
site_id,Year,Quarter,Interval,Total Registered,Total Alive,Patient Died,Total Defaulted,Treatment Stopped,Patient transferred out,Unknown
366,2011,Q1,168,1,1,0,0,0,0,0
366,2013,Q1,144,2,1,0,0,0,1,0
366,2014,Q1,132,1,0,0,0,0,1,0
366,2016,Q1,108,3,1,0,0,0,2,0
366,2017,Q1,96,2,1,0,0,0,1,0
366,2018,Q1,84,1,0,1,0,0,0,0
366,2020,Q1,60,2,2,0,0,0,0,0
366,2021,Q1,48,2,1,0,1,0,0,0
366,2022,Q1,36,1,1,0,0,0,0,0
366,2023,Q1,24,2,1,0,0,0,1,0
366,2024,Q1,12,4,3,1,0,0,0,0
site_id,Year,Quarter,Interval,Total Registered,Total Alive,Patient Died,Total Defaulted,Treatment Stopped,Patient transferred out,Unknown
367,2011,Q1,168,2,1,0,0,0,1,0
367,2012,Q1,156,2,0,1,1,0,0,0
367,2013,Q1,144,3,1,1,1,0,0,0
367,2014,Q1,132,3,2,0,0,0,1,0
367,2015,Q1,120,4,1,1,1,0,1,0
367,2016,Q1,108,2,1,0,1,0,0,0
367,2017,Q1,96,1,0,0,1,0,0,0
367,2018,Q1,84,3,2,0,1,0,0,0
367,2020,Q1,60,2,0,1,0,0,1,0
367,2021,Q1,48,3,1,1,1,0,0,0
367,2022,Q1,36,1,0,0,0,0,1,0
367,2023,Q1,24,1,0,1,0,0,0,0
site_id,Year,Quarter,Interval,Total Registered,Total Alive,Patient Died,Total Defaulted,Treatment Stopped,Patient transferred out,Unknown
368,2013,Q1,144,1,0,0,1,0,0,0
368,2014,Q1,132,2,2,0,0,0,0,0
368,2017,Q1,96,2,1,1,0,0,0,0
368,2020,Q1,60,1,0,0,0,0,1,0
368,2024,Q1,12,2,2,0,0,0,0,0
site_id,Year,Quarter,Interval,Total Registered,Total Alive,Patient Died,Total Defaulted,Treatment Stopped,Patient transferred out,Unknown
369,2012,Q1,156,5,0,2,2,0,1,0
369,2014,Q1,132,2,1,0,1,0,0,0
369,2015,Q1,120,5,1,2,1,0,1,0
369,2016,Q1,108,4,1,0,3,0,0,0
369,2017,Q1,96,3,2,0,0,0,1,0
369,2018,Q1,84,6,4,0,1,0,1,0
369,2019,Q1,72,2,1,0,0,1,0,0
369,2020,Q1,60,2,1,0,1,0,0,0
369,2021,Q1,48,2,1,0,0,0,1,0
369,2022,Q1,36,1,1,0,0,0,0,0
369,2023,Q1,24,2,1,0,0,0,1,0
369,2024,Q1,12,1,1,0,0,0,0,0
site_id,Year,Quarter,Interval,Total Registered,Total Alive,Patient Died,Total Defaulted,Treatment Stopped,Patient transferred out,Unknown
36,2012,Q1,156,3,1,1,0,0,1,0
36,2013,Q1,144,3,0,0,0,0,3,0
36,2015,Q1,120,4,1,1,1,0,1,0
36,2016,Q1,108,3,0,0,1,0,2,0
36,2017,Q1,96,7,1,2,1,0,3,0
36,2018,Q1,84,5,0,1,0,0,4,0
36,2019,Q1,72,3,0,0,0,0,3,0
36,2020,Q1,60,4,1,1,0,0,2,0
36,2022,Q1,36,2,0,0,0,0,2,0
36,2023,Q1,24,1,1,0,0,0,0,0
36,2024,Q1,12,1,1,0,0,0,0,0
site_id,Year,Quarter,Interval,Total Registered,Total Alive,Patient Died,Total Defaulted,Treatment Stopped,Patient transferred out,Unknown
370,2013,Q1,144,5,2,0,2,0,1,0
370,2014,Q1,132,1,0,1,0,0,0,0
370,2015,Q1,120,4,1,0,3,0,0,0
370,2016,Q1,108,7,4,0,2,0,1,0
370,2017,Q1,96,3,2,1,0,0,0,0
370,2018,Q1,84,3,0,0,2,0,1,0
370,2019,Q1,72,4,1,0,1,0,2,0
370,2020,Q1,60,4,0,0,2,0,2,0
370,2021,Q1,48,1,1,0,0,0,0,0
370,2022,Q1,36,4,1,0,2,0,1,0
370,2023,Q1,24,3,2,0,0,0,1,0
370,2024,Q1,12,2,2,0,0,0,0,0
site_id,Year,Quarter,Interval,Total Registered,Total Alive,Patient Died,Total Defaulted,Treatment Stopped,Patient transferred out,Unknown
371,2014,Q1,132,1,0,1,0,0,0,0
371,2016,Q1,108,1,0,0,0,0,1,0
371,2017,Q1,96,1,0,1,0,0,0,0
371,2021,Q1,48,1,1,0,0,0,0,0
371,2022,Q1,36,2,0,1,0,0,1,0
site_id,Year,Quarter,Interval,Total Registered,Total Alive,Patient Died,Total Defaulted,Treatment Stopped,Patient transferred out,Unknown
373,2012,Q1,156,1,0,1,0,0,0,0
373,2014,Q1,132,1,0,1,0,0,0,0
373,2015,Q1,120,1,0,1,0,0,0,0
373,2017,Q1,96,1,0,1,0,0,0,0
373,2018,Q1,84,2,0,1,1,0,0,0
373,2019,Q1,72,1,1,0,0,0,0,0
373,2020,Q1,60,1,0,0,0,0,1,0
373,2021,Q1,48,1,0,0,0,0,1,0
373,2023,Q1,24,1,1,0,0,0,0,0
site_id,Year,Quarter,Interval,Total Registered,Total Alive,Patient Died,Total Defaulted,Treatment Stopped,Patient transferred out,Unknown
374,2012,Q1,156,4,2,0,1,0,1,0
374,2013,Q1,144,1,0,0,1,0,0,0
374,2014,Q1,132,5,0,0,3,0,2,0
374,2015,Q1,120,4,1,0,3,0,0,0
374,2016,Q1,108,2,0,0,2,0,0,0
374,2017,Q1,96,4,2,0,1,0,1,0
374,2018,Q1,84,11,2,0,7,0,2,0
374,2019,Q1,72,5,2,0,0,0,3,0
374,2020,Q1,60,2,2,0,0,0,0,0
374,2021,Q1,48,8,5,2,0,0,1,0
374,2022,Q1,36,3,1,0,1,0,1,0
374,2023,Q1,24,6,4,0,1,0,1,0
374,2024,Q1,12,9,4,1,2,0,2,0
site_id,Year,Quarter,Interval,Total Registered,Total Alive,Patient Died,Total Defaulted,Treatment Stopped,Patient transferred out,Unknown
375,2011,Q1,168,6,3,0,2,0,1,0
375,2012,Q1,156,3,0,0,2,1,0,0
375,2013,Q1,144,1,0,0,0,0,1,0
375,2014,Q1,132,3,1,0,0,0,2,0
375,2015,Q1,120,3,1,0,0,0,2,0
375,2016,Q1,108,3,1,0,0,0,2,0
375,2017,Q1,96,2,1,0,0,0,1,0
375,2019,Q1,72,2,0,0,0,0,2,0
375,2020,Q1,60,3,0,0,2,1,0,0
375,2021,Q1,48,1,0,0,0,0,1,0
375,2022,Q1,36,4,1,0,2,0,1,0
375,2023,Q1,24,1,1,0,0,0,0,0
375,2024,Q1,12,3,1,0,2,0,0,0
site_id,Year,Quarter,Interval,Total Registered,Total Alive,Patient Died,Total Defaulted,Treatment Stopped,Patient transferred out,Unknown
376,2012,Q1,156,1,1,0,0,0,0,0
376,2013,Q1,144,7,5,0,1,1,0,0
376,2014,Q1,132,14,9,2,0,0,3,0
376,2016,Q1,108,4,0,1,1,0,2,0
376,2017,Q1,96,2,2,0,0,0,0,0
376,2018,Q1,84,6,3,0,1,0,2,0
376,2019,Q1,72,4,3,0,0,0,1,0
376,2020,Q1,60,9,4,1,1,0,3,0
376,2021,Q1,48,5,4,0,0,0,1,0
376,2022,Q1,36,3,3,0,0,0,0,0
376,2023,Q1,24,1,1,0,0,0,0,0
376,2024,Q1,12,1,1,0,0,0,0,0
site_id,Year,Quarter,Interval,Total Registered,Total Alive,Patient Died,Total Defaulted,Treatment Stopped,Patient transferred out,Unknown
378,2023,Q1,24,1,0,0,1,0,0,0
site_id,Year,Quarter,Interval,Total Registered,Total Alive,Patient Died,Total Defaulted,Treatment Stopped,Patient transferred out,Unknown
379,2016,Q1,108,1,1,0,0,0,0,0
379,2017,Q1,96,1,1,0,0,0,0,0
379,2018,Q1,84,1,1,0,0,0,0,0
379,2019,Q1,72,2,1,0,1,0,0,0
379,2020,Q1,60,1,0,0,1,0,0,0
379,2021,Q1,48,1,0,0,1,0,0,0
379,2022,Q1,36,1,1,0,0,0,0,0
379,2023,Q1,24,1,1,0,0,0,0,0
379,2024,Q1,12,2,2,0,0,0,0,0
site_id,Year,Quarter,Interval,Total Registered,Total Alive,Patient Died,Total Defaulted,Treatment Stopped,Patient transferred out,Unknown
37,2014,Q1,132,1,0,0,0,0,1,0
37,2017,Q1,96,4,2,0,1,0,1,0
37,2019,Q1,72,1,0,0,0,0,1,0
37,2020,Q1,60,1,0,0,0,0,1,0
37,2021,Q1,48,1,0,0,0,0,1,0
37,2022,Q1,36,1,0,0,0,0,1,0
37,2023,Q1,24,1,1,0,0,0,0,0
37,2024,Q1,12,1,1,0,0,0,0,0
site_id,Year,Quarter,Interval,Total Registered,Total Alive,Patient Died,Total Defaulted,Treatment Stopped,Patient transferred out,Unknown
380,2012,Q1,156,1,0,1,0,0,0,0
380,2014,Q1,132,2,0,1,0,0,1,0
380,2015,Q1,120,2,1,0,0,0,1,0
380,2016,Q1,108,2,0,0,1,0,1,0
380,2017,Q1,96,2,1,0,1,0,0,0
380,2018,Q1,84,2,1,0,1,0,0,0
380,2020,Q1,60,2,2,0,0,0,0,0
380,2021,Q1,48,1,0,0,1,0,0,0
380,2022,Q1,36,3,2,0,0,0,1,0
380,2023,Q1,24,1,1,0,0,0,0,0
380,2024,Q1,12,2,1,0,0,0,1,0
site_id,Year,Quarter,Interval,Total Registered,Total Alive,Patient Died,Total Defaulted,Treatment Stopped,Patient transferred out,Unknown
382,2013,Q1,144,5,3,1,0,0,1,0
382,2014,Q1,132,1,0,0,0,0,1,0
382,2015,Q1,120,3,0,0,0,0,3,0
382,2016,Q1,108,2,0,0,2,0,0,0
382,2017,Q1,96,4,1,1,0,0,2,0
382,2018,Q1,84,6,2,0,1,1,2,0
382,2019,Q1,72,6,4,0,0,0,2,0
382,2020,Q1,60,1,1,0,0,0,0,0
382,2021,Q1,48,7,6,0,0,0,1,0
382,2023,Q1,24,3,2,0,0,0,1,0
382,2024,Q1,12,2,2,0,0,0,0,0
site_id,Year,Quarter,Interval,Total Registered,Total Alive,Patient Died,Total Defaulted,Treatment Stopped,Patient transferred out,Unknown
383,2012,Q1,156,2,1,0,0,0,1,0
383,2013,Q1,144,4,3,0,1,0,0,0
383,2014,Q1,132,2,0,1,0,0,1,0
383,2015,Q1,120,2,1,0,0,0,1,0
383,2016,Q1,108,4,3,0,0,0,1,0
383,2019,Q1,72,2,0,0,0,0,2,0
383,2020,Q1,60,1,0,0,0,0,1,0
383,2021,Q1,48,2,0,0,0,0,2,0
383,2023,Q1,24,1,0,0,1,0,0,0
383,2024,Q1,12,3,2,0,0,0,1,0
site_id,Year,Quarter,Interval,Total Registered,Total Alive,Patient Died,Total Defaulted,Treatment Stopped,Patient transferred out,Unknown
384,2012,Q1,156,3,0,0,1,0,2,0
384,2013,Q1,144,1,0,0,1,0,0,0
384,2014,Q1,132,1,1,0,0,0,0,0
384,2015,Q1,120,1,0,0,1,0,0,0
384,2018,Q1,84,1,0,0,0,0,1,0
384,2019,Q1,72,2,1,0,1,0,0,0
384,2020,Q1,60,5,2,0,1,0,2,0
384,2021,Q1,48,1,0,0,1,0,0,0
384,2022,Q1,36,1,0,0,0,0,1,0
384,2023,Q1,24,2,1,0,1,0,0,0
384,2024,Q1,12,3,1,0,0,0,2,0
site_id,Year,Quarter,Interval,Total Registered,Total Alive,Patient Died,Total Defaulted,Treatment Stopped,Patient transferred out,Unknown
385,2012,Q1,156,1,1,0,0,0,0,0
385,2017,Q1,96,1,1,0,0,0,0,0
385,2019,Q1,72,1,0,0,1,0,0,0
385,2020,Q1,60,2,0,0,0,0,2,0
385,2022,Q1,36,1,0,0,1,0,0,0
385,2023,Q1,24,3,1,0,2,0,0,0
385,2024,Q1,12,2,0,0,2,0,0,0
site_id,Year,Quarter,Interval,Total Registered,Total Alive,Patient Died,Total Defaulted,Treatment Stopped,Patient transferred out,Unknown
387,2018,Q1,84,4,1,0,1,1,1,0
387,2019,Q1,72,2,0,0,0,0,2,0
387,2021,Q1,48,1,0,0,0,0,1,0
387,2023,Q1,24,1,0,0,1,0,0,0
site_id,Year,Quarter,Interval,Total Registered,Total Alive,Patient Died,Total Defaulted,Treatment Stopped,Patient transferred out,Unknown
388,2013,Q1,144,2,0,0,2,0,0,0
388,2015,Q1,120,1,0,0,0,0,1,0
388,2016,Q1,108,1,0,0,1,0,0,0
388,2019,Q1,72,1,0,0,0,0,1,0
site_id,Year,Quarter,Interval,Total Registered,Total Alive,Patient Died,Total Defaulted,Treatment Stopped,Patient transferred out,Unknown
389,2012,Q1,156,5,2,0,1,1,1,0
389,2013,Q1,144,1,0,0,1,0,0,0
389,2014,Q1,132,5,0,0,4,0,1,0
389,2015,Q1,120,1,0,0,0,0,1,0
389,2016,Q1,108,7,3,0,3,0,1,0
389,2017,Q1,96,3,1,0,0,0,2,0
389,2018,Q1,84,9,3,1,4,0,1,0
389,2019,Q1,72,7,5,0,1,0,1,0
389,2020,Q1,60,4,1,0,1,0,2,0
389,2021,Q1,48,3,0,0,1,0,2,0
389,2022,Q1,36,5,3,0,0,0,2,0
389,2023,Q1,24,3,2,1,0,0,0,0
389,2024,Q1,12,2,2,0,0,0,0,0
site_id,Year,Quarter,Interval,Total Registered,Total Alive,Patient Died,Total Defaulted,Treatment Stopped,Patient transferred out,Unknown
390,2012,Q1,156,3,0,0,1,0,2,0
390,2013,Q1,144,3,0,0,1,0,2,0
390,2014,Q1,132,4,2,1,0,0,1,0
390,2015,Q1,120,4,2,1,0,0,1,0
390,2016,Q1,108,4,1,1,0,0,2,0
390,2017,Q1,96,5,1,0,2,0,2,0
390,2018,Q1,84,2,0,0,1,0,1,0
390,2019,Q1,72,4,2,0,1,0,1,0
390,2020,Q1,60,3,0,1,2,0,0,0
390,2021,Q1,48,1,1,0,0,0,0,0
390,2022,Q1,36,3,1,0,1,0,1,0
390,2023,Q1,24,1,1,0,0,0,0,0
390,2024,Q1,12,3,2,0,1,0,0,0
site_id,Year,Quarter,Interval,Total Registered,Total Alive,Patient Died,Total Defaulted,Treatment Stopped,Patient transferred out,Unknown
391,2013,Q1,144,1,1,0,0,0,0,0
391,2016,Q1,108,2,0,0,1,0,1,0
391,2018,Q1,84,1,0,0,1,0,0,0
391,2021,Q1,48,1,1,0,0,0,0,0
391,2022,Q1,36,2,0,0,0,0,2,0
site_id,Year,Quarter,Interval,Total Registered,Total Alive,Patient Died,Total Defaulted,Treatment Stopped,Patient transferred out,Unknown
392,2011,Q1,168,2,1,1,0,0,0,0
392,2012,Q1,156,11,1,3,1,1,5,0
392,2013,Q1,144,1,1,0,0,0,0,0
392,2014,Q1,132,8,4,0,3,0,1,0
392,2015,Q1,120,6,4,0,2,0,0,0
392,2016,Q1,108,5,3,0,2,0,0,0
392,2017,Q1,96,3,0,0,1,0,2,0
392,2018,Q1,84,3,2,0,1,0,0,0
392,2019,Q1,72,3,2,0,0,0,1,0
392,2020,Q1,60,2,0,0,1,0,1,0
392,2021,Q1,48,4,4,0,0,0,0,0
392,2022,Q1,36,3,2,0,0,0,1,0
392,2024,Q1,12,2,2,0,0,0,0,0
site_id,Year,Quarter,Interval,Total Registered,Total Alive,Patient Died,Total Defaulted,Treatment Stopped,Patient transferred out,Unknown
393,2017,Q1,96,1,0,0,0,0,1,0
393,2018,Q1,84,1,0,0,0,0,1,0
393,2020,Q1,60,1,0,0,0,0,1,0
393,2024,Q1,12,1,0,0,0,0,1,0
site_id,Year,Quarter,Interval,Total Registered,Total Alive,Patient Died,Total Defaulted,Treatment Stopped,Patient transferred out,Unknown
394,2012,Q1,156,2,0,0,0,0,2,0
394,2013,Q1,144,6,3,0,3,0,0,0
394,2014,Q1,132,2,0,0,2,0,0,0
394,2015,Q1,120,2,0,1,1,0,0,0
394,2016,Q1,108,3,1,0,1,0,1,0
394,2017,Q1,96,5,2,0,1,0,2,0
394,2018,Q1,84,3,2,0,1,0,0,0
394,2019,Q1,72,2,2,0,0,0,0,0
394,2020,Q1,60,3,2,0,0,0,1,0
394,2021,Q1,48,6,2,3,0,0,1,0
394,2022,Q1,36,3,0,1,0,0,2,0
394,2023,Q1,24,2,2,0,0,0,0,0
394,2024,Q1,12,5,4,0,1,0,0,0
site_id,Year,Quarter,Interval,Total Registered,Total Alive,Patient Died,Total Defaulted,Treatment Stopped,Patient transferred out,Unknown
396,2015,Q1,120,2,1,0,0,0,1,0
396,2017,Q1,96,4,2,0,0,1,1,0
396,2018,Q1,84,4,2,1,0,0,1,0
396,2019,Q1,72,2,1,0,1,0,0,0
396,2020,Q1,60,3,1,0,1,0,1,0
site_id,Year,Quarter,Interval,Total Registered,Total Alive,Patient Died,Total Defaulted,Treatment Stopped,Patient transferred out,Unknown
399,2011,Q1,168,2,1,1,0,0,0,0
399,2012,Q1,156,4,1,2,0,1,0,0
399,2013,Q1,144,8,3,1,0,1,3,0
399,2014,Q1,132,3,1,0,0,0,2,0
399,2015,Q1,120,6,1,2,2,0,1,0
399,2016,Q1,108,10,4,1,2,0,3,0
399,2017,Q1,96,10,3,2,5,0,0,0
399,2018,Q1,84,15,5,0,2,0,8,0
399,2019,Q1,72,10,3,0,1,0,6,0
399,2020,Q1,60,5,2,0,1,0,2,0
399,2021,Q1,48,4,2,0,0,0,2,0
399,2022,Q1,36,6,2,0,2,0,2,0
399,2023,Q1,24,6,1,0,2,0,3,0
399,2024,Q1,12,10,4,1,0,0,5,0
site_id,Year,Quarter,Interval,Total Registered,Total Alive,Patient Died,Total Defaulted,Treatment Stopped,Patient transferred out,Unknown
39,2015,Q1,120,1,1,0,0,0,0,0
39,2016,Q1,108,2,0,0,1,0,1,0
39,2017,Q1,96,2,0,0,0,0,2,0
39,2018,Q1,84,3,1,1,0,0,1,0
39,2019,Q1,72,3,1,0,0,0,2,0
39,2021,Q1,48,1,0,1,0,0,0,0
39,2024,Q1,12,2,0,0,0,0,2,0
site_id,Year,Quarter,Interval,Total Registered,Total Alive,Patient Died,Total Defaulted,Treatment Stopped,Patient transferred out,Unknown
3,2012,Q1,156,1,1,0,0,0,0,0
3,2014,Q1,132,1,0,0,1,0,0,0
3,2015,Q1,120,3,0,1,1,1,0,0
3,2017,Q1,96,2,0,0,0,1,1,0
3,2018,Q1,84,1,0,0,1,0,0,0
3,2020,Q1,60,1,0,0,0,0,1,0
3,2021,Q1,48,2,1,0,0,0,1,0
3,2023,Q1,24,1,0,0,0,0,1,0
3,2024,Q1,12,2,1,0,0,0,1,0
site_id,Year,Quarter,Interval,Total Registered,Total Alive,Patient Died,Total Defaulted,Treatment Stopped,Patient transferred out,Unknown
402,2013,Q1,144,1,0,0,0,0,1,0
402,2014,Q1,132,2,1,0,0,0,1,0
402,2015,Q1,120,3,1,1,0,0,1,0
402,2016,Q1,108,8,3,1,1,0,3,0
402,2017,Q1,96,3,2,0,0,0,1,0
402,2018,Q1,84,1,0,1,0,0,0,0
402,2019,Q1,72,2,1,0,0,0,1,0
402,2020,Q1,60,2,1,1,0,0,0,0
402,2021,Q1,48,1,1,0,0,0,0,0
402,2022,Q1,36,2,2,0,0,0,0,0
402,2023,Q1,24,1,1,0,0,0,0,0
402,2024,Q1,12,2,1,0,0,0,1,0
site_id,Year,Quarter,Interval,Total Registered,Total Alive,Patient Died,Total Defaulted,Treatment Stopped,Patient transferred out,Unknown
403,2012,Q1,156,2,0,0,2,0,0,0
403,2014,Q1,132,2,1,0,0,0,1,0
403,2015,Q1,120,6,2,2,0,0,2,0
403,2016,Q1,108,4,4,0,0,0,0,0
403,2017,Q1,96,4,3,0,0,0,1,0
403,2018,Q1,84,4,2,0,1,0,1,0
403,2019,Q1,72,3,1,0,0,1,1,0
403,2020,Q1,60,3,0,0,1,0,2,0
403,2021,Q1,48,4,4,0,0,0,0,0
403,2022,Q1,36,2,2,0,0,0,0,0
403,2023,Q1,24,3,1,0,0,0,2,0
403,2024,Q1,12,1,1,0,0,0,0,0
site_id,Year,Quarter,Interval,Total Registered,Total Alive,Patient Died,Total Defaulted,Treatment Stopped,Patient transferred out,Unknown
404,2012,Q1,156,3,1,1,0,0,1,0
404,2015,Q1,120,1,1,0,0,0,0,0
404,2016,Q1,108,2,1,0,1,0,0,0
404,2017,Q1,96,1,1,0,0,0,0,0
404,2018,Q1,84,1,0,0,1,0,0,0
404,2019,Q1,72,1,0,0,1,0,0,0
404,2020,Q1,60,3,0,1,1,0,1,0
404,2022,Q1,36,2,0,0,0,0,2,0
404,2024,Q1,12,1,0,0,0,0,1,0
site_id,Year,Quarter,Interval,Total Registered,Total Alive,Patient Died,Total Defaulted,Treatment Stopped,Patient transferred out,Unknown
405,2017,Q1,96,1,0,0,0,0,1,0
405,2018,Q1,84,1,0,0,1,0,0,0
site_id,Year,Quarter,Interval,Total Registered,Total Alive,Patient Died,Total Defaulted,Treatment Stopped,Patient transferred out,Unknown
406,2011,Q1,168,1,0,0,0,1,0,0
406,2012,Q1,156,2,0,0,1,0,1,0
406,2013,Q1,144,1,0,0,0,0,1,0
406,2015,Q1,120,2,1,0,0,0,1,0
406,2016,Q1,108,2,1,0,0,0,1,0
406,2019,Q1,72,1,0,0,0,0,1,0
406,2020,Q1,60,2,1,0,0,0,1,0
406,2023,Q1,24,1,0,0,0,0,1,0
site_id,Year,Quarter,Interval,Total Registered,Total Alive,Patient Died,Total Defaulted,Treatment Stopped,Patient transferred out,Unknown
407,2011,Q1,168,1,0,0,0,0,1,0
407,2012,Q1,156,5,2,0,0,0,3,0
407,2013,Q1,144,9,4,2,0,0,3,0
407,2014,Q1,132,5,2,0,1,0,2,0
407,2015,Q1,120,4,3,0,0,0,1,0
407,2016,Q1,108,4,2,0,0,0,2,0
407,2017,Q1,96,11,7,0,0,0,4,0
407,2018,Q1,84,10,5,0,3,0,2,0
407,2019,Q1,72,9,5,1,1,0,2,0
407,2020,Q1,60,7,4,0,0,0,3,0
407,2021,Q1,48,7,4,0,1,0,2,0
407,2022,Q1,36,3,3,0,0,0,0,0
407,2023,Q1,24,1,0,0,0,0,1,0
407,2024,Q1,12,7,2,1,0,0,4,0
site_id,Year,Quarter,Interval,Total Registered,Total Alive,Patient Died,Total Defaulted,Treatment Stopped,Patient transferred out,Unknown
408,2011,Q1,168,2,0,1,0,0,1,0
408,2012,Q1,156,3,2,1,0,0,0,0
408,2014,Q1,132,4,2,0,2,0,0,0
408,2015,Q1,120,2,1,0,0,1,0,0
408,2016,Q1,108,2,1,0,0,0,1,0
408,2017,Q1,96,2,1,0,0,0,1,0
408,2018,Q1,84,3,0,1,0,1,1,0
408,2020,Q1,60,2,2,0,0,0,0,0
408,2021,Q1,48,1,1,0,0,0,0,0
408,2022,Q1,36,1,0,1,0,0,0,0
408,2024,Q1,12,2,2,0,0,0,0,0
site_id,Year,Quarter,Interval,Total Registered,Total Alive,Patient Died,Total Defaulted,Treatment Stopped,Patient transferred out,Unknown
409,2017,Q1,96,1,0,0,1,0,0,0
409,2018,Q1,84,3,0,1,1,1,0,0
409,2021,Q1,48,1,1,0,0,0,0,0
409,2022,Q1,36,1,0,1,0,0,0,0
409,2023,Q1,24,2,0,0,2,0,0,0
site_id,Year,Quarter,Interval,Total Registered,Total Alive,Patient Died,Total Defaulted,Treatment Stopped,Patient transferred out,Unknown
410,2013,Q1,144,3,1,0,1,0,1,0
410,2014,Q1,132,1,0,0,0,0,1,0
410,2016,Q1,108,5,2,0,1,0,2,0
410,2018,Q1,84,3,0,1,0,0,2,0
410,2019,Q1,72,3,1,1,0,0,1,0
410,2020,Q1,60,2,1,0,0,0,1,0
410,2022,Q1,36,2,0,0,1,0,1,0
410,2023,Q1,24,1,0,0,0,0,1,0
site_id,Year,Quarter,Interval,Total Registered,Total Alive,Patient Died,Total Defaulted,Treatment Stopped,Patient transferred out,Unknown
411,2011,Q1,168,2,1,0,0,0,1,0
411,2012,Q1,156,6,2,0,3,0,1,0
411,2013,Q1,144,2,1,0,1,0,0,0
411,2014,Q1,132,4,2,1,0,0,1,0
411,2015,Q1,120,3,2,0,1,0,0,0
411,2016,Q1,108,4,2,0,0,0,2,0
411,2017,Q1,96,4,2,0,1,0,1,0
411,2018,Q1,84,1,0,0,0,0,1,0
411,2019,Q1,72,3,2,0,0,0,1,0
411,2020,Q1,60,2,1,0,0,0,1,0
411,2022,Q1,36,3,1,0,0,0,2,0
411,2023,Q1,24,2,1,0,0,0,1,0
411,2024,Q1,12,5,3,1,0,0,1,0
site_id,Year,Quarter,Interval,Total Registered,Total Alive,Patient Died,Total Defaulted,Treatment Stopped,Patient transferred out,Unknown
412,2012,Q1,156,1,1,0,0,0,0,0
412,2013,Q1,144,6,1,0,5,0,0,0
412,2015,Q1,120,4,3,0,1,0,0,0
412,2016,Q1,108,5,0,1,2,0,2,0
412,2017,Q1,96,6,3,0,3,0,0,0
412,2018,Q1,84,7,4,1,1,0,1,0
412,2020,Q1,60,6,1,1,4,0,0,0
412,2021,Q1,48,3,1,1,1,0,0,0
412,2022,Q1,36,3,3,0,0,0,0,0
412,2023,Q1,24,2,1,0,0,0,1,0
412,2024,Q1,12,7,7,0,0,0,0,0
site_id,Year,Quarter,Interval,Total Registered,Total Alive,Patient Died,Total Defaulted,Treatment Stopped,Patient transferred out,Unknown
413,2013,Q1,144,6,2,1,2,0,1,0
413,2014,Q1,132,2,2,0,0,0,0,0
413,2015,Q1,120,1,1,0,0,0,0,0
413,2016,Q1,108,8,4,1,2,0,1,0
413,2017,Q1,96,2,2,0,0,0,0,0
413,2018,Q1,84,5,1,0,1,0,3,0
413,2019,Q1,72,6,1,0,3,0,2,0
413,2021,Q1,48,4,0,0,0,1,3,0
413,2022,Q1,36,1,1,0,0,0,0,0
413,2023,Q1,24,2,1,0,1,0,0,0
413,2024,Q1,12,4,3,0,1,0,0,0
site_id,Year,Quarter,Interval,Total Registered,Total Alive,Patient Died,Total Defaulted,Treatment Stopped,Patient transferred out,Unknown
414,2012,Q1,156,1,1,0,0,0,0,0
414,2014,Q1,132,1,0,0,1,0,0,0
414,2017,Q1,96,1,1,0,0,0,0,0
414,2019,Q1,72,1,0,0,0,0,1,0
414,2022,Q1,36,1,0,0,1,0,0,0
site_id,Year,Quarter,Interval,Total Registered,Total Alive,Patient Died,Total Defaulted,Treatment Stopped,Patient transferred out,Unknown
416,2013,Q1,144,2,1,1,0,0,0,0
416,2014,Q1,132,1,1,0,0,0,0,0
416,2015,Q1,120,1,0,0,1,0,0,0
416,2016,Q1,108,1,0,1,0,0,0,0
416,2017,Q1,96,2,0,1,0,0,1,0
416,2018,Q1,84,2,1,0,0,0,1,0
416,2023,Q1,24,1,1,0,0,0,0,0
416,2024,Q1,12,1,1,0,0,0,0,0
site_id,Year,Quarter,Interval,Total Registered,Total Alive,Patient Died,Total Defaulted,Treatment Stopped,Patient transferred out,Unknown
417,2013,Q1,144,1,0,1,0,0,0,0
417,2016,Q1,108,1,0,0,1,0,0,0
417,2019,Q1,72,1,1,0,0,0,0,0
site_id,Year,Quarter,Interval,Total Registered,Total Alive,Patient Died,Total Defaulted,Treatment Stopped,Patient transferred out,Unknown
419,2012,Q1,156,6,3,2,0,1,0,0
419,2013,Q1,144,5,1,0,0,0,4,0
419,2014,Q1,132,9,2,0,2,0,5,0
419,2015,Q1,120,4,0,1,1,0,2,0
419,2016,Q1,108,10,1,1,3,0,5,0
419,2017,Q1,96,16,4,2,5,2,3,0
419,2018,Q1,84,3,2,0,0,0,1,0
419,2019,Q1,72,8,3,0,1,0,4,0
419,2020,Q1,60,3,0,1,0,0,2,0
419,2021,Q1,48,3,2,1,0,0,0,0
419,2022,Q1,36,5,2,0,0,0,3,0
419,2023,Q1,24,3,1,0,0,0,2,0
419,2024,Q1,12,2,1,0,0,0,1,0
site_id,Year,Quarter,Interval,Total Registered,Total Alive,Patient Died,Total Defaulted,Treatment Stopped,Patient transferred out,Unknown
41,2012,Q1,156,2,1,0,0,1,0,0
41,2014,Q1,132,3,1,1,1,0,0,0
41,2015,Q1,120,1,0,0,0,0,1,0
41,2017,Q1,96,1,1,0,0,0,0,0
41,2018,Q1,84,2,1,0,0,0,1,0
41,2019,Q1,72,2,0,0,1,1,0,0
41,2020,Q1,60,3,1,1,0,0,1,0
41,2021,Q1,48,3,3,0,0,0,0,0
41,2022,Q1,36,2,1,0,0,0,1,0
41,2023,Q1,24,2,1,0,0,0,1,0
41,2024,Q1,12,4,3,0,0,0,1,0
site_id,Year,Quarter,Interval,Total Registered,Total Alive,Patient Died,Total Defaulted,Treatment Stopped,Patient transferred out,Unknown
420,2012,Q1,156,2,2,0,0,0,0,0
420,2013,Q1,144,1,1,0,0,0,0,0
420,2014,Q1,132,1,1,0,0,0,0,0
420,2015,Q1,120,4,2,0,1,0,1,0
420,2016,Q1,108,6,3,0,1,0,2,0
420,2017,Q1,96,5,3,1,1,0,0,0
420,2018,Q1,84,4,1,0,0,0,3,0
420,2019,Q1,72,3,2,0,0,0,1,0
420,2020,Q1,60,2,1,0,1,0,0,0
420,2021,Q1,48,2,1,1,0,0,0,0
420,2022,Q1,36,2,1,0,1,0,0,0
420,2023,Q1,24,2,1,0,0,0,1,0
420,2024,Q1,12,2,2,0,0,0,0,0
site_id,Year,Quarter,Interval,Total Registered,Total Alive,Patient Died,Total Defaulted,Treatment Stopped,Patient transferred out,Unknown
422,2013,Q1,144,1,0,0,0,0,1,0
422,2014,Q1,132,1,1,0,0,0,0,0
422,2017,Q1,96,1,1,0,0,0,0,0
422,2023,Q1,24,1,0,0,1,0,0,0
site_id,Year,Quarter,Interval,Total Registered,Total Alive,Patient Died,Total Defaulted,Treatment Stopped,Patient transferred out,Unknown
423,2017,Q1,96,1,1,0,0,0,0,0
423,2019,Q1,72,1,1,0,0,0,0,0
423,2022,Q1,36,2,1,0,0,0,1,0
423,2024,Q1,12,1,1,0,0,0,0,0
site_id,Year,Quarter,Interval,Total Registered,Total Alive,Patient Died,Total Defaulted,Treatment Stopped,Patient transferred out,Unknown
424,2013,Q1,144,5,4,0,0,0,1,0
424,2014,Q1,132,1,1,0,0,0,0,0
424,2015,Q1,120,2,1,0,0,0,1,0
424,2016,Q1,108,2,0,0,0,0,2,0
424,2017,Q1,96,9,8,0,1,0,0,0
424,2018,Q1,84,2,1,0,0,0,1,0
424,2019,Q1,72,6,5,0,0,0,1,0
424,2020,Q1,60,11,8,0,0,0,3,0
424,2021,Q1,48,2,2,0,0,0,0,0
424,2022,Q1,36,1,1,0,0,0,0,0
424,2023,Q1,24,1,0,0,1,0,0,0
424,2024,Q1,12,1,1,0,0,0,0,0
site_id,Year,Quarter,Interval,Total Registered,Total Alive,Patient Died,Total Defaulted,Treatment Stopped,Patient transferred out,Unknown
425,2013,Q1,144,1,0,0,1,0,0,0
425,2015,Q1,120,2,1,0,0,0,1,0
425,2016,Q1,108,1,0,1,0,0,0,0
425,2017,Q1,96,1,1,0,0,0,0,0
425,2020,Q1,60,1,0,1,0,0,0,0
425,2024,Q1,12,1,0,0,0,0,1,0
site_id,Year,Quarter,Interval,Total Registered,Total Alive,Patient Died,Total Defaulted,Treatment Stopped,Patient transferred out,Unknown
426,2012,Q1,156,4,2,0,0,0,2,0
426,2014,Q1,132,3,2,1,0,0,0,0
426,2015,Q1,120,4,0,1,1,0,2,0
426,2016,Q1,108,5,2,1,1,0,1,0
426,2017,Q1,96,3,0,1,1,0,1,0
426,2018,Q1,84,2,1,1,0,0,0,0
426,2019,Q1,72,5,1,0,3,0,1,0
426,2020,Q1,60,1,1,0,0,0,0,0
426,2021,Q1,48,2,1,0,1,0,0,0
426,2022,Q1,36,2,1,0,1,0,0,0
426,2023,Q1,24,1,1,0,0,0,0,0
site_id,Year,Quarter,Interval,Total Registered,Total Alive,Patient Died,Total Defaulted,Treatment Stopped,Patient transferred out,Unknown
427,2012,Q1,156,1,0,0,0,0,1,0
427,2014,Q1,132,1,0,1,0,0,0,0
427,2015,Q1,120,1,0,0,0,0,1,0
427,2016,Q1,108,2,2,0,0,0,0,0
427,2017,Q1,96,5,2,1,0,0,2,0
427,2018,Q1,84,5,2,0,0,1,2,0
427,2019,Q1,72,2,1,0,1,0,0,0
427,2020,Q1,60,1,0,0,0,0,1,0
427,2021,Q1,48,1,0,0,0,0,1,0
427,2022,Q1,36,2,2,0,0,0,0,0
427,2023,Q1,24,1,0,1,0,0,0,0
427,2024,Q1,12,2,1,0,0,0,1,0
site_id,Year,Quarter,Interval,Total Registered,Total Alive,Patient Died,Total Defaulted,Treatment Stopped,Patient transferred out,Unknown
428,2012,Q1,156,1,1,0,0,0,0,0
428,2013,Q1,144,2,0,1,0,1,0,0
428,2014,Q1,132,1,0,0,0,0,1,0
428,2015,Q1,120,1,1,0,0,0,0,0
428,2016,Q1,108,1,0,0,1,0,0,0
428,2017,Q1,96,6,2,1,1,0,2,0
428,2018,Q1,84,1,0,0,0,0,1,0
428,2019,Q1,72,1,0,0,0,0,1,0
428,2020,Q1,60,3,2,0,0,0,1,0
428,2021,Q1,48,2,1,0,0,0,1,0
428,2022,Q1,36,3,1,0,0,0,2,0
428,2023,Q1,24,2,0,0,0,0,2,0
428,2024,Q1,12,3,1,0,1,0,1,0
site_id,Year,Quarter,Interval,Total Registered,Total Alive,Patient Died,Total Defaulted,Treatment Stopped,Patient transferred out,Unknown
429,2014,Q1,132,1,0,1,0,0,0,0
429,2016,Q1,108,4,3,0,0,0,1,0
429,2017,Q1,96,3,0,0,0,1,2,0
429,2018,Q1,84,2,1,0,0,0,1,0
429,2020,Q1,60,3,0,0,0,0,3,0
429,2021,Q1,48,2,2,0,0,0,0,0
429,2022,Q1,36,3,0,0,1,0,2,0
429,2023,Q1,24,1,0,0,0,0,1,0
429,2024,Q1,12,3,2,0,0,0,1,0
site_id,Year,Quarter,Interval,Total Registered,Total Alive,Patient Died,Total Defaulted,Treatment Stopped,Patient transferred out,Unknown
430,2011,Q1,168,1,0,1,0,0,0,0
430,2012,Q1,156,4,1,0,2,0,1,0
430,2013,Q1,144,9,3,1,1,0,4,0
430,2014,Q1,132,9,4,1,1,0,3,0
430,2015,Q1,120,2,0,1,0,0,1,0
430,2016,Q1,108,8,6,1,1,0,0,0
430,2017,Q1,96,16,4,1,9,0,2,0
430,2018,Q1,84,8,1,1,3,0,3,0
430,2019,Q1,72,10,6,1,1,1,1,0
430,2020,Q1,60,9,5,0,0,0,4,0
430,2021,Q1,48,5,2,0,1,0,2,0
430,2022,Q1,36,5,2,0,0,0,3,0
430,2023,Q1,24,6,2,0,2,0,2,0
430,2024,Q1,12,5,3,1,1,0,0,0
site_id,Year,Quarter,Interval,Total Registered,Total Alive,Patient Died,Total Defaulted,Treatment Stopped,Patient transferred out,Unknown
431,2012,Q1,156,1,1,0,0,0,0,0
431,2022,Q1,36,1,0,0,1,0,0,0
site_id,Year,Quarter,Interval,Total Registered,Total Alive,Patient Died,Total Defaulted,Treatment Stopped,Patient transferred out,Unknown
433,2012,Q1,156,1,0,1,0,0,0,0
433,2015,Q1,120,1,0,1,0,0,0,0
433,2016,Q1,108,2,1,0,0,0,1,0
433,2017,Q1,96,1,1,0,0,0,0,0
433,2018,Q1,84,2,0,0,1,0,1,0
433,2020,Q1,60,1,1,0,0,0,0,0
433,2021,Q1,48,2,2,0,0,0,0,0
433,2024,Q1,12,1,0,0,0,0,1,0
site_id,Year,Quarter,Interval,Total Registered,Total Alive,Patient Died,Total Defaulted,Treatment Stopped,Patient transferred out,Unknown
437,2015,Q1,120,4,0,0,4,0,0,0
437,2016,Q1,108,1,1,0,0,0,0,0
437,2017,Q1,96,3,0,0,2,0,1,0
437,2018,Q1,84,2,1,0,1,0,0,0
437,2019,Q1,72,3,2,0,0,0,1,0
437,2020,Q1,60,1,0,0,1,0,0,0
437,2021,Q1,48,3,2,0,1,0,0,0
437,2023,Q1,24,2,0,0,1,0,1,0
site_id,Year,Quarter,Interval,Total Registered,Total Alive,Patient Died,Total Defaulted,Treatment Stopped,Patient transferred out,Unknown
438,2014,Q1,132,2,1,0,0,0,1,0
438,2019,Q1,72,1,1,0,0,0,0,0
438,2020,Q1,60,1,1,0,0,0,0,0
site_id,Year,Quarter,Interval,Total Registered,Total Alive,Patient Died,Total Defaulted,Treatment Stopped,Patient transferred out,Unknown
439,2011,Q1,168,1,0,1,0,0,0,0
439,2012,Q1,156,3,1,1,0,0,1,0
439,2013,Q1,144,4,1,1,1,0,1,0
439,2014,Q1,132,4,0,0,3,0,1,0
439,2015,Q1,120,4,1,1,2,0,0,0
439,2016,Q1,108,6,1,0,2,0,3,0
439,2017,Q1,96,7,1,1,3,0,2,0
439,2018,Q1,84,9,1,0,4,0,4,0
439,2019,Q1,72,5,2,0,1,0,2,0
439,2020,Q1,60,2,0,1,0,0,1,0
439,2021,Q1,48,5,0,1,2,0,2,0
439,2022,Q1,36,8,0,0,2,0,6,0
439,2023,Q1,24,2,0,0,2,0,0,0
439,2024,Q1,12,4,1,0,0,0,3,0
site_id,Year,Quarter,Interval,Total Registered,Total Alive,Patient Died,Total Defaulted,Treatment Stopped,Patient transferred out,Unknown
43,2013,Q1,144,5,3,1,1,0,0,0
43,2014,Q1,132,5,2,0,1,0,2,0
43,2015,Q1,120,5,1,2,1,0,1,0
43,2016,Q1,108,3,2,0,1,0,0,0
43,2017,Q1,96,5,2,0,1,0,2,0
43,2018,Q1,84,3,2,0,1,0,0,0
43,2019,Q1,72,6,4,0,1,0,1,0
43,2020,Q1,60,6,4,0,0,0,2,0
43,2021,Q1,48,6,6,0,0,0,0,0
43,2022,Q1,36,1,0,1,0,0,0,0
43,2024,Q1,12,1,1,0,0,0,0,0
site_id,Year,Quarter,Interval,Total Registered,Total Alive,Patient Died,Total Defaulted,Treatment Stopped,Patient transferred out,Unknown
440,2011,Q1,168,1,1,0,0,0,0,0
440,2012,Q1,156,6,2,1,2,0,1,0
440,2013,Q1,144,9,5,3,0,0,1,0
440,2014,Q1,132,4,3,0,1,0,0,0
440,2015,Q1,120,2,1,1,0,0,0,0
440,2016,Q1,108,5,1,1,3,0,0,0
440,2017,Q1,96,5,3,0,1,0,1,0
440,2018,Q1,84,5,2,0,2,0,1,0
440,2019,Q1,72,2,0,1,1,0,0,0
440,2020,Q1,60,7,5,0,2,0,0,0
440,2021,Q1,48,4,1,0,2,0,1,0
440,2022,Q1,36,1,1,0,0,0,0,0
440,2023,Q1,24,2,1,1,0,0,0,0
440,2024,Q1,12,3,3,0,0,0,0,0
site_id,Year,Quarter,Interval,Total Registered,Total Alive,Patient Died,Total Defaulted,Treatment Stopped,Patient transferred out,Unknown
441,2017,Q1,96,1,0,1,0,0,0,0
441,2018,Q1,84,1,1,0,0,0,0,0
441,2019,Q1,72,1,0,0,0,0,1,0
441,2020,Q1,60,1,1,0,0,0,0,0
441,2023,Q1,24,2,1,0,0,0,1,0
441,2024,Q1,12,2,2,0,0,0,0,0
site_id,Year,Quarter,Interval,Total Registered,Total Alive,Patient Died,Total Defaulted,Treatment Stopped,Patient transferred out,Unknown
442,2015,Q1,120,1,1,0,0,0,0,0
442,2016,Q1,108,3,2,0,1,0,0,0
442,2017,Q1,96,3,1,0,1,0,1,0
442,2020,Q1,60,2,1,0,0,0,1,0
442,2021,Q1,48,1,1,0,0,0,0,0
442,2022,Q1,36,4,1,0,3,0,0,0
442,2024,Q1,12,2,2,0,0,0,0,0
site_id,Year,Quarter,Interval,Total Registered,Total Alive,Patient Died,Total Defaulted,Treatment Stopped,Patient transferred out,Unknown
443,2012,Q1,156,2,1,0,1,0,0,0
443,2013,Q1,144,5,2,0,1,0,2,0
443,2014,Q1,132,3,2,0,1,0,0,0
443,2015,Q1,120,3,1,0,2,0,0,0
443,2016,Q1,108,4,1,1,2,0,0,0
443,2017,Q1,96,7,6,0,0,0,1,0
443,2018,Q1,84,1,1,0,0,0,0,0
443,2019,Q1,72,1,0,1,0,0,0,0
443,2020,Q1,60,2,1,0,0,0,1,0
443,2021,Q1,48,6,2,1,2,0,1,0
443,2022,Q1,36,1,0,0,1,0,0,0
443,2023,Q1,24,1,1,0,0,0,0,0
443,2024,Q1,12,6,5,1,0,0,0,0
site_id,Year,Quarter,Interval,Total Registered,Total Alive,Patient Died,Total Defaulted,Treatment Stopped,Patient transferred out,Unknown
444,2020,Q1,60,1,0,0,0,0,1,0
444,2022,Q1,36,1,0,0,1,0,0,0
444,2024,Q1,12,1,1,0,0,0,0,0
site_id,Year,Quarter,Interval,Total Registered,Total Alive,Patient Died,Total Defaulted,Treatment Stopped,Patient transferred out,Unknown
445,2011,Q1,168,2,0,1,0,0,1,0
445,2012,Q1,156,5,1,2,1,0,1,0
445,2014,Q1,132,3,0,1,2,0,0,0
445,2015,Q1,120,1,0,0,0,0,1,0
445,2016,Q1,108,2,1,0,1,0,0,0
445,2017,Q1,96,11,2,1,2,0,6,0
445,2018,Q1,84,8,5,0,2,0,1,0
445,2019,Q1,72,5,2,0,0,2,1,0
445,2020,Q1,60,5,2,1,1,0,1,0
445,2021,Q1,48,4,0,1,0,0,3,0
445,2023,Q1,24,1,0,0,0,0,1,0
445,2024,Q1,12,4,3,0,1,0,0,0
site_id,Year,Quarter,Interval,Total Registered,Total Alive,Patient Died,Total Defaulted,Treatment Stopped,Patient transferred out,Unknown
446,2014,Q1,132,1,1,0,0,0,0,0
446,2015,Q1,120,1,0,0,1,0,0,0
446,2016,Q1,108,2,0,1,1,0,0,0
446,2019,Q1,72,3,1,1,0,0,1,0
446,2020,Q1,60,1,0,0,1,0,0,0
446,2022,Q1,36,3,2,0,1,0,0,0
446,2023,Q1,24,1,1,0,0,0,0,0
site_id,Year,Quarter,Interval,Total Registered,Total Alive,Patient Died,Total Defaulted,Treatment Stopped,Patient transferred out,Unknown
447,2018,Q1,84,15,8,1,4,0,2,0
447,2019,Q1,72,3,1,1,1,0,0,0
447,2020,Q1,60,2,0,0,2,0,0,0
447,2021,Q1,48,2,1,0,1,0,0,0
447,2022,Q1,36,3,1,0,1,0,1,0
447,2023,Q1,24,2,2,0,0,0,0,0
447,2024,Q1,12,1,1,0,0,0,0,0
site_id,Year,Quarter,Interval,Total Registered,Total Alive,Patient Died,Total Defaulted,Treatment Stopped,Patient transferred out,Unknown
448,2011,Q1,168,1,0,0,0,0,1,0
448,2012,Q1,156,2,0,0,0,0,2,0
448,2013,Q1,144,1,0,0,0,0,1,0
448,2014,Q1,132,1,1,0,0,0,0,0
448,2015,Q1,120,3,0,0,0,0,3,0
448,2016,Q1,108,5,2,0,1,0,2,0
448,2017,Q1,96,5,1,0,0,0,4,0
448,2018,Q1,84,1,0,1,0,0,0,0
448,2019,Q1,72,3,2,0,0,0,1,0
448,2020,Q1,60,2,1,0,0,0,1,0
448,2021,Q1,48,1,0,0,0,0,1,0
448,2022,Q1,36,3,2,0,0,0,1,0
448,2023,Q1,24,2,1,0,0,0,1,0
site_id,Year,Quarter,Interval,Total Registered,Total Alive,Patient Died,Total Defaulted,Treatment Stopped,Patient transferred out,Unknown
44,2015,Q1,120,1,1,0,0,0,0,0
site_id,Year,Quarter,Interval,Total Registered,Total Alive,Patient Died,Total Defaulted,Treatment Stopped,Patient transferred out,Unknown
451,2014,Q1,132,1,1,0,0,0,0,0
451,2015,Q1,120,1,0,0,1,0,0,0
451,2017,Q1,96,1,0,0,0,1,0,0
451,2022,Q1,36,3,2,0,1,0,0,0
site_id,Year,Quarter,Interval,Total Registered,Total Alive,Patient Died,Total Defaulted,Treatment Stopped,Patient transferred out,Unknown
452,2012,Q1,156,2,0,2,0,0,0,0
452,2013,Q1,144,1,0,1,0,0,0,0
452,2014,Q1,132,1,0,0,1,0,0,0
452,2015,Q1,120,2,1,0,0,0,1,0
452,2016,Q1,108,1,0,1,0,0,0,0
452,2017,Q1,96,4,1,1,1,0,1,0
452,2019,Q1,72,2,0,0,1,0,1,0
452,2020,Q1,60,3,1,0,2,0,0,0
452,2023,Q1,24,1,0,0,0,0,1,0
site_id,Year,Quarter,Interval,Total Registered,Total Alive,Patient Died,Total Defaulted,Treatment Stopped,Patient transferred out,Unknown
453,2013,Q1,144,4,1,0,2,0,1,0
453,2014,Q1,132,1,1,0,0,0,0,0
453,2015,Q1,120,3,1,0,2,0,0,0
453,2016,Q1,108,1,0,1,0,0,0,0
453,2017,Q1,96,3,2,0,0,0,1,0
453,2018,Q1,84,4,2,0,1,0,1,0
453,2019,Q1,72,6,6,0,0,0,0,0
453,2020,Q1,60,4,3,0,0,0,1,0
453,2021,Q1,48,2,0,1,1,0,0,0
453,2022,Q1,36,4,2,2,0,0,0,0
453,2023,Q1,24,3,3,0,0,0,0,0
site_id,Year,Quarter,Interval,Total Registered,Total Alive,Patient Died,Total Defaulted,Treatment Stopped,Patient transferred out,Unknown
454,2011,Q1,168,2,1,0,1,0,0,0
454,2012,Q1,156,2,0,1,0,0,1,0
454,2013,Q1,144,1,0,0,1,0,0,0
454,2014,Q1,132,7,3,0,2,0,2,0
454,2015,Q1,120,1,1,0,0,0,0,0
454,2016,Q1,108,4,1,0,2,0,1,0
454,2017,Q1,96,6,2,0,0,0,4,0
454,2018,Q1,84,9,3,0,4,0,2,0
454,2019,Q1,72,3,0,0,0,0,3,0
454,2020,Q1,60,7,4,0,2,0,1,0
454,2021,Q1,48,6,2,0,1,0,3,0
454,2022,Q1,36,2,1,0,0,0,1,0
454,2023,Q1,24,2,1,0,0,0,1,0
454,2024,Q1,12,6,2,0,0,0,4,0
site_id,Year,Quarter,Interval,Total Registered,Total Alive,Patient Died,Total Defaulted,Treatment Stopped,Patient transferred out,Unknown
455,2012,Q1,156,3,0,0,2,0,1,0
455,2014,Q1,132,1,1,0,0,0,0,0
455,2015,Q1,120,1,1,0,0,0,0,0
455,2016,Q1,108,3,1,0,2,0,0,0
455,2018,Q1,84,3,2,0,0,0,1,0
455,2020,Q1,60,3,2,1,0,0,0,0
455,2021,Q1,48,4,4,0,0,0,0,0
455,2022,Q1,36,1,0,1,0,0,0,0
455,2023,Q1,24,2,1,0,0,0,1,0
455,2024,Q1,12,3,2,0,0,0,1,0
site_id,Year,Quarter,Interval,Total Registered,Total Alive,Patient Died,Total Defaulted,Treatment Stopped,Patient transferred out,Unknown
456,2013,Q1,144,1,0,0,1,0,0,0
456,2020,Q1,60,1,1,0,0,0,0,0
site_id,Year,Quarter,Interval,Total Registered,Total Alive,Patient Died,Total Defaulted,Treatment Stopped,Patient transferred out,Unknown
457,2011,Q1,168,1,0,0,0,0,1,0
457,2013,Q1,144,1,0,0,0,0,1,0
457,2015,Q1,120,1,0,0,1,0,0,0
457,2016,Q1,108,3,0,0,1,0,2,0
457,2018,Q1,84,1,0,0,1,0,0,0
457,2019,Q1,72,4,1,0,0,0,3,0
457,2020,Q1,60,1,0,0,1,0,0,0
457,2021,Q1,48,2,1,0,1,0,0,0
457,2023,Q1,24,1,1,0,0,0,0,0
457,2024,Q1,12,2,1,0,0,0,1,0
site_id,Year,Quarter,Interval,Total Registered,Total Alive,Patient Died,Total Defaulted,Treatment Stopped,Patient transferred out,Unknown
458,2013,Q1,144,1,0,1,0,0,0,0
458,2017,Q1,96,1,1,0,0,0,0,0
458,2020,Q1,60,1,0,0,1,0,0,0
site_id,Year,Quarter,Interval,Total Registered,Total Alive,Patient Died,Total Defaulted,Treatment Stopped,Patient transferred out,Unknown
459,2012,Q1,156,1,0,1,0,0,0,0
459,2013,Q1,144,1,0,0,0,0,1,0
459,2014,Q1,132,1,1,0,0,0,0,0
459,2016,Q1,108,3,0,0,1,0,2,0
459,2017,Q1,96,1,0,0,0,0,1,0
459,2019,Q1,72,1,0,0,1,0,0,0
459,2020,Q1,60,4,1,0,0,1,2,0
459,2021,Q1,48,1,0,0,0,0,1,0
459,2024,Q1,12,2,2,0,0,0,0,0
site_id,Year,Quarter,Interval,Total Registered,Total Alive,Patient Died,Total Defaulted,Treatment Stopped,Patient transferred out,Unknown
45,2013,Q1,144,2,0,0,0,1,1,0
45,2014,Q1,132,1,1,0,0,0,0,0
45,2016,Q1,108,1,1,0,0,0,0,0
45,2018,Q1,84,2,0,0,1,0,1,0
45,2021,Q1,48,1,1,0,0,0,0,0
45,2023,Q1,24,1,0,0,1,0,0,0
site_id,Year,Quarter,Interval,Total Registered,Total Alive,Patient Died,Total Defaulted,Treatment Stopped,Patient transferred out,Unknown
460,2015,Q1,120,2,0,1,1,0,0,0
460,2016,Q1,108,1,0,1,0,0,0,0
460,2020,Q1,60,2,0,1,0,0,1,0
460,2022,Q1,36,1,0,0,0,0,1,0
site_id,Year,Quarter,Interval,Total Registered,Total Alive,Patient Died,Total Defaulted,Treatment Stopped,Patient transferred out,Unknown
462,2013,Q1,144,1,0,0,1,0,0,0
462,2016,Q1,108,2,0,0,1,0,1,0
462,2017,Q1,96,1,0,0,0,0,1,0
462,2018,Q1,84,1,1,0,0,0,0,0
462,2019,Q1,72,1,1,0,0,0,0,0
462,2020,Q1,60,2,0,0,0,1,1,0
462,2021,Q1,48,1,1,0,0,0,0,0
462,2024,Q1,12,1,1,0,0,0,0,0
site_id,Year,Quarter,Interval,Total Registered,Total Alive,Patient Died,Total Defaulted,Treatment Stopped,Patient transferred out,Unknown
463,2013,Q1,144,1,1,0,0,0,0,0
463,2014,Q1,132,3,1,2,0,0,0,0
463,2015,Q1,120,2,1,1,0,0,0,0
463,2016,Q1,108,3,0,1,1,0,1,0
463,2017,Q1,96,7,4,0,2,0,1,0
463,2018,Q1,84,3,1,1,0,0,1,0
463,2019,Q1,72,3,2,0,0,0,1,0
463,2020,Q1,60,2,0,1,0,0,1,0
463,2022,Q1,36,3,0,1,0,0,2,0
463,2024,Q1,12,4,3,0,0,0,1,0
site_id,Year,Quarter,Interval,Total Registered,Total Alive,Patient Died,Total Defaulted,Treatment Stopped,Patient transferred out,Unknown
464,2012,Q1,156,1,0,0,0,0,1,0
464,2013,Q1,144,1,1,0,0,0,0,0
464,2014,Q1,132,2,0,0,0,0,2,0
464,2017,Q1,96,4,3,0,1,0,0,0
464,2018,Q1,84,5,1,1,0,0,3,0
464,2019,Q1,72,5,3,1,0,1,0,0
464,2020,Q1,60,5,3,1,0,1,0,0
464,2021,Q1,48,3,1,0,0,0,2,0
464,2022,Q1,36,2,2,0,0,0,0,0
464,2024,Q1,12,3,3,0,0,0,0,0
site_id,Year,Quarter,Interval,Total Registered,Total Alive,Patient Died,Total Defaulted,Treatment Stopped,Patient transferred out,Unknown
465,2012,Q1,156,1,0,1,0,0,0,0
465,2013,Q1,144,2,0,0,0,0,2,0
465,2014,Q1,132,2,0,0,0,0,2,0
465,2018,Q1,84,1,0,1,0,0,0,0
465,2020,Q1,60,2,0,0,0,0,2,0
465,2023,Q1,24,1,1,0,0,0,0,0
465,2024,Q1,12,1,0,0,0,0,1,0
site_id,Year,Quarter,Interval,Total Registered,Total Alive,Patient Died,Total Defaulted,Treatment Stopped,Patient transferred out,Unknown
466,2014,Q1,132,1,0,0,1,0,0,0
466,2016,Q1,108,1,0,0,0,0,1,0
466,2018,Q1,84,1,1,0,0,0,0,0
466,2019,Q1,72,1,1,0,0,0,0,0
site_id,Year,Quarter,Interval,Total Registered,Total Alive,Patient Died,Total Defaulted,Treatment Stopped,Patient transferred out,Unknown
467,2015,Q1,120,1,0,0,0,0,1,0
467,2016,Q1,108,1,0,0,0,0,1,0
467,2017,Q1,96,1,0,1,0,0,0,0
467,2019,Q1,72,3,1,0,0,0,2,0
467,2020,Q1,60,4,1,0,1,0,2,0
467,2024,Q1,12,3,1,0,0,0,2,0
site_id,Year,Quarter,Interval,Total Registered,Total Alive,Patient Died,Total Defaulted,Treatment Stopped,Patient transferred out,Unknown
468,2011,Q1,168,1,0,1,0,0,0,0
468,2012,Q1,156,1,0,0,0,1,0,0
468,2017,Q1,96,1,1,0,0,0,0,0
468,2021,Q1,48,1,1,0,0,0,0,0
site_id,Year,Quarter,Interval,Total Registered,Total Alive,Patient Died,Total Defaulted,Treatment Stopped,Patient transferred out,Unknown
469,2011,Q1,168,3,0,1,1,0,1,0
469,2012,Q1,156,2,1,0,0,0,1,0
469,2013,Q1,144,2,0,0,0,1,1,0
469,2014,Q1,132,2,0,0,0,0,2,0
469,2015,Q1,120,3,1,0,1,0,1,0
469,2016,Q1,108,4,2,0,0,0,2,0
469,2017,Q1,96,3,1,0,0,0,2,0
469,2018,Q1,84,5,0,1,2,0,2,0
469,2019,Q1,72,5,2,0,0,1,2,0
469,2020,Q1,60,1,1,0,0,0,0,0
469,2023,Q1,24,1,0,0,0,0,1,0
site_id,Year,Quarter,Interval,Total Registered,Total Alive,Patient Died,Total Defaulted,Treatment Stopped,Patient transferred out,Unknown
471,2011,Q1,168,3,0,1,2,0,0,0
471,2012,Q1,156,8,2,0,5,0,1,0
471,2013,Q1,144,6,2,1,1,0,2,0
471,2014,Q1,132,3,1,0,1,0,1,0
471,2015,Q1,120,2,0,0,2,0,0,0
471,2016,Q1,108,10,4,1,3,0,2,0
471,2017,Q1,96,17,3,1,7,0,6,0
471,2018,Q1,84,19,7,0,8,0,4,0
471,2019,Q1,72,14,5,1,3,0,5,0
471,2020,Q1,60,19,3,0,6,1,9,0
471,2021,Q1,48,8,1,1,0,0,6,0
471,2022,Q1,36,12,6,1,1,0,4,0
471,2023,Q1,24,8,4,1,0,0,3,0
471,2024,Q1,12,11,6,0,2,0,3,0
site_id,Year,Quarter,Interval,Total Registered,Total Alive,Patient Died,Total Defaulted,Treatment Stopped,Patient transferred out,Unknown
474,2011,Q1,168,2,0,0,1,0,1,0
474,2012,Q1,156,6,3,1,0,0,2,0
474,2013,Q1,144,3,2,0,0,0,1,0
474,2014,Q1,132,6,0,0,1,0,5,0
474,2015,Q1,120,4,1,0,1,0,2,0
474,2016,Q1,108,10,3,3,1,0,3,0
474,2017,Q1,96,6,2,1,0,0,3,0
474,2018,Q1,84,4,3,0,1,0,0,0
474,2019,Q1,72,5,0,0,2,0,3,0
474,2020,Q1,60,3,2,0,0,0,1,0
474,2021,Q1,48,4,1,1,0,0,2,0
474,2022,Q1,36,4,1,0,1,0,2,0
474,2023,Q1,24,4,1,0,1,0,2,0
474,2024,Q1,12,7,6,0,0,0,1,0
site_id,Year,Quarter,Interval,Total Registered,Total Alive,Patient Died,Total Defaulted,Treatment Stopped,Patient transferred out,Unknown
475,2011,Q1,168,1,1,0,0,0,0,0
475,2012,Q1,156,2,0,0,1,0,1,0
475,2013,Q1,144,5,1,2,0,0,2,0
475,2014,Q1,132,2,2,0,0,0,0,0
475,2015,Q1,120,1,1,0,0,0,0,0
475,2016,Q1,108,3,2,0,1,0,0,0
475,2017,Q1,96,6,0,1,3,0,2,0
475,2018,Q1,84,5,1,0,1,0,3,0
475,2019,Q1,72,1,0,0,0,0,1,0
475,2020,Q1,60,6,2,1,1,1,1,0
475,2021,Q1,48,1,0,0,0,0,1,0
475,2022,Q1,36,2,1,0,0,0,1,0
475,2023,Q1,24,2,0,2,0,0,0,0
475,2024,Q1,12,4,2,0,0,0,2,0
site_id,Year,Quarter,Interval,Total Registered,Total Alive,Patient Died,Total Defaulted,Treatment Stopped,Patient transferred out,Unknown
476,2013,Q1,144,3,0,1,2,0,0,0
476,2014,Q1,132,9,7,0,2,0,0,0
476,2015,Q1,120,3,0,0,2,0,1,0
476,2016,Q1,108,6,3,1,1,0,1,0
476,2017,Q1,96,4,2,0,0,0,2,0
476,2018,Q1,84,3,3,0,0,0,0,0
476,2019,Q1,72,5,2,1,2,0,0,0
476,2020,Q1,60,7,4,0,3,0,0,0
476,2021,Q1,48,4,2,0,2,0,0,0
476,2022,Q1,36,4,3,0,0,0,1,0
476,2023,Q1,24,2,2,0,0,0,0,0
476,2024,Q1,12,1,1,0,0,0,0,0
site_id,Year,Quarter,Interval,Total Registered,Total Alive,Patient Died,Total Defaulted,Treatment Stopped,Patient transferred out,Unknown
477,2012,Q1,156,4,1,1,2,0,0,0
477,2013,Q1,144,7,3,1,1,0,2,0
477,2014,Q1,132,5,3,0,2,0,0,0
477,2015,Q1,120,7,2,0,3,0,2,0
477,2016,Q1,108,11,3,1,5,0,2,0
477,2017,Q1,96,5,1,1,2,0,1,0
477,2018,Q1,84,6,1,2,3,0,0,0
477,2019,Q1,72,9,2,1,4,0,2,0
477,2020,Q1,60,8,2,1,2,0,3,0
477,2021,Q1,48,1,0,0,0,0,1,0
477,2022,Q1,36,3,3,0,0,0,0,0
477,2023,Q1,24,3,1,1,0,0,1,0
477,2024,Q1,12,4,2,1,0,0,1,0
site_id,Year,Quarter,Interval,Total Registered,Total Alive,Patient Died,Total Defaulted,Treatment Stopped,Patient transferred out,Unknown
47,2011,Q1,168,3,1,0,0,0,2,0
47,2012,Q1,156,3,2,0,0,0,1,0
47,2013,Q1,144,2,0,0,1,0,1,0
47,2015,Q1,120,3,2,1,0,0,0,0
47,2016,Q1,108,3,2,1,0,0,0,0
47,2017,Q1,96,3,2,1,0,0,0,0
47,2020,Q1,60,2,1,0,1,0,0,0
47,2021,Q1,48,2,1,0,0,0,1,0
47,2022,Q1,36,1,1,0,0,0,0,0
47,2023,Q1,24,3,0,0,1,0,2,0
site_id,Year,Quarter,Interval,Total Registered,Total Alive,Patient Died,Total Defaulted,Treatment Stopped,Patient transferred out,Unknown
480,2011,Q1,168,1,0,1,0,0,0,0
480,2012,Q1,156,2,1,0,0,0,1,0
480,2016,Q1,108,1,0,0,0,0,1,0
480,2018,Q1,84,1,0,1,0,0,0,0
site_id,Year,Quarter,Interval,Total Registered,Total Alive,Patient Died,Total Defaulted,Treatment Stopped,Patient transferred out,Unknown
481,2015,Q1,120,1,1,0,0,0,0,0
481,2016,Q1,108,1,1,0,0,0,0,0
481,2017,Q1,96,2,2,0,0,0,0,0
481,2018,Q1,84,1,0,0,0,0,1,0
481,2019,Q1,72,4,2,0,1,0,1,0
481,2020,Q1,60,1,0,0,1,0,0,0
481,2022,Q1,36,1,1,0,0,0,0,0
481,2023,Q1,24,2,2,0,0,0,0,0
481,2024,Q1,12,1,1,0,0,0,0,0
site_id,Year,Quarter,Interval,Total Registered,Total Alive,Patient Died,Total Defaulted,Treatment Stopped,Patient transferred out,Unknown
482,2012,Q1,156,3,2,0,0,0,1,0
482,2014,Q1,132,3,0,1,0,0,2,0
482,2015,Q1,120,6,3,1,0,0,2,0
482,2016,Q1,108,3,2,0,0,0,1,0
482,2017,Q1,96,1,1,0,0,0,0,0
482,2018,Q1,84,2,2,0,0,0,0,0
482,2019,Q1,72,1,0,0,0,0,1,0
482,2021,Q1,48,2,1,0,0,0,1,0
482,2023,Q1,24,1,1,0,0,0,0,0
site_id,Year,Quarter,Interval,Total Registered,Total Alive,Patient Died,Total Defaulted,Treatment Stopped,Patient transferred out,Unknown
483,2024,Q1,12,1,0,0,1,0,0,0
site_id,Year,Quarter,Interval,Total Registered,Total Alive,Patient Died,Total Defaulted,Treatment Stopped,Patient transferred out,Unknown
484,2014,Q1,132,1,1,0,0,0,0,0
484,2017,Q1,96,3,1,0,2,0,0,0
484,2018,Q1,84,1,0,0,1,0,0,0
484,2019,Q1,72,1,1,0,0,0,0,0
484,2020,Q1,60,1,1,0,0,0,0,0
484,2021,Q1,48,1,0,0,1,0,0,0
484,2022,Q1,36,1,0,0,1,0,0,0
site_id,Year,Quarter,Interval,Total Registered,Total Alive,Patient Died,Total Defaulted,Treatment Stopped,Patient transferred out,Unknown
486,2012,Q1,156,1,1,0,0,0,0,0
486,2013,Q1,144,7,2,2,0,1,2,0
486,2014,Q1,132,3,1,1,1,0,0,0
486,2015,Q1,120,7,4,0,2,0,1,0
486,2016,Q1,108,11,6,0,3,0,2,0
486,2017,Q1,96,8,5,0,1,0,2,0
486,2018,Q1,84,18,6,2,6,1,3,0
486,2019,Q1,72,11,8,1,0,0,2,0
486,2020,Q1,60,10,2,1,3,0,4,0
486,2021,Q1,48,10,3,0,2,0,5,0
486,2022,Q1,36,6,3,0,1,0,2,0
486,2023,Q1,24,13,8,2,2,0,1,0
486,2024,Q1,12,3,0,0,1,0,2,0
site_id,Year,Quarter,Interval,Total Registered,Total Alive,Patient Died,Total Defaulted,Treatment Stopped,Patient transferred out,Unknown
489,2012,Q1,156,1,0,0,0,0,1,0
489,2014,Q1,132,2,1,0,0,0,1,0
489,2016,Q1,108,2,0,1,0,0,1,0
489,2017,Q1,96,3,0,0,0,0,3,0
489,2018,Q1,84,3,1,0,0,0,2,0
489,2019,Q1,72,1,0,0,1,0,0,0
489,2020,Q1,60,1,0,0,0,0,1,0
489,2021,Q1,48,1,0,0,1,0,0,0
site_id,Year,Quarter,Interval,Total Registered,Total Alive,Patient Died,Total Defaulted,Treatment Stopped,Patient transferred out,Unknown
48,2012,Q1,156,2,0,1,0,0,1,0
48,2015,Q1,120,1,1,0,0,0,0,0
48,2017,Q1,96,1,1,0,0,0,0,0
48,2018,Q1,84,2,0,0,1,0,1,0
48,2019,Q1,72,1,1,0,0,0,0,0
48,2020,Q1,60,1,0,0,0,0,1,0
48,2022,Q1,36,2,1,0,1,0,0,0
48,2023,Q1,24,2,2,0,0,0,0,0
48,2024,Q1,12,1,1,0,0,0,0,0
site_id,Year,Quarter,Interval,Total Registered,Total Alive,Patient Died,Total Defaulted,Treatment Stopped,Patient transferred out,Unknown
490,2018,Q1,84,5,2,0,2,0,1,0
490,2020,Q1,60,2,0,0,2,0,0,0
490,2021,Q1,48,1,0,0,0,0,1,0
490,2024,Q1,12,2,0,0,1,0,1,0
site_id,Year,Quarter,Interval,Total Registered,Total Alive,Patient Died,Total Defaulted,Treatment Stopped,Patient transferred out,Unknown
491,2017,Q1,96,1,0,1,0,0,0,0
491,2019,Q1,72,3,0,1,1,0,1,0
491,2020,Q1,60,1,0,0,1,0,0,0
491,2023,Q1,24,2,1,0,0,0,1,0
site_id,Year,Quarter,Interval,Total Registered,Total Alive,Patient Died,Total Defaulted,Treatment Stopped,Patient transferred out,Unknown
492,2014,Q1,132,3,1,0,1,0,1,0
492,2015,Q1,120,1,1,0,0,0,0,0
492,2017,Q1,96,1,0,1,0,0,0,0
492,2022,Q1,36,1,0,0,1,0,0,0
site_id,Year,Quarter,Interval,Total Registered,Total Alive,Patient Died,Total Defaulted,Treatment Stopped,Patient transferred out,Unknown
493,2013,Q1,144,2,0,0,0,1,1,0
493,2014,Q1,132,1,1,0,0,0,0,0
493,2016,Q1,108,1,0,0,0,0,1,0
493,2017,Q1,96,5,0,0,0,0,5,0
493,2018,Q1,84,1,1,0,0,0,0,0
493,2019,Q1,72,1,0,0,0,0,1,0
493,2022,Q1,36,1,1,0,0,0,0,0
site_id,Year,Quarter,Interval,Total Registered,Total Alive,Patient Died,Total Defaulted,Treatment Stopped,Patient transferred out,Unknown
495,2011,Q1,168,1,1,0,0,0,0,0
495,2012,Q1,156,6,2,0,2,0,2,0
495,2013,Q1,144,3,1,0,2,0,0,0
495,2014,Q1,132,3,1,0,2,0,0,0
495,2015,Q1,120,1,0,1,0,0,0,0
495,2016,Q1,108,8,3,0,3,0,2,0
495,2017,Q1,96,6,1,1,1,0,3,0
495,2018,Q1,84,6,3,0,1,0,2,0
495,2019,Q1,72,3,1,0,2,0,0,0
495,2020,Q1,60,9,3,1,3,0,2,0
495,2021,Q1,48,4,1,0,0,0,3,0
495,2022,Q1,36,6,3,0,1,0,2,0
495,2023,Q1,24,4,3,0,0,0,1,0
495,2024,Q1,12,10,7,1,1,0,1,0
site_id,Year,Quarter,Interval,Total Registered,Total Alive,Patient Died,Total Defaulted,Treatment Stopped,Patient transferred out,Unknown
498,2013,Q1,144,1,0,0,0,0,1,0
498,2014,Q1,132,1,0,0,0,0,1,0
498,2016,Q1,108,2,1,0,0,0,1,0
498,2017,Q1,96,1,0,0,0,0,1,0
498,2019,Q1,72,1,0,0,1,0,0,0
498,2020,Q1,60,1,1,0,0,0,0,0
498,2021,Q1,48,2,0,0,0,0,2,0
site_id,Year,Quarter,Interval,Total Registered,Total Alive,Patient Died,Total Defaulted,Treatment Stopped,Patient transferred out,Unknown
499,2011,Q1,168,3,0,0,0,0,3,0
499,2012,Q1,156,7,4,1,1,0,1,0
499,2013,Q1,144,3,2,0,1,0,0,0
499,2014,Q1,132,8,3,1,2,1,1,0
499,2015,Q1,120,8,0,1,4,0,3,0
499,2016,Q1,108,14,5,0,6,0,3,0
499,2017,Q1,96,17,4,0,7,0,6,0
499,2018,Q1,84,8,1,2,3,0,2,0
499,2019,Q1,72,8,1,2,3,0,2,0
499,2020,Q1,60,13,11,0,1,0,1,0
499,2021,Q1,48,11,3,1,3,0,4,0
499,2022,Q1,36,7,4,0,1,0,2,0
499,2023,Q1,24,16,11,0,0,0,5,0
499,2024,Q1,12,13,9,1,3,0,0,0
site_id,Year,Quarter,Interval,Total Registered,Total Alive,Patient Died,Total Defaulted,Treatment Stopped,Patient transferred out,Unknown
49,2011,Q1,168,6,1,0,1,3,1,0
49,2012,Q1,156,1,0,0,0,0,1,0
49,2013,Q1,144,2,0,1,0,0,1,0
49,2015,Q1,120,1,1,0,0,0,0,0
49,2017,Q1,96,3,0,0,0,0,3,0
49,2018,Q1,84,1,0,0,0,0,1,0
49,2020,Q1,60,2,0,1,0,0,1,0
49,2022,Q1,36,1,0,0,0,0,1,0
49,2023,Q1,24,1,1,0,0,0,0,0
49,2024,Q1,12,2,1,0,1,0,0,0
site_id,Year,Quarter,Interval,Total Registered,Total Alive,Patient Died,Total Defaulted,Treatment Stopped,Patient transferred out,Unknown
500,2012,Q1,156,7,1,0,4,0,2,0
500,2013,Q1,144,7,1,0,3,1,2,0
500,2014,Q1,132,3,0,1,2,0,0,0
500,2015,Q1,120,10,4,2,1,0,3,0
500,2016,Q1,108,10,3,1,3,0,3,0
500,2017,Q1,96,16,3,0,3,0,10,0
500,2018,Q1,84,8,5,0,2,0,1,0
500,2019,Q1,72,12,2,0,5,0,5,0
500,2020,Q1,60,10,4,0,2,0,4,0
500,2021,Q1,48,6,1,0,1,0,4,0
500,2022,Q1,36,8,3,0,0,0,5,0
500,2023,Q1,24,11,3,0,3,0,5,0
500,2024,Q1,12,9,4,0,4,0,1,0
site_id,Year,Quarter,Interval,Total Registered,Total Alive,Patient Died,Total Defaulted,Treatment Stopped,Patient transferred out,Unknown
502,2021,Q1,48,1,0,0,1,0,0,0
502,2022,Q1,36,1,1,0,0,0,0,0
site_id,Year,Quarter,Interval,Total Registered,Total Alive,Patient Died,Total Defaulted,Treatment Stopped,Patient transferred out,Unknown
503,2012,Q1,156,2,1,0,0,0,1,0
503,2013,Q1,144,3,1,0,0,0,2,0
503,2014,Q1,132,3,1,0,1,0,1,0
503,2015,Q1,120,5,1,0,4,0,0,0
503,2016,Q1,108,2,2,0,0,0,0,0
503,2017,Q1,96,8,2,0,3,1,2,0
503,2018,Q1,84,2,1,0,1,0,0,0
503,2019,Q1,72,3,3,0,0,0,0,0
503,2020,Q1,60,4,2,0,0,0,2,0
503,2021,Q1,48,2,2,0,0,0,0,0
503,2022,Q1,36,2,2,0,0,0,0,0
503,2023,Q1,24,3,1,0,0,0,2,0
503,2024,Q1,12,2,1,0,0,1,0,0
site_id,Year,Quarter,Interval,Total Registered,Total Alive,Patient Died,Total Defaulted,Treatment Stopped,Patient transferred out,Unknown
504,2013,Q1,144,2,0,1,0,0,1,0
504,2014,Q1,132,4,2,0,0,0,2,0
504,2016,Q1,108,2,0,1,0,0,1,0
504,2017,Q1,96,4,2,1,0,0,1,0
504,2018,Q1,84,6,4,1,0,0,1,0
504,2019,Q1,72,20,14,3,0,0,3,0
504,2020,Q1,60,3,1,1,0,0,1,0
504,2021,Q1,48,1,1,0,0,0,0,0
504,2022,Q1,36,1,1,0,0,0,0,0
504,2023,Q1,24,3,2,1,0,0,0,0
504,2024,Q1,12,1,1,0,0,0,0,0
site_id,Year,Quarter,Interval,Total Registered,Total Alive,Patient Died,Total Defaulted,Treatment Stopped,Patient transferred out,Unknown
506,2011,Q1,168,5,0,2,2,0,1,0
506,2012,Q1,156,4,1,2,0,0,1,0
506,2013,Q1,144,2,0,0,0,1,1,0
506,2015,Q1,120,3,0,0,1,0,2,0
506,2016,Q1,108,1,0,0,1,0,0,0
506,2017,Q1,96,1,1,0,0,0,0,0
506,2018,Q1,84,5,1,1,1,0,2,0
506,2019,Q1,72,2,1,0,1,0,0,0
506,2022,Q1,36,3,2,0,0,0,1,0
506,2023,Q1,24,1,1,0,0,0,0,0
506,2024,Q1,12,2,1,0,1,0,0,0
site_id,Year,Quarter,Interval,Total Registered,Total Alive,Patient Died,Total Defaulted,Treatment Stopped,Patient transferred out,Unknown
507,2012,Q1,156,4,0,0,0,0,4,0
507,2013,Q1,144,4,2,1,0,0,1,0
507,2014,Q1,132,4,0,1,0,0,3,0
507,2015,Q1,120,4,1,0,0,0,3,0
507,2016,Q1,108,7,2,1,1,0,3,0
507,2017,Q1,96,7,2,0,1,0,4,0
507,2018,Q1,84,7,1,0,2,0,4,0
507,2019,Q1,72,2,0,0,1,0,1,0
507,2020,Q1,60,3,2,1,0,0,0,0
507,2021,Q1,48,1,0,0,1,0,0,0
507,2022,Q1,36,1,1,0,0,0,0,0
507,2023,Q1,24,1,1,0,0,0,0,0
507,2024,Q1,12,2,1,0,1,0,0,0
site_id,Year,Quarter,Interval,Total Registered,Total Alive,Patient Died,Total Defaulted,Treatment Stopped,Patient transferred out,Unknown
508,2011,Q1,168,3,2,1,0,0,0,0
508,2012,Q1,156,7,2,2,3,0,0,0
508,2013,Q1,144,4,3,0,0,0,1,0
508,2014,Q1,132,4,2,0,1,1,0,0
508,2015,Q1,120,9,1,2,1,1,4,0
508,2016,Q1,108,8,4,0,2,0,2,0
508,2017,Q1,96,10,7,1,0,0,2,0
508,2018,Q1,84,12,6,0,1,0,5,0
508,2019,Q1,72,9,4,2,3,0,0,0
508,2020,Q1,60,16,7,3,5,0,1,0
508,2021,Q1,48,3,2,0,0,1,0,0
508,2022,Q1,36,4,2,0,1,0,1,0
508,2023,Q1,24,6,3,1,2,0,0,0
508,2024,Q1,12,4,3,0,1,0,0,0
site_id,Year,Quarter,Interval,Total Registered,Total Alive,Patient Died,Total Defaulted,Treatment Stopped,Patient transferred out,Unknown
509,2013,Q1,144,2,0,1,0,0,1,0
509,2014,Q1,132,3,0,0,2,0,1,0
509,2015,Q1,120,2,0,0,1,0,1,0
509,2016,Q1,108,1,1,0,0,0,0,0
509,2017,Q1,96,4,1,0,3,0,0,0
509,2018,Q1,84,3,0,0,2,0,1,0
509,2019,Q1,72,2,0,0,0,1,1,0
509,2020,Q1,60,1,1,0,0,0,0,0
509,2021,Q1,48,2,1,1,0,0,0,0
site_id,Year,Quarter,Interval,Total Registered,Total Alive,Patient Died,Total Defaulted,Treatment Stopped,Patient transferred out,Unknown
50,2018,Q1,84,1,0,0,1,0,0,0
50,2022,Q1,36,1,0,0,0,0,1,0
50,2023,Q1,24,1,1,0,0,0,0,0
50,2024,Q1,12,1,1,0,0,0,0,0
site_id,Year,Quarter,Interval,Total Registered,Total Alive,Patient Died,Total Defaulted,Treatment Stopped,Patient transferred out,Unknown
510,2012,Q1,156,2,1,1,0,0,0,0
510,2013,Q1,144,8,6,1,1,0,0,0
510,2014,Q1,132,7,4,2,1,0,0,0
510,2015,Q1,120,5,3,0,1,0,1,0
510,2016,Q1,108,11,4,2,2,0,3,0
510,2017,Q1,96,6,5,0,1,0,0,0
510,2018,Q1,84,9,4,1,3,0,1,0
510,2019,Q1,72,9,1,0,7,0,1,0
510,2020,Q1,60,12,7,0,4,0,1,0
510,2021,Q1,48,5,3,1,1,0,0,0
510,2022,Q1,36,6,4,0,2,0,0,0
510,2023,Q1,24,7,6,1,0,0,0,0
510,2024,Q1,12,7,6,0,1,0,0,0
site_id,Year,Quarter,Interval,Total Registered,Total Alive,Patient Died,Total Defaulted,Treatment Stopped,Patient transferred out,Unknown
511,2013,Q1,144,1,0,0,0,0,1,0
511,2016,Q1,108,1,0,0,1,0,0,0
511,2017,Q1,96,1,0,0,1,0,0,0
511,2020,Q1,60,3,1,1,1,0,0,0
511,2022,Q1,36,1,1,0,0,0,0,0
511,2024,Q1,12,2,0,0,1,0,1,0
site_id,Year,Quarter,Interval,Total Registered,Total Alive,Patient Died,Total Defaulted,Treatment Stopped,Patient transferred out,Unknown
512,2012,Q1,156,1,1,0,0,0,0,0
512,2014,Q1,132,1,1,0,0,0,0,0
512,2016,Q1,108,1,1,0,0,0,0,0
512,2017,Q1,96,3,2,0,0,0,1,0
512,2018,Q1,84,1,0,0,0,0,1,0
512,2019,Q1,72,2,1,1,0,0,0,0
512,2020,Q1,60,5,2,0,0,0,3,0
512,2024,Q1,12,2,0,0,0,0,2,0
site_id,Year,Quarter,Interval,Total Registered,Total Alive,Patient Died,Total Defaulted,Treatment Stopped,Patient transferred out,Unknown
513,2012,Q1,156,2,0,1,0,0,1,0
513,2017,Q1,96,2,0,0,1,0,1,0
513,2019,Q1,72,2,0,1,0,0,1,0
513,2020,Q1,60,2,0,1,0,0,1,0
513,2022,Q1,36,1,0,0,0,0,1,0
513,2023,Q1,24,2,1,0,1,0,0,0
site_id,Year,Quarter,Interval,Total Registered,Total Alive,Patient Died,Total Defaulted,Treatment Stopped,Patient transferred out,Unknown
515,2011,Q1,168,6,2,1,2,0,1,0
515,2012,Q1,156,8,2,1,2,0,3,0
515,2013,Q1,144,4,0,0,2,0,2,0
515,2014,Q1,132,5,1,0,2,0,2,0
515,2015,Q1,120,11,4,0,6,0,1,0
515,2016,Q1,108,7,3,0,3,0,1,0
515,2017,Q1,96,4,2,0,2,0,0,0
515,2018,Q1,84,6,3,1,2,0,0,0
515,2019,Q1,72,1,0,0,0,0,1,0
515,2020,Q1,60,7,2,1,1,0,3,0
515,2021,Q1,48,3,2,1,0,0,0,0
515,2022,Q1,36,2,2,0,0,0,0,0
515,2023,Q1,24,4,2,0,0,0,2,0
515,2024,Q1,12,6,3,1,0,0,2,0
site_id,Year,Quarter,Interval,Total Registered,Total Alive,Patient Died,Total Defaulted,Treatment Stopped,Patient transferred out,Unknown
516,2021,Q1,48,1,1,0,0,0,0,0
516,2023,Q1,24,1,0,1,0,0,0,0
site_id,Year,Quarter,Interval,Total Registered,Total Alive,Patient Died,Total Defaulted,Treatment Stopped,Patient transferred out,Unknown
517,2012,Q1,156,1,1,0,0,0,0,0
517,2013,Q1,144,2,2,0,0,0,0,0
517,2014,Q1,132,4,2,1,1,0,0,0
517,2015,Q1,120,3,2,0,1,0,0,0
517,2016,Q1,108,2,0,0,2,0,0,0
517,2017,Q1,96,4,1,0,1,0,2,0
517,2018,Q1,84,4,3,0,1,0,0,0
517,2019,Q1,72,4,2,0,2,0,0,0
517,2020,Q1,60,5,4,0,0,0,1,0
517,2021,Q1,48,4,3,0,0,1,0,0
517,2022,Q1,36,2,1,0,0,0,1,0
517,2023,Q1,24,3,1,0,0,0,2,0
517,2024,Q1,12,3,1,0,1,0,1,0
site_id,Year,Quarter,Interval,Total Registered,Total Alive,Patient Died,Total Defaulted,Treatment Stopped,Patient transferred out,Unknown
518,2013,Q1,144,1,0,0,0,0,1,0
518,2014,Q1,132,1,0,0,1,0,0,0
518,2015,Q1,120,1,0,0,0,0,1,0
518,2016,Q1,108,1,0,1,0,0,0,0
518,2017,Q1,96,3,2,0,0,0,1,0
518,2018,Q1,84,1,0,0,0,0,1,0
518,2019,Q1,72,6,4,1,0,1,0,0
518,2020,Q1,60,2,2,0,0,0,0,0
518,2021,Q1,48,7,5,0,0,0,2,0
518,2022,Q1,36,2,2,0,0,0,0,0
518,2023,Q1,24,3,1,0,0,0,2,0
518,2024,Q1,12,5,3,0,0,0,2,0
site_id,Year,Quarter,Interval,Total Registered,Total Alive,Patient Died,Total Defaulted,Treatment Stopped,Patient transferred out,Unknown
519,2012,Q1,156,2,0,1,0,0,1,0
519,2013,Q1,144,1,0,1,0,0,0,0
519,2014,Q1,132,2,0,0,2,0,0,0
519,2015,Q1,120,4,1,2,1,0,0,0
519,2016,Q1,108,5,1,0,3,0,1,0
519,2017,Q1,96,6,1,2,2,0,1,0
519,2018,Q1,84,12,6,0,2,0,4,0
519,2019,Q1,72,9,6,1,1,0,1,0
519,2020,Q1,60,4,2,0,2,0,0,0
519,2021,Q1,48,4,3,0,0,0,1,0
519,2022,Q1,36,4,2,1,1,0,0,0
519,2023,Q1,24,2,2,0,0,0,0,0
519,2024,Q1,12,2,1,0,0,0,1,0
site_id,Year,Quarter,Interval,Total Registered,Total Alive,Patient Died,Total Defaulted,Treatment Stopped,Patient transferred out,Unknown
520,2014,Q1,132,1,1,0,0,0,0,0
520,2016,Q1,108,1,0,0,0,0,1,0
520,2018,Q1,84,1,0,1,0,0,0,0
520,2021,Q1,48,1,0,0,0,0,1,0
520,2022,Q1,36,1,0,0,0,1,0,0
520,2023,Q1,24,1,0,0,0,1,0,0
site_id,Year,Quarter,Interval,Total Registered,Total Alive,Patient Died,Total Defaulted,Treatment Stopped,Patient transferred out,Unknown
521,2013,Q1,144,1,0,0,1,0,0,0
521,2014,Q1,132,1,0,1,0,0,0,0
521,2015,Q1,120,1,0,0,0,0,1,0
521,2016,Q1,108,4,0,1,3,0,0,0
521,2017,Q1,96,5,3,0,2,0,0,0
521,2018,Q1,84,4,2,2,0,0,0,0
521,2019,Q1,72,1,0,0,1,0,0,0
521,2021,Q1,48,3,1,0,1,0,1,0
521,2022,Q1,36,1,0,1,0,0,0,0
521,2023,Q1,24,2,1,0,0,0,1,0
521,2024,Q1,12,3,2,0,0,0,1,0
site_id,Year,Quarter,Interval,Total Registered,Total Alive,Patient Died,Total Defaulted,Treatment Stopped,Patient transferred out,Unknown
522,2013,Q1,144,4,2,1,0,0,1,0
522,2014,Q1,132,1,1,0,0,0,0,0
522,2017,Q1,96,2,1,1,0,0,0,0
522,2019,Q1,72,1,1,0,0,0,0,0
522,2021,Q1,48,3,1,1,0,0,1,0
522,2022,Q1,36,2,2,0,0,0,0,0
site_id,Year,Quarter,Interval,Total Registered,Total Alive,Patient Died,Total Defaulted,Treatment Stopped,Patient transferred out,Unknown
523,2012,Q1,156,6,1,1,0,0,4,0
523,2013,Q1,144,4,3,0,0,0,1,0
523,2016,Q1,108,3,1,0,0,0,2,0
523,2017,Q1,96,4,2,0,1,0,1,0
523,2018,Q1,84,1,1,0,0,0,0,0
523,2019,Q1,72,3,1,0,0,0,2,0
523,2021,Q1,48,2,0,0,0,0,2,0
523,2022,Q1,36,3,1,1,1,0,0,0
523,2023,Q1,24,2,1,0,0,0,1,0
523,2024,Q1,12,3,2,0,0,0,1,0
site_id,Year,Quarter,Interval,Total Registered,Total Alive,Patient Died,Total Defaulted,Treatment Stopped,Patient transferred out,Unknown
524,2013,Q1,144,3,1,0,0,0,2,0
524,2014,Q1,132,2,2,0,0,0,0,0
524,2015,Q1,120,3,0,1,2,0,0,0
524,2016,Q1,108,1,0,0,1,0,0,0
524,2017,Q1,96,3,1,0,1,0,1,0
524,2018,Q1,84,6,2,1,2,0,1,0
524,2019,Q1,72,2,0,0,1,0,1,0
524,2020,Q1,60,4,3,1,0,0,0,0
524,2021,Q1,48,2,2,0,0,0,0,0
524,2022,Q1,36,1,0,0,1,0,0,0
524,2023,Q1,24,3,2,0,1,0,0,0
524,2024,Q1,12,2,2,0,0,0,0,0
site_id,Year,Quarter,Interval,Total Registered,Total Alive,Patient Died,Total Defaulted,Treatment Stopped,Patient transferred out,Unknown
525,2012,Q1,156,1,1,0,0,0,0,0
525,2013,Q1,144,3,2,1,0,0,0,0
525,2014,Q1,132,3,1,1,0,0,1,0
525,2015,Q1,120,1,0,0,1,0,0,0
525,2016,Q1,108,1,0,0,0,1,0,0
525,2017,Q1,96,2,0,1,0,0,1,0
525,2018,Q1,84,1,0,0,0,0,1,0
525,2019,Q1,72,2,2,0,0,0,0,0
525,2020,Q1,60,1,0,0,0,0,1,0
525,2021,Q1,48,3,0,1,0,0,2,0
525,2022,Q1,36,2,1,0,0,0,1,0
525,2023,Q1,24,2,2,0,0,0,0,0
525,2024,Q1,12,1,1,0,0,0,0,0
site_id,Year,Quarter,Interval,Total Registered,Total Alive,Patient Died,Total Defaulted,Treatment Stopped,Patient transferred out,Unknown
526,2012,Q1,156,4,1,0,2,0,1,0
526,2014,Q1,132,3,2,0,0,0,1,0
526,2015,Q1,120,2,0,0,0,1,1,0
526,2016,Q1,108,2,1,0,0,0,1,0
526,2017,Q1,96,3,1,0,1,0,1,0
526,2018,Q1,84,3,2,0,0,0,1,0
526,2019,Q1,72,5,2,0,0,0,3,0
526,2020,Q1,60,1,0,0,1,0,0,0
526,2021,Q1,48,5,3,0,0,0,2,0
526,2022,Q1,36,1,0,0,0,0,1,0
526,2023,Q1,24,1,1,0,0,0,0,0
526,2024,Q1,12,1,1,0,0,0,0,0
site_id,Year,Quarter,Interval,Total Registered,Total Alive,Patient Died,Total Defaulted,Treatment Stopped,Patient transferred out,Unknown
527,2013,Q1,144,1,0,0,0,0,1,0
527,2014,Q1,132,6,1,1,0,0,4,0
527,2015,Q1,120,1,0,0,0,0,1,0
527,2016,Q1,108,6,4,1,0,0,1,0
527,2017,Q1,96,3,1,0,0,0,2,0
527,2018,Q1,84,3,2,1,0,0,0,0
527,2019,Q1,72,4,3,0,0,0,1,0
527,2020,Q1,60,1,0,0,0,0,1,0
527,2021,Q1,48,2,0,1,0,0,1,0
527,2022,Q1,36,1,1,0,0,0,0,0
527,2023,Q1,24,3,2,0,0,0,1,0
527,2024,Q1,12,2,1,0,1,0,0,0
site_id,Year,Quarter,Interval,Total Registered,Total Alive,Patient Died,Total Defaulted,Treatment Stopped,Patient transferred out,Unknown
528,2011,Q1,168,3,2,0,1,0,0,0
528,2012,Q1,156,1,0,0,1,0,0,0
528,2013,Q1,144,5,2,0,3,0,0,0
528,2016,Q1,108,1,1,0,0,0,0,0
528,2017,Q1,96,7,3,2,1,0,1,0
528,2018,Q1,84,3,0,0,3,0,0,0
528,2019,Q1,72,2,2,0,0,0,0,0
528,2020,Q1,60,4,1,0,2,0,1,0
528,2021,Q1,48,2,2,0,0,0,0,0
528,2022,Q1,36,5,3,0,1,0,1,0
528,2023,Q1,24,3,1,0,1,0,1,0
528,2024,Q1,12,3,2,0,1,0,0,0
site_id,Year,Quarter,Interval,Total Registered,Total Alive,Patient Died,Total Defaulted,Treatment Stopped,Patient transferred out,Unknown
52,2016,Q1,108,1,0,0,0,0,1,0
52,2018,Q1,84,1,1,0,0,0,0,0
52,2021,Q1,48,1,1,0,0,0,0,0
52,2022,Q1,36,1,0,0,1,0,0,0
52,2023,Q1,24,1,0,0,0,0,1,0
site_id,Year,Quarter,Interval,Total Registered,Total Alive,Patient Died,Total Defaulted,Treatment Stopped,Patient transferred out,Unknown
530,2012,Q1,156,2,1,0,1,0,0,0
530,2013,Q1,144,3,3,0,0,0,0,0
530,2014,Q1,132,1,0,0,0,0,1,0
530,2015,Q1,120,5,4,0,1,0,0,0
530,2016,Q1,108,6,0,0,4,0,2,0
530,2017,Q1,96,13,6,1,5,0,1,0
530,2018,Q1,84,8,2,3,0,0,3,0
530,2019,Q1,72,3,2,0,1,0,0,0
530,2020,Q1,60,4,2,0,1,0,1,0
530,2021,Q1,48,7,5,1,1,0,0,0
530,2022,Q1,36,4,2,0,1,0,1,0
530,2023,Q1,24,4,2,0,2,0,0,0
530,2024,Q1,12,4,1,0,1,0,2,0
site_id,Year,Quarter,Interval,Total Registered,Total Alive,Patient Died,Total Defaulted,Treatment Stopped,Patient transferred out,Unknown
531,2013,Q1,144,1,1,0,0,0,0,0
531,2015,Q1,120,2,1,1,0,0,0,0
531,2017,Q1,96,3,1,1,1,0,0,0
531,2018,Q1,84,1,0,0,0,0,1,0
531,2019,Q1,72,1,0,0,1,0,0,0
531,2020,Q1,60,1,0,0,0,1,0,0
531,2022,Q1,36,3,0,0,2,0,1,0
531,2023,Q1,24,2,0,0,2,0,0,0
531,2024,Q1,12,3,2,0,1,0,0,0
site_id,Year,Quarter,Interval,Total Registered,Total Alive,Patient Died,Total Defaulted,Treatment Stopped,Patient transferred out,Unknown
533,2011,Q1,168,1,1,0,0,0,0,0
533,2012,Q1,156,6,2,1,1,0,2,0
533,2013,Q1,144,8,1,1,4,0,2,0
533,2014,Q1,132,8,1,1,3,0,3,0
533,2015,Q1,120,9,4,0,4,0,1,0
533,2016,Q1,108,18,3,1,4,1,9,0
533,2017,Q1,96,5,4,0,1,0,0,0
533,2018,Q1,84,10,5,0,4,0,1,0
533,2019,Q1,72,7,0,0,3,0,4,0
533,2020,Q1,60,17,11,0,2,0,4,0
533,2021,Q1,48,9,3,0,2,1,3,0
533,2022,Q1,36,6,2,1,0,0,3,0
533,2023,Q1,24,5,2,0,1,0,2,0
533,2024,Q1,12,10,7,0,0,0,3,0
site_id,Year,Quarter,Interval,Total Registered,Total Alive,Patient Died,Total Defaulted,Treatment Stopped,Patient transferred out,Unknown
534,2011,Q1,168,3,3,0,0,0,0,0
534,2012,Q1,156,3,2,0,1,0,0,0
534,2013,Q1,144,1,1,0,0,0,0,0
534,2014,Q1,132,1,0,0,0,0,1,0
534,2016,Q1,108,2,2,0,0,0,0,0
534,2017,Q1,96,1,0,0,1,0,0,0
534,2018,Q1,84,1,1,0,0,0,0,0
534,2019,Q1,72,3,3,0,0,0,0,0
534,2020,Q1,60,2,2,0,0,0,0,0
534,2021,Q1,48,1,1,0,0,0,0,0
534,2023,Q1,24,1,1,0,0,0,0,0
534,2024,Q1,12,1,1,0,0,0,0,0
site_id,Year,Quarter,Interval,Total Registered,Total Alive,Patient Died,Total Defaulted,Treatment Stopped,Patient transferred out,Unknown
537,2023,Q1,24,1,0,0,0,0,1,0
site_id,Year,Quarter,Interval,Total Registered,Total Alive,Patient Died,Total Defaulted,Treatment Stopped,Patient transferred out,Unknown
539,2012,Q1,156,8,1,1,3,0,3,0
539,2013,Q1,144,5,3,0,0,0,2,0
539,2014,Q1,132,15,8,1,3,0,3,0
539,2015,Q1,120,12,5,1,5,0,1,0
539,2016,Q1,108,8,3,2,0,0,3,0
539,2017,Q1,96,13,4,2,3,0,4,0
539,2018,Q1,84,6,1,0,1,0,4,0
539,2019,Q1,72,9,1,3,2,0,3,0
539,2020,Q1,60,16,5,1,4,0,6,0
539,2021,Q1,48,8,5,0,0,1,2,0
539,2022,Q1,36,9,5,1,0,0,3,0
539,2023,Q1,24,3,0,0,0,0,3,0
539,2024,Q1,12,12,8,1,2,0,1,0
site_id,Year,Quarter,Interval,Total Registered,Total Alive,Patient Died,Total Defaulted,Treatment Stopped,Patient transferred out,Unknown
53,2014,Q1,132,3,2,0,1,0,0,0
53,2015,Q1,120,1,1,0,0,0,0,0
53,2016,Q1,108,2,1,0,1,0,0,0
53,2017,Q1,96,1,0,0,1,0,0,0
53,2018,Q1,84,1,0,1,0,0,0,0
53,2019,Q1,72,2,1,0,1,0,0,0
53,2020,Q1,60,2,2,0,0,0,0,0
53,2021,Q1,48,2,0,0,2,0,0,0
53,2022,Q1,36,2,0,1,0,0,1,0
53,2024,Q1,12,1,0,0,1,0,0,0
site_id,Year,Quarter,Interval,Total Registered,Total Alive,Patient Died,Total Defaulted,Treatment Stopped,Patient transferred out,Unknown
540,2012,Q1,156,1,0,0,0,0,1,0
540,2013,Q1,144,1,0,0,0,0,1,0
540,2014,Q1,132,2,0,2,0,0,0,0
540,2015,Q1,120,1,0,1,0,0,0,0
540,2016,Q1,108,2,0,0,1,0,1,0
540,2017,Q1,96,2,0,1,0,1,0,0
540,2018,Q1,84,2,0,0,1,0,1,0
540,2019,Q1,72,1,0,0,0,0,1,0
540,2020,Q1,60,3,1,0,1,0,1,0
540,2021,Q1,48,1,0,0,0,0,1,0
540,2022,Q1,36,2,1,1,0,0,0,0
540,2023,Q1,24,3,2,0,1,0,0,0
540,2024,Q1,12,2,2,0,0,0,0,0
site_id,Year,Quarter,Interval,Total Registered,Total Alive,Patient Died,Total Defaulted,Treatment Stopped,Patient transferred out,Unknown
541,2017,Q1,96,1,0,1,0,0,0,0
541,2021,Q1,48,1,0,0,1,0,0,0
site_id,Year,Quarter,Interval,Total Registered,Total Alive,Patient Died,Total Defaulted,Treatment Stopped,Patient transferred out,Unknown
542,2015,Q1,120,1,0,0,0,0,1,0
542,2016,Q1,108,1,0,0,0,0,1,0
542,2019,Q1,72,2,2,0,0,0,0,0
542,2020,Q1,60,3,2,1,0,0,0,0
542,2021,Q1,48,1,1,0,0,0,0,0
542,2022,Q1,36,1,0,1,0,0,0,0
542,2023,Q1,24,2,1,0,1,0,0,0
542,2024,Q1,12,1,0,0,0,0,1,0
site_id,Year,Quarter,Interval,Total Registered,Total Alive,Patient Died,Total Defaulted,Treatment Stopped,Patient transferred out,Unknown
543,2011,Q1,168,1,1,0,0,0,0,0
543,2015,Q1,120,1,0,0,0,0,1,0
543,2016,Q1,108,1,1,0,0,0,0,0
543,2017,Q1,96,1,1,0,0,0,0,0
543,2020,Q1,60,2,0,0,1,0,1,0
543,2024,Q1,12,1,0,0,0,0,1,0
site_id,Year,Quarter,Interval,Total Registered,Total Alive,Patient Died,Total Defaulted,Treatment Stopped,Patient transferred out,Unknown
544,2011,Q1,168,2,0,1,0,0,1,0
544,2012,Q1,156,1,0,0,1,0,0,0
544,2013,Q1,144,2,0,0,2,0,0,0
544,2014,Q1,132,1,1,0,0,0,0,0
544,2015,Q1,120,3,1,0,1,0,1,0
544,2016,Q1,108,6,3,1,1,0,1,0
544,2017,Q1,96,6,2,0,2,0,2,0
544,2018,Q1,84,4,2,0,1,0,1,0
544,2019,Q1,72,1,0,0,1,0,0,0
544,2020,Q1,60,3,1,1,1,0,0,0
544,2021,Q1,48,5,2,1,1,0,1,0
544,2022,Q1,36,2,1,1,0,0,0,0
544,2023,Q1,24,2,1,1,0,0,0,0
site_id,Year,Quarter,Interval,Total Registered,Total Alive,Patient Died,Total Defaulted,Treatment Stopped,Patient transferred out,Unknown
545,2014,Q1,132,1,0,0,0,0,1,0
545,2016,Q1,108,2,0,1,1,0,0,0
545,2017,Q1,96,1,1,0,0,0,0,0
545,2021,Q1,48,1,0,0,1,0,0,0
545,2022,Q1,36,1,0,0,1,0,0,0
site_id,Year,Quarter,Interval,Total Registered,Total Alive,Patient Died,Total Defaulted,Treatment Stopped,Patient transferred out,Unknown
546,2012,Q1,156,3,2,1,0,0,0,0
546,2013,Q1,144,3,0,1,1,0,1,0
546,2014,Q1,132,3,2,0,0,0,1,0
546,2015,Q1,120,7,2,1,3,0,1,0
546,2016,Q1,108,8,5,1,2,0,0,0
546,2017,Q1,96,14,3,2,7,0,2,0
546,2018,Q1,84,7,1,0,3,0,3,0
546,2019,Q1,72,6,1,1,2,0,2,0
546,2020,Q1,60,10,8,0,0,0,2,0
546,2021,Q1,48,6,5,0,0,0,1,0
546,2022,Q1,36,4,3,0,0,1,0,0
546,2023,Q1,24,3,1,0,2,0,0,0
546,2024,Q1,12,4,3,1,0,0,0,0
site_id,Year,Quarter,Interval,Total Registered,Total Alive,Patient Died,Total Defaulted,Treatment Stopped,Patient transferred out,Unknown
547,2012,Q1,156,2,1,0,1,0,0,0
547,2013,Q1,144,1,1,0,0,0,0,0
547,2014,Q1,132,7,5,0,1,0,1,0
547,2015,Q1,120,1,1,0,0,0,0,0
547,2016,Q1,108,2,0,2,0,0,0,0
547,2017,Q1,96,1,0,0,0,0,1,0
547,2018,Q1,84,6,1,1,2,1,1,0
547,2019,Q1,72,4,3,0,0,0,1,0
547,2020,Q1,60,6,5,0,0,0,1,0
547,2021,Q1,48,1,0,0,0,0,1,0
547,2022,Q1,36,1,1,0,0,0,0,0
site_id,Year,Quarter,Interval,Total Registered,Total Alive,Patient Died,Total Defaulted,Treatment Stopped,Patient transferred out,Unknown
548,2013,Q1,144,1,1,0,0,0,0,0
548,2017,Q1,96,1,0,0,0,0,1,0
548,2021,Q1,48,1,1,0,0,0,0,0
548,2022,Q1,36,1,0,0,0,0,1,0
548,2023,Q1,24,1,0,0,1,0,0,0
site_id,Year,Quarter,Interval,Total Registered,Total Alive,Patient Died,Total Defaulted,Treatment Stopped,Patient transferred out,Unknown
549,2011,Q1,168,4,4,0,0,0,0,0
549,2012,Q1,156,2,0,0,2,0,0,0
549,2013,Q1,144,3,2,0,0,0,1,0
549,2014,Q1,132,1,1,0,0,0,0,0
549,2015,Q1,120,4,1,1,1,0,1,0
549,2016,Q1,108,2,0,0,1,0,1,0
549,2017,Q1,96,8,4,0,2,0,2,0
549,2018,Q1,84,4,1,2,0,0,1,0
549,2019,Q1,72,2,2,0,0,0,0,0
549,2020,Q1,60,1,1,0,0,0,0,0
549,2021,Q1,48,1,1,0,0,0,0,0
549,2022,Q1,36,2,1,0,0,0,1,0
549,2023,Q1,24,1,1,0,0,0,0,0
549,2024,Q1,12,2,0,0,0,0,2,0
site_id,Year,Quarter,Interval,Total Registered,Total Alive,Patient Died,Total Defaulted,Treatment Stopped,Patient transferred out,Unknown
54,2013,Q1,144,1,0,0,0,0,1,0
54,2014,Q1,132,1,0,0,1,0,0,0
54,2015,Q1,120,2,1,1,0,0,0,0
54,2017,Q1,96,4,2,0,1,0,1,0
54,2018,Q1,84,1,1,0,0,0,0,0
54,2019,Q1,72,3,1,0,0,0,2,0
54,2020,Q1,60,5,3,0,0,0,2,0
54,2021,Q1,48,1,0,0,0,0,1,0
54,2023,Q1,24,1,1,0,0,0,0,0
site_id,Year,Quarter,Interval,Total Registered,Total Alive,Patient Died,Total Defaulted,Treatment Stopped,Patient transferred out,Unknown
550,2012,Q1,156,3,2,1,0,0,0,0
550,2014,Q1,132,3,1,1,0,0,1,0
550,2015,Q1,120,1,1,0,0,0,0,0
550,2016,Q1,108,2,1,0,0,0,1,0
550,2017,Q1,96,2,2,0,0,0,0,0
550,2018,Q1,84,2,0,1,0,1,0,0
550,2019,Q1,72,2,2,0,0,0,0,0
550,2020,Q1,60,1,1,0,0,0,0,0
550,2021,Q1,48,3,1,1,0,0,1,0
550,2022,Q1,36,2,1,0,0,0,1,0
550,2023,Q1,24,2,1,0,0,0,1,0
site_id,Year,Quarter,Interval,Total Registered,Total Alive,Patient Died,Total Defaulted,Treatment Stopped,Patient transferred out,Unknown
551,2013,Q1,144,1,1,0,0,0,0,0
551,2014,Q1,132,3,1,1,1,0,0,0
551,2015,Q1,120,1,0,0,0,0,1,0
551,2016,Q1,108,2,1,1,0,0,0,0
551,2017,Q1,96,3,2,0,1,0,0,0
551,2018,Q1,84,3,1,0,0,0,2,0
551,2019,Q1,72,1,0,0,0,0,1,0
551,2020,Q1,60,4,0,0,1,0,3,0
551,2021,Q1,48,2,0,0,1,0,1,0
551,2022,Q1,36,3,1,1,0,1,0,0
551,2024,Q1,12,2,2,0,0,0,0,0
site_id,Year,Quarter,Interval,Total Registered,Total Alive,Patient Died,Total Defaulted,Treatment Stopped,Patient transferred out,Unknown
554,2010,Q1,180,1,0,0,0,0,1,0
554,2011,Q1,168,2,0,1,0,0,1,0
554,2012,Q1,156,3,0,0,3,0,0,0
554,2013,Q1,144,4,0,0,3,0,1,0
554,2014,Q1,132,1,0,0,0,0,1,0
554,2015,Q1,120,2,0,0,2,0,0,0
554,2016,Q1,108,2,0,0,2,0,0,0
554,2017,Q1,96,7,0,1,3,0,3,0
554,2018,Q1,84,4,0,0,3,0,1,0
554,2019,Q1,72,9,0,1,4,0,4,0
554,2020,Q1,60,12,0,0,8,0,4,0
554,2021,Q1,48,5,0,0,1,0,4,0
554,2022,Q1,36,5,0,0,2,0,3,0
554,2023,Q1,24,4,0,0,4,0,0,0
554,2024,Q1,12,7,0,0,4,0,3,0
site_id,Year,Quarter,Interval,Total Registered,Total Alive,Patient Died,Total Defaulted,Treatment Stopped,Patient transferred out,Unknown
558,2011,Q1,168,2,0,0,0,0,2,0
558,2012,Q1,156,11,1,1,1,0,8,0
558,2013,Q1,144,5,1,1,3,0,0,0
558,2014,Q1,132,5,1,0,2,0,2,0
558,2015,Q1,120,8,2,3,0,0,3,0
558,2016,Q1,108,6,2,0,2,0,2,0
558,2017,Q1,96,10,6,0,0,0,4,0
558,2018,Q1,84,7,1,1,3,0,2,0
558,2019,Q1,72,5,1,0,3,0,1,0
558,2020,Q1,60,3,1,0,2,0,0,0
558,2021,Q1,48,2,0,0,0,0,2,0
558,2022,Q1,36,1,0,1,0,0,0,0
558,2023,Q1,24,2,1,0,0,1,0,0
558,2024,Q1,12,5,2,0,0,0,3,0
site_id,Year,Quarter,Interval,Total Registered,Total Alive,Patient Died,Total Defaulted,Treatment Stopped,Patient transferred out,Unknown
559,2013,Q1,144,1,0,1,0,0,0,0
559,2015,Q1,120,2,1,0,0,0,1,0
559,2016,Q1,108,1,1,0,0,0,0,0
559,2018,Q1,84,2,0,0,0,0,2,0
559,2019,Q1,72,1,0,0,0,0,1,0
559,2020,Q1,60,1,0,0,0,0,1,0
559,2022,Q1,36,1,1,0,0,0,0,0
559,2023,Q1,24,2,1,0,0,0,1,0
559,2024,Q1,12,1,1,0,0,0,0,0
site_id,Year,Quarter,Interval,Total Registered,Total Alive,Patient Died,Total Defaulted,Treatment Stopped,Patient transferred out,Unknown
561,2011,Q1,168,1,0,0,1,0,0,0
561,2013,Q1,144,9,3,0,3,0,3,0
561,2014,Q1,132,3,1,0,1,0,1,0
561,2015,Q1,120,11,3,0,4,0,4,0
561,2016,Q1,108,8,2,0,3,0,3,0
561,2017,Q1,96,9,3,1,4,0,1,0
561,2018,Q1,84,13,2,1,8,0,2,0
561,2019,Q1,72,7,0,3,1,0,3,0
561,2020,Q1,60,5,4,0,0,0,1,0
561,2021,Q1,48,8,2,1,0,0,5,0
561,2022,Q1,36,10,4,0,2,0,4,0
561,2023,Q1,24,6,2,0,1,0,3,0
561,2024,Q1,12,6,2,1,1,0,2,0
site_id,Year,Quarter,Interval,Total Registered,Total Alive,Patient Died,Total Defaulted,Treatment Stopped,Patient transferred out,Unknown
564,2012,Q1,156,10,1,2,0,0,7,0
564,2013,Q1,144,3,3,0,0,0,0,0
564,2014,Q1,132,11,3,0,1,0,7,0
564,2015,Q1,120,5,3,0,0,0,2,0
564,2016,Q1,108,3,2,0,0,0,1,0
564,2017,Q1,96,2,0,0,2,0,0,0
564,2018,Q1,84,10,4,0,5,0,1,0
564,2019,Q1,72,2,0,1,0,0,1,0
564,2020,Q1,60,8,2,2,4,0,0,0
564,2021,Q1,48,4,0,0,2,0,2,0
564,2022,Q1,36,1,1,0,0,0,0,0
564,2023,Q1,24,4,1,0,2,0,1,0
564,2024,Q1,12,3,1,0,1,1,0,0
site_id,Year,Quarter,Interval,Total Registered,Total Alive,Patient Died,Total Defaulted,Treatment Stopped,Patient transferred out,Unknown
565,2012,Q1,156,2,1,0,0,0,1,0
565,2013,Q1,144,4,1,0,0,0,3,0
565,2014,Q1,132,2,0,0,0,0,2,0
565,2015,Q1,120,2,0,0,0,0,2,0
565,2016,Q1,108,3,1,0,0,1,1,0
565,2017,Q1,96,2,0,0,0,0,2,0
565,2018,Q1,84,2,0,0,0,0,2,0
565,2019,Q1,72,3,0,1,0,0,2,0
565,2021,Q1,48,6,0,0,0,0,6,0
565,2022,Q1,36,5,2,1,1,0,1,0
565,2023,Q1,24,2,1,0,1,0,0,0
565,2024,Q1,12,6,2,0,2,0,2,0
site_id,Year,Quarter,Interval,Total Registered,Total Alive,Patient Died,Total Defaulted,Treatment Stopped,Patient transferred out,Unknown
567,2012,Q1,156,1,1,0,0,0,0,0
567,2014,Q1,132,4,2,0,1,0,1,0
567,2015,Q1,120,2,2,0,0,0,0,0
567,2016,Q1,108,1,0,0,0,0,1,0
567,2017,Q1,96,2,0,1,0,0,1,0
567,2018,Q1,84,2,1,0,0,0,1,0
567,2019,Q1,72,2,2,0,0,0,0,0
567,2020,Q1,60,3,1,1,0,0,1,0
567,2021,Q1,48,2,1,1,0,0,0,0
567,2022,Q1,36,5,1,0,2,0,2,0
567,2023,Q1,24,1,1,0,0,0,0,0
567,2024,Q1,12,3,2,0,1,0,0,0
site_id,Year,Quarter,Interval,Total Registered,Total Alive,Patient Died,Total Defaulted,Treatment Stopped,Patient transferred out,Unknown
568,2012,Q1,156,5,2,0,2,0,1,0
568,2015,Q1,120,1,0,0,1,0,0,0
568,2016,Q1,108,2,2,0,0,0,0,0
568,2017,Q1,96,4,1,0,2,0,1,0
568,2018,Q1,84,5,3,0,0,0,2,0
568,2019,Q1,72,1,0,0,1,0,0,0
568,2020,Q1,60,4,2,0,0,0,2,0
568,2021,Q1,48,2,1,0,0,0,1,0
568,2022,Q1,36,4,2,0,0,0,2,0
568,2024,Q1,12,1,1,0,0,0,0,0
site_id,Year,Quarter,Interval,Total Registered,Total Alive,Patient Died,Total Defaulted,Treatment Stopped,Patient transferred out,Unknown
56,2013,Q1,144,1,0,1,0,0,0,0
56,2017,Q1,96,1,1,0,0,0,0,0
56,2018,Q1,84,1,0,0,0,0,1,0
56,2019,Q1,72,1,0,0,0,0,1,0
56,2020,Q1,60,1,1,0,0,0,0,0
56,2023,Q1,24,2,1,0,1,0,0,0
56,2024,Q1,12,1,1,0,0,0,0,0
site_id,Year,Quarter,Interval,Total Registered,Total Alive,Patient Died,Total Defaulted,Treatment Stopped,Patient transferred out,Unknown
572,2011,Q1,168,5,0,2,0,0,3,0
572,2012,Q1,156,3,2,0,0,0,1,0
572,2013,Q1,144,5,3,0,0,0,2,0
572,2014,Q1,132,9,4,0,2,0,3,0
572,2015,Q1,120,5,1,1,2,0,1,0
572,2016,Q1,108,4,1,0,1,0,2,0
572,2017,Q1,96,3,1,0,0,0,2,0
572,2018,Q1,84,6,1,1,1,0,3,0
572,2019,Q1,72,7,5,0,1,0,1,0
572,2020,Q1,60,4,1,0,1,0,2,0
572,2021,Q1,48,4,2,0,0,0,2,0
572,2022,Q1,36,3,3,0,0,0,0,0
572,2023,Q1,24,5,2,1,1,0,1,0
site_id,Year,Quarter,Interval,Total Registered,Total Alive,Patient Died,Total Defaulted,Treatment Stopped,Patient transferred out,Unknown
574,2011,Q1,168,6,0,3,2,0,1,0
574,2012,Q1,156,10,3,0,5,0,2,0
574,2013,Q1,144,13,4,1,6,0,2,0
574,2014,Q1,132,15,4,3,6,0,2,0
574,2015,Q1,120,11,4,0,5,0,2,0
574,2016,Q1,108,11,4,1,5,0,1,0
574,2017,Q1,96,24,6,1,13,0,4,0
574,2018,Q1,84,14,6,1,1,0,6,0
574,2019,Q1,72,11,4,0,2,0,5,0
574,2020,Q1,60,17,6,1,4,0,6,0
574,2021,Q1,48,12,3,0,3,0,6,0
574,2022,Q1,36,6,3,1,1,0,1,0
574,2023,Q1,24,8,2,0,1,0,5,0
574,2024,Q1,12,15,6,1,3,0,5,0
site_id,Year,Quarter,Interval,Total Registered,Total Alive,Patient Died,Total Defaulted,Treatment Stopped,Patient transferred out,Unknown
577,2013,Q1,144,1,0,1,0,0,0,0
577,2015,Q1,120,1,1,0,0,0,0,0
577,2016,Q1,108,1,1,0,0,0,0,0
577,2017,Q1,96,3,1,0,0,1,1,0
577,2018,Q1,84,1,1,0,0,0,0,0
577,2020,Q1,60,1,0,0,1,0,0,0
577,2021,Q1,48,1,1,0,0,0,0,0
577,2022,Q1,36,3,2,0,0,0,1,0
577,2023,Q1,24,2,2,0,0,0,0,0
577,2024,Q1,12,3,3,0,0,0,0,0
site_id,Year,Quarter,Interval,Total Registered,Total Alive,Patient Died,Total Defaulted,Treatment Stopped,Patient transferred out,Unknown
578,2012,Q1,156,3,0,0,0,0,3,0
578,2013,Q1,144,1,1,0,0,0,0,0
578,2014,Q1,132,3,3,0,0,0,0,0
578,2015,Q1,120,2,1,0,0,0,1,0
578,2016,Q1,108,2,0,0,0,0,2,0
578,2018,Q1,84,4,2,0,1,0,1,0
578,2019,Q1,72,3,1,0,0,0,2,0
578,2021,Q1,48,2,0,0,0,0,2,0
578,2022,Q1,36,4,3,0,0,0,1,0
578,2024,Q1,12,2,1,0,0,0,1,0
site_id,Year,Quarter,Interval,Total Registered,Total Alive,Patient Died,Total Defaulted,Treatment Stopped,Patient transferred out,Unknown
579,2012,Q1,156,3,1,0,0,0,2,0
579,2013,Q1,144,3,0,2,0,0,1,0
579,2014,Q1,132,2,1,0,0,0,1,0
579,2015,Q1,120,3,1,0,1,0,1,0
579,2016,Q1,108,8,4,1,0,0,3,0
579,2017,Q1,96,3,1,0,0,0,2,0
579,2018,Q1,84,1,0,0,0,0,1,0
579,2019,Q1,72,4,3,0,0,0,1,0
579,2020,Q1,60,2,1,1,0,0,0,0
579,2021,Q1,48,2,1,0,0,0,1,0
579,2022,Q1,36,2,1,0,0,0,1,0
579,2023,Q1,24,1,0,0,0,0,1,0
579,2024,Q1,12,1,0,0,0,0,1,0
site_id,Year,Quarter,Interval,Total Registered,Total Alive,Patient Died,Total Defaulted,Treatment Stopped,Patient transferred out,Unknown
57,2012,Q1,156,1,1,0,0,0,0,0
57,2016,Q1,108,2,1,1,0,0,0,0
57,2017,Q1,96,1,1,0,0,0,0,0
57,2018,Q1,84,2,1,0,0,0,1,0
57,2020,Q1,60,2,1,0,0,0,1,0
57,2021,Q1,48,2,2,0,0,0,0,0
site_id,Year,Quarter,Interval,Total Registered,Total Alive,Patient Died,Total Defaulted,Treatment Stopped,Patient transferred out,Unknown
580,2011,Q1,168,5,2,2,0,0,1,0
580,2012,Q1,156,3,1,1,1,0,0,0
580,2013,Q1,144,2,0,1,1,0,0,0
580,2014,Q1,132,10,5,1,3,1,0,0
580,2015,Q1,120,6,1,2,2,0,1,0
580,2016,Q1,108,5,4,1,0,0,0,0
580,2017,Q1,96,12,6,0,1,0,5,0
580,2018,Q1,84,10,6,0,3,0,1,0
580,2019,Q1,72,9,8,0,0,0,1,0
580,2020,Q1,60,6,3,0,0,0,3,0
580,2021,Q1,48,2,1,0,1,0,0,0
580,2023,Q1,24,2,2,0,0,0,0,0
580,2024,Q1,12,2,1,0,1,0,0,0
site_id,Year,Quarter,Interval,Total Registered,Total Alive,Patient Died,Total Defaulted,Treatment Stopped,Patient transferred out,Unknown
582,2011,Q1,168,5,1,1,2,0,1,0
582,2012,Q1,156,25,6,0,8,0,11,0
582,2013,Q1,144,12,7,3,2,0,0,0
582,2014,Q1,132,10,3,0,5,0,2,0
582,2015,Q1,120,15,2,1,8,0,4,0
582,2016,Q1,108,15,5,1,3,0,6,0
582,2017,Q1,96,13,4,0,3,0,6,0
582,2018,Q1,84,15,5,0,6,1,3,0
582,2019,Q1,72,13,1,1,5,0,6,0
582,2020,Q1,60,8,1,1,0,0,6,0
582,2021,Q1,48,6,0,0,1,0,5,0
582,2022,Q1,36,10,3,0,1,0,6,0
582,2023,Q1,24,8,1,1,2,0,4,0
582,2024,Q1,12,11,4,0,1,0,6,0
site_id,Year,Quarter,Interval,Total Registered,Total Alive,Patient Died,Total Defaulted,Treatment Stopped,Patient transferred out,Unknown
586,2012,Q1,156,5,1,0,3,0,1,0
586,2013,Q1,144,2,0,0,1,0,1,0
586,2014,Q1,132,5,2,0,2,0,1,0
586,2015,Q1,120,2,1,0,0,0,1,0
586,2016,Q1,108,5,1,1,1,0,2,0
586,2017,Q1,96,3,0,0,3,0,0,0
586,2018,Q1,84,4,1,0,1,0,2,0
586,2019,Q1,72,4,1,0,2,0,1,0
586,2020,Q1,60,3,1,0,1,0,1,0
586,2021,Q1,48,8,4,1,1,0,2,0
586,2022,Q1,36,1,1,0,0,0,0,0
586,2023,Q1,24,1,1,0,0,0,0,0
586,2024,Q1,12,2,1,0,0,0,1,0
site_id,Year,Quarter,Interval,Total Registered,Total Alive,Patient Died,Total Defaulted,Treatment Stopped,Patient transferred out,Unknown
589,2014,Q1,132,1,0,0,0,0,1,0
589,2017,Q1,96,1,0,0,0,0,1,0
589,2018,Q1,84,1,1,0,0,0,0,0
589,2019,Q1,72,1,0,0,1,0,0,0
589,2024,Q1,12,3,3,0,0,0,0,0
site_id,Year,Quarter,Interval,Total Registered,Total Alive,Patient Died,Total Defaulted,Treatment Stopped,Patient transferred out,Unknown
58,2014,Q1,132,1,0,0,0,0,1,0
58,2018,Q1,84,3,0,0,3,0,0,0
58,2019,Q1,72,1,0,0,1,0,0,0
58,2022,Q1,36,1,0,0,1,0,0,0
58,2023,Q1,24,1,0,0,0,0,1,0
site_id,Year,Quarter,Interval,Total Registered,Total Alive,Patient Died,Total Defaulted,Treatment Stopped,Patient transferred out,Unknown
590,2013,Q1,144,2,1,1,0,0,0,0
590,2023,Q1,24,1,0,0,1,0,0,0
site_id,Year,Quarter,Interval,Total Registered,Total Alive,Patient Died,Total Defaulted,Treatment Stopped,Patient transferred out,Unknown
591,2014,Q1,132,2,0,0,1,0,1,0
591,2015,Q1,120,4,1,0,2,0,1,0
591,2016,Q1,108,3,1,1,0,0,1,0
591,2017,Q1,96,1,0,0,0,0,1,0
591,2018,Q1,84,5,2,1,1,0,1,0
591,2019,Q1,72,3,0,1,2,0,0,0
591,2020,Q1,60,6,2,1,1,0,2,0
591,2022,Q1,36,2,0,0,0,0,2,0
591,2023,Q1,24,1,1,0,0,0,0,0
591,2024,Q1,12,2,0,0,0,0,2,0
site_id,Year,Quarter,Interval,Total Registered,Total Alive,Patient Died,Total Defaulted,Treatment Stopped,Patient transferred out,Unknown
592,2011,Q1,168,1,0,1,0,0,0,0
592,2016,Q1,108,1,0,1,0,0,0,0
592,2020,Q1,60,1,1,0,0,0,0,0
592,2022,Q1,36,1,0,1,0,0,0,0
592,2024,Q1,12,1,1,0,0,0,0,0
site_id,Year,Quarter,Interval,Total Registered,Total Alive,Patient Died,Total Defaulted,Treatment Stopped,Patient transferred out,Unknown
593,2013,Q1,144,3,2,0,1,0,0,0
593,2015,Q1,120,1,0,0,0,0,1,0
593,2022,Q1,36,1,1,0,0,0,0,0
site_id,Year,Quarter,Interval,Total Registered,Total Alive,Patient Died,Total Defaulted,Treatment Stopped,Patient transferred out,Unknown
594,2012,Q1,156,3,1,1,0,0,1,0
594,2013,Q1,144,5,2,0,1,0,2,0
594,2014,Q1,132,1,0,0,0,0,1,0
594,2015,Q1,120,2,2,0,0,0,0,0
594,2016,Q1,108,7,1,2,4,0,0,0
594,2017,Q1,96,4,1,1,2,0,0,0
594,2018,Q1,84,3,0,0,2,0,1,0
594,2019,Q1,72,7,1,0,3,0,3,0
594,2020,Q1,60,2,1,0,0,0,1,0
594,2022,Q1,36,2,1,1,0,0,0,0
594,2023,Q1,24,1,1,0,0,0,0,0
594,2024,Q1,12,1,1,0,0,0,0,0
site_id,Year,Quarter,Interval,Total Registered,Total Alive,Patient Died,Total Defaulted,Treatment Stopped,Patient transferred out,Unknown
595,2012,Q1,156,4,2,0,0,0,2,0
595,2013,Q1,144,3,1,0,1,1,0,0
595,2014,Q1,132,1,0,0,0,0,1,0
595,2015,Q1,120,3,0,0,1,0,2,0
595,2016,Q1,108,2,1,1,0,0,0,0
595,2017,Q1,96,1,0,0,0,0,1,0
595,2018,Q1,84,1,0,0,1,0,0,0
595,2021,Q1,48,3,2,1,0,0,0,0
595,2022,Q1,36,6,3,0,1,0,2,0
595,2023,Q1,24,1,0,0,1,0,0,0
site_id,Year,Quarter,Interval,Total Registered,Total Alive,Patient Died,Total Defaulted,Treatment Stopped,Patient transferred out,Unknown
596,2012,Q1,156,2,0,1,1,0,0,0
596,2013,Q1,144,4,1,0,2,0,1,0
596,2014,Q1,132,2,2,0,0,0,0,0
596,2017,Q1,96,4,1,0,2,0,1,0
596,2019,Q1,72,3,1,0,1,0,1,0
596,2020,Q1,60,4,2,0,0,0,2,0
596,2021,Q1,48,1,0,0,1,0,0,0
596,2022,Q1,36,2,2,0,0,0,0,0
596,2023,Q1,24,3,2,1,0,0,0,0
596,2024,Q1,12,1,0,0,1,0,0,0
site_id,Year,Quarter,Interval,Total Registered,Total Alive,Patient Died,Total Defaulted,Treatment Stopped,Patient transferred out,Unknown
597,2011,Q1,168,1,1,0,0,0,0,0
597,2013,Q1,144,1,0,0,0,0,1,0
597,2015,Q1,120,1,0,1,0,0,0,0
597,2016,Q1,108,1,0,1,0,0,0,0
597,2017,Q1,96,2,1,0,1,0,0,0
597,2018,Q1,84,2,0,0,0,0,2,0
597,2021,Q1,48,1,0,0,1,0,0,0
597,2023,Q1,24,1,1,0,0,0,0,0
site_id,Year,Quarter,Interval,Total Registered,Total Alive,Patient Died,Total Defaulted,Treatment Stopped,Patient transferred out,Unknown
598,2015,Q1,120,1,1,0,0,0,0,0
598,2016,Q1,108,1,1,0,0,0,0,0
598,2018,Q1,84,1,1,0,0,0,0,0
598,2019,Q1,72,1,0,0,0,0,1,0
598,2021,Q1,48,1,1,0,0,0,0,0
598,2022,Q1,36,1,0,0,0,0,1,0
598,2024,Q1,12,2,0,1,0,0,1,0
site_id,Year,Quarter,Interval,Total Registered,Total Alive,Patient Died,Total Defaulted,Treatment Stopped,Patient transferred out,Unknown
59,2012,Q1,156,2,0,1,1,0,0,0
59,2014,Q1,132,1,1,0,0,0,0,0
59,2015,Q1,120,1,0,0,0,0,1,0
59,2017,Q1,96,6,2,0,2,0,2,0
59,2018,Q1,84,8,7,0,1,0,0,0
59,2019,Q1,72,2,0,0,0,0,2,0
59,2020,Q1,60,3,3,0,0,0,0,0
59,2021,Q1,48,3,3,0,0,0,0,0
59,2022,Q1,36,2,2,0,0,0,0,0
59,2023,Q1,24,1,1,0,0,0,0,0
59,2024,Q1,12,2,1,0,1,0,0,0
site_id,Year,Quarter,Interval,Total Registered,Total Alive,Patient Died,Total Defaulted,Treatment Stopped,Patient transferred out,Unknown
5,2016,Q1,108,1,0,0,1,0,0,0
5,2024,Q1,12,1,0,0,1,0,0,0
site_id,Year,Quarter,Interval,Total Registered,Total Alive,Patient Died,Total Defaulted,Treatment Stopped,Patient transferred out,Unknown
603,2012,Q1,156,7,2,1,0,0,4,0
603,2013,Q1,144,1,0,0,0,0,1,0
603,2014,Q1,132,3,1,0,1,0,1,0
603,2015,Q1,120,1,1,0,0,0,0,0
603,2016,Q1,108,9,1,0,3,0,5,0
603,2017,Q1,96,7,1,0,4,0,2,0
603,2018,Q1,84,2,0,0,0,0,2,0
603,2019,Q1,72,3,2,0,0,0,1,0
603,2020,Q1,60,3,0,0,2,0,1,0
603,2021,Q1,48,3,2,0,1,0,0,0
603,2022,Q1,36,4,0,0,2,0,2,0
603,2023,Q1,24,2,0,0,1,0,1,0
site_id,Year,Quarter,Interval,Total Registered,Total Alive,Patient Died,Total Defaulted,Treatment Stopped,Patient transferred out,Unknown
604,2011,Q1,168,1,0,1,0,0,0,0
604,2012,Q1,156,17,5,8,1,0,3,0
604,2013,Q1,144,7,1,4,0,0,2,0
604,2014,Q1,132,5,1,1,0,0,3,0
604,2015,Q1,120,9,5,1,0,1,2,0
604,2016,Q1,108,3,3,0,0,0,0,0
604,2017,Q1,96,3,3,0,0,0,0,0
604,2018,Q1,84,7,1,0,0,0,6,0
604,2019,Q1,72,5,1,1,0,0,3,0
604,2020,Q1,60,1,1,0,0,0,0,0
604,2021,Q1,48,8,1,0,1,0,6,0
604,2022,Q1,36,4,1,0,1,0,2,0
604,2023,Q1,24,2,2,0,0,0,0,0
604,2024,Q1,12,9,6,0,0,0,3,0
site_id,Year,Quarter,Interval,Total Registered,Total Alive,Patient Died,Total Defaulted,Treatment Stopped,Patient transferred out,Unknown
605,2010,Q1,180,1,0,0,0,0,1,0
605,2011,Q1,168,1,1,0,0,0,0,0
605,2012,Q1,156,4,1,1,1,0,1,0
605,2013,Q1,144,8,4,0,3,0,1,0
605,2014,Q1,132,2,1,0,1,0,0,0
605,2015,Q1,120,3,2,0,1,0,0,0
605,2016,Q1,108,6,2,0,3,0,1,0
605,2017,Q1,96,7,1,0,5,0,1,0
605,2018,Q1,84,5,4,1,0,0,0,0
605,2019,Q1,72,2,2,0,0,0,0,0
605,2020,Q1,60,1,0,0,1,0,0,0
605,2021,Q1,48,3,2,0,1,0,0,0
605,2022,Q1,36,2,2,0,0,0,0,0
605,2023,Q1,24,2,0,0,1,0,1,0
605,2024,Q1,12,2,2,0,0,0,0,0
site_id,Year,Quarter,Interval,Total Registered,Total Alive,Patient Died,Total Defaulted,Treatment Stopped,Patient transferred out,Unknown
606,2011,Q1,168,1,0,0,0,0,1,0
606,2012,Q1,156,3,0,1,0,0,2,0
606,2014,Q1,132,2,2,0,0,0,0,0
606,2015,Q1,120,3,2,0,0,0,1,0
606,2017,Q1,96,4,1,0,1,1,1,0
606,2018,Q1,84,3,0,0,2,0,1,0
606,2019,Q1,72,3,1,0,0,0,2,0
606,2022,Q1,36,1,0,0,0,1,0,0
606,2023,Q1,24,2,2,0,0,0,0,0
606,2024,Q1,12,2,1,0,0,0,1,0
site_id,Year,Quarter,Interval,Total Registered,Total Alive,Patient Died,Total Defaulted,Treatment Stopped,Patient transferred out,Unknown
607,2013,Q1,144,1,0,0,0,0,1,0
607,2014,Q1,132,3,2,0,0,0,1,0
607,2015,Q1,120,1,0,0,0,1,0,0
607,2017,Q1,96,1,1,0,0,0,0,0
607,2018,Q1,84,1,0,0,0,0,1,0
607,2022,Q1,36,1,1,0,0,0,0,0
607,2024,Q1,12,1,1,0,0,0,0,0
site_id,Year,Quarter,Interval,Total Registered,Total Alive,Patient Died,Total Defaulted,Treatment Stopped,Patient transferred out,Unknown
609,2016,Q1,108,2,0,0,2,0,0,0
609,2019,Q1,72,1,0,0,1,0,0,0
609,2021,Q1,48,2,0,0,1,0,1,0
609,2024,Q1,12,1,0,0,1,0,0,0
site_id,Year,Quarter,Interval,Total Registered,Total Alive,Patient Died,Total Defaulted,Treatment Stopped,Patient transferred out,Unknown
60,2012,Q1,156,2,0,0,2,0,0,0
60,2013,Q1,144,2,0,1,0,0,1,0
60,2014,Q1,132,2,1,0,0,1,0,0
60,2015,Q1,120,6,0,2,2,0,2,0
60,2016,Q1,108,2,1,0,1,0,0,0
60,2017,Q1,96,5,3,1,0,1,0,0
60,2018,Q1,84,3,2,1,0,0,0,0
60,2019,Q1,72,3,0,1,1,0,1,0
60,2020,Q1,60,5,4,0,0,1,0,0
60,2021,Q1,48,1,1,0,0,0,0,0
60,2022,Q1,36,3,1,0,0,0,2,0
60,2023,Q1,24,3,1,0,1,0,1,0
60,2024,Q1,12,1,1,0,0,0,0,0
site_id,Year,Quarter,Interval,Total Registered,Total Alive,Patient Died,Total Defaulted,Treatment Stopped,Patient transferred out,Unknown
610,2012,Q1,156,7,2,1,2,0,2,0
610,2013,Q1,144,12,5,0,4,0,3,0
610,2014,Q1,132,7,1,1,4,0,1,0
610,2015,Q1,120,11,5,4,2,0,0,0
610,2016,Q1,108,13,5,2,2,1,3,0
610,2017,Q1,96,9,6,1,0,0,2,0
610,2018,Q1,84,11,7,1,1,0,2,0
610,2019,Q1,72,6,2,0,0,0,4,0
610,2020,Q1,60,7,4,0,0,0,3,0
610,2021,Q1,48,10,5,0,1,0,4,0
610,2022,Q1,36,5,2,0,1,0,2,0
610,2023,Q1,24,2,1,0,1,0,0,0
610,2024,Q1,12,4,3,0,1,0,0,0
site_id,Year,Quarter,Interval,Total Registered,Total Alive,Patient Died,Total Defaulted,Treatment Stopped,Patient transferred out,Unknown
611,2013,Q1,144,4,1,0,0,3,0,0
611,2016,Q1,108,1,0,0,1,0,0,0
611,2017,Q1,96,3,0,0,2,0,1,0
611,2018,Q1,84,5,1,0,3,1,0,0
611,2019,Q1,72,3,2,0,1,0,0,0
611,2020,Q1,60,4,1,0,1,0,2,0
611,2021,Q1,48,1,0,0,0,0,1,0
611,2022,Q1,36,4,3,0,1,0,0,0
611,2023,Q1,24,2,1,0,0,0,1,0
site_id,Year,Quarter,Interval,Total Registered,Total Alive,Patient Died,Total Defaulted,Treatment Stopped,Patient transferred out,Unknown
613,2012,Q1,156,1,0,0,1,0,0,0
613,2015,Q1,120,1,0,0,0,0,1,0
613,2016,Q1,108,1,1,0,0,0,0,0
613,2017,Q1,96,2,0,0,0,0,2,0
613,2020,Q1,60,2,0,0,0,0,2,0
613,2022,Q1,36,2,0,0,0,0,2,0
613,2024,Q1,12,2,1,0,0,0,1,0
site_id,Year,Quarter,Interval,Total Registered,Total Alive,Patient Died,Total Defaulted,Treatment Stopped,Patient transferred out,Unknown
614,2011,Q1,168,9,2,1,4,0,2,0
614,2012,Q1,156,28,5,0,13,1,9,0
614,2013,Q1,144,31,4,1,17,1,8,0
614,2014,Q1,132,41,10,1,24,1,5,0
614,2015,Q1,120,41,6,3,18,1,13,0
614,2016,Q1,108,30,7,2,14,0,7,0
614,2017,Q1,96,38,2,1,16,3,16,0
614,2018,Q1,84,48,7,5,18,0,18,0
614,2019,Q1,72,39,12,4,15,0,8,0
614,2020,Q1,60,22,8,2,5,0,7,0
614,2021,Q1,48,26,12,3,3,0,8,0
614,2022,Q1,36,25,14,3,3,0,5,0
614,2023,Q1,24,31,14,5,5,0,7,0
614,2024,Q1,12,23,14,0,3,0,6,0
site_id,Year,Quarter,Interval,Total Registered,Total Alive,Patient Died,Total Defaulted,Treatment Stopped,Patient transferred out,Unknown
615,2013,Q1,144,1,0,0,1,0,0,0
615,2015,Q1,120,1,0,0,1,0,0,0
site_id,Year,Quarter,Interval,Total Registered,Total Alive,Patient Died,Total Defaulted,Treatment Stopped,Patient transferred out,Unknown
618,2011,Q1,168,1,0,0,0,0,1,0
618,2012,Q1,156,4,1,0,0,0,3,0
618,2013,Q1,144,5,2,1,1,0,1,0
618,2014,Q1,132,2,1,0,1,0,0,0
618,2015,Q1,120,4,0,0,2,0,2,0
618,2016,Q1,108,7,2,0,2,0,3,0
618,2017,Q1,96,13,1,0,2,1,9,0
618,2018,Q1,84,3,0,0,2,0,1,0
618,2019,Q1,72,5,2,0,0,1,2,0
618,2020,Q1,60,7,2,0,0,0,5,0
618,2021,Q1,48,4,0,1,0,0,3,0
618,2022,Q1,36,2,1,0,0,0,1,0
618,2023,Q1,24,3,2,0,0,0,1,0
618,2024,Q1,12,2,1,0,0,0,1,0
site_id,Year,Quarter,Interval,Total Registered,Total Alive,Patient Died,Total Defaulted,Treatment Stopped,Patient transferred out,Unknown
61,2012,Q1,156,1,1,0,0,0,0,0
61,2015,Q1,120,3,2,0,0,0,1,0
61,2016,Q1,108,1,0,0,1,0,0,0
61,2017,Q1,96,1,0,0,1,0,0,0
61,2019,Q1,72,1,0,0,1,0,0,0
site_id,Year,Quarter,Interval,Total Registered,Total Alive,Patient Died,Total Defaulted,Treatment Stopped,Patient transferred out,Unknown
622,2011,Q1,168,3,1,0,2,0,0,0
622,2012,Q1,156,11,2,0,6,0,3,0
622,2013,Q1,144,13,5,1,4,1,2,0
622,2014,Q1,132,8,3,0,2,0,3,0
622,2015,Q1,120,13,5,0,5,0,3,0
622,2016,Q1,108,13,7,0,3,0,3,0
622,2017,Q1,96,9,4,0,4,0,1,0
622,2018,Q1,84,14,5,1,4,0,4,0
622,2019,Q1,72,10,5,0,1,1,3,0
622,2020,Q1,60,16,3,1,7,0,5,0
622,2021,Q1,48,7,3,1,2,0,1,0
622,2022,Q1,36,11,5,0,2,0,4,0
622,2023,Q1,24,14,6,3,1,0,4,0
622,2024,Q1,12,16,8,1,1,0,6,0
site_id,Year,Quarter,Interval,Total Registered,Total Alive,Patient Died,Total Defaulted,Treatment Stopped,Patient transferred out,Unknown
625,2024,Q1,12,2,0,0,1,0,1,0
site_id,Year,Quarter,Interval,Total Registered,Total Alive,Patient Died,Total Defaulted,Treatment Stopped,Patient transferred out,Unknown
626,2012,Q1,156,1,0,0,1,0,0,0
626,2013,Q1,144,1,0,0,1,0,0,0
626,2016,Q1,108,2,1,0,1,0,0,0
626,2017,Q1,96,1,0,0,1,0,0,0
626,2018,Q1,84,5,1,1,0,0,3,0
626,2019,Q1,72,1,0,0,1,0,0,0
626,2020,Q1,60,2,1,0,0,0,1,0
626,2022,Q1,36,1,1,0,0,0,0,0
626,2024,Q1,12,5,4,0,0,0,1,0
site_id,Year,Quarter,Interval,Total Registered,Total Alive,Patient Died,Total Defaulted,Treatment Stopped,Patient transferred out,Unknown
627,2012,Q1,156,4,0,0,1,0,3,0
627,2013,Q1,144,1,0,0,0,0,1,0
627,2014,Q1,132,2,1,0,0,0,1,0
627,2015,Q1,120,3,1,0,0,0,2,0
627,2017,Q1,96,3,0,1,0,0,2,0
627,2019,Q1,72,1,0,0,1,0,0,0
627,2021,Q1,48,4,2,1,0,0,1,0
627,2022,Q1,36,4,2,0,0,0,2,0
627,2023,Q1,24,1,0,0,0,0,1,0
627,2024,Q1,12,2,0,0,1,0,1,0
site_id,Year,Quarter,Interval,Total Registered,Total Alive,Patient Died,Total Defaulted,Treatment Stopped,Patient transferred out,Unknown
628,2012,Q1,156,2,0,0,1,0,1,0
628,2013,Q1,144,2,0,0,2,0,0,0
628,2014,Q1,132,1,0,0,0,0,1,0
628,2015,Q1,120,4,0,0,0,0,4,0
628,2016,Q1,108,4,2,0,1,0,1,0
628,2017,Q1,96,1,0,0,0,0,1,0
628,2018,Q1,84,3,2,0,0,0,1,0
628,2019,Q1,72,3,2,0,0,0,1,0
628,2020,Q1,60,6,1,0,1,0,4,0
628,2021,Q1,48,4,2,0,1,0,1,0
628,2022,Q1,36,4,2,0,1,0,1,0
628,2024,Q1,12,3,3,0,0,0,0,0
site_id,Year,Quarter,Interval,Total Registered,Total Alive,Patient Died,Total Defaulted,Treatment Stopped,Patient transferred out,Unknown
629,2012,Q1,156,2,0,1,1,0,0,0
629,2013,Q1,144,2,0,0,0,0,2,0
629,2014,Q1,132,3,1,0,0,0,2,0
629,2015,Q1,120,1,0,0,0,0,1,0
629,2016,Q1,108,3,2,0,0,0,1,0
629,2017,Q1,96,1,0,1,0,0,0,0
629,2019,Q1,72,1,0,1,0,0,0,0
629,2020,Q1,60,4,0,1,0,0,3,0
629,2021,Q1,48,2,1,1,0,0,0,0
629,2024,Q1,12,2,1,0,0,0,1,0
site_id,Year,Quarter,Interval,Total Registered,Total Alive,Patient Died,Total Defaulted,Treatment Stopped,Patient transferred out,Unknown
62,2014,Q1,132,2,1,0,1,0,0,0
62,2017,Q1,96,2,1,0,1,0,0,0
62,2018,Q1,84,3,1,0,1,0,1,0
62,2020,Q1,60,1,0,0,0,0,1,0
62,2021,Q1,48,1,0,0,0,0,1,0
62,2022,Q1,36,3,0,1,1,0,1,0
site_id,Year,Quarter,Interval,Total Registered,Total Alive,Patient Died,Total Defaulted,Treatment Stopped,Patient transferred out,Unknown
631,2014,Q1,132,1,1,0,0,0,0,0
631,2016,Q1,108,2,1,0,0,0,1,0
631,2017,Q1,96,1,1,0,0,0,0,0
631,2018,Q1,84,3,3,0,0,0,0,0
631,2019,Q1,72,3,3,0,0,0,0,0
631,2021,Q1,48,1,1,0,0,0,0,0
631,2022,Q1,36,1,1,0,0,0,0,0
631,2023,Q1,24,2,2,0,0,0,0,0
site_id,Year,Quarter,Interval,Total Registered,Total Alive,Patient Died,Total Defaulted,Treatment Stopped,Patient transferred out,Unknown
632,2013,Q1,144,1,1,0,0,0,0,0
632,2014,Q1,132,1,0,1,0,0,0,0
632,2016,Q1,108,1,1,0,0,0,0,0
632,2018,Q1,84,1,1,0,0,0,0,0
632,2020,Q1,60,1,0,0,1,0,0,0
632,2024,Q1,12,3,3,0,0,0,0,0
site_id,Year,Quarter,Interval,Total Registered,Total Alive,Patient Died,Total Defaulted,Treatment Stopped,Patient transferred out,Unknown
633,2011,Q1,168,1,0,1,0,0,0,0
633,2015,Q1,120,2,1,0,0,0,1,0
633,2016,Q1,108,1,1,0,0,0,0,0
633,2017,Q1,96,3,1,1,1,0,0,0
633,2018,Q1,84,4,2,1,1,0,0,0
633,2019,Q1,72,4,3,0,1,0,0,0
633,2020,Q1,60,1,0,0,0,0,1,0
633,2021,Q1,48,1,0,1,0,0,0,0
site_id,Year,Quarter,Interval,Total Registered,Total Alive,Patient Died,Total Defaulted,Treatment Stopped,Patient transferred out,Unknown
635,2014,Q1,132,5,1,2,1,0,1,0
635,2015,Q1,120,2,1,0,1,0,0,0
635,2016,Q1,108,1,0,0,1,0,0,0
635,2017,Q1,96,6,1,0,1,0,4,0
635,2018,Q1,84,1,0,0,1,0,0,0
635,2019,Q1,72,6,3,0,2,0,1,0
635,2020,Q1,60,4,0,0,1,1,2,0
635,2021,Q1,48,2,2,0,0,0,0,0
635,2023,Q1,24,3,2,1,0,0,0,0
site_id,Year,Quarter,Interval,Total Registered,Total Alive,Patient Died,Total Defaulted,Treatment Stopped,Patient transferred out,Unknown
636,2012,Q1,156,2,0,1,1,0,0,0
636,2013,Q1,144,3,1,0,1,1,0,0
636,2014,Q1,132,1,1,0,0,0,0,0
636,2015,Q1,120,1,1,0,0,0,0,0
636,2016,Q1,108,1,0,0,1,0,0,0
636,2017,Q1,96,1,1,0,0,0,0,0
636,2018,Q1,84,8,4,2,2,0,0,0
636,2019,Q1,72,5,2,0,2,0,1,0
636,2020,Q1,60,6,4,1,0,0,1,0
636,2021,Q1,48,4,3,0,0,0,1,0
636,2022,Q1,36,5,3,0,1,0,1,0
636,2024,Q1,12,9,4,1,2,0,2,0
site_id,Year,Quarter,Interval,Total Registered,Total Alive,Patient Died,Total Defaulted,Treatment Stopped,Patient transferred out,Unknown
638,2012,Q1,156,6,1,0,3,0,2,0
638,2013,Q1,144,2,0,0,0,0,2,0
638,2014,Q1,132,4,1,0,1,0,2,0
638,2015,Q1,120,4,1,0,2,0,1,0
638,2016,Q1,108,9,3,2,2,0,2,0
638,2017,Q1,96,6,1,0,1,0,4,0
638,2018,Q1,84,7,1,0,4,0,2,0
638,2019,Q1,72,14,5,0,4,0,5,0
638,2020,Q1,60,6,3,0,1,0,2,0
638,2021,Q1,48,4,1,0,0,1,2,0
638,2022,Q1,36,2,0,0,1,0,1,0
638,2023,Q1,24,5,1,0,2,0,2,0
638,2024,Q1,12,6,3,0,2,0,1,0
site_id,Year,Quarter,Interval,Total Registered,Total Alive,Patient Died,Total Defaulted,Treatment Stopped,Patient transferred out,Unknown
639,2013,Q1,144,1,1,0,0,0,0,0
639,2014,Q1,132,4,3,0,1,0,0,0
639,2015,Q1,120,4,1,0,1,0,2,0
639,2016,Q1,108,2,1,0,0,0,1,0
639,2018,Q1,84,4,0,1,0,1,2,0
639,2019,Q1,72,3,1,2,0,0,0,0
639,2020,Q1,60,3,3,0,0,0,0,0
639,2022,Q1,36,3,2,0,0,0,1,0
639,2023,Q1,24,1,0,0,0,0,1,0
site_id,Year,Quarter,Interval,Total Registered,Total Alive,Patient Died,Total Defaulted,Treatment Stopped,Patient transferred out,Unknown
640,2014,Q1,132,1,0,0,0,0,1,0
640,2016,Q1,108,1,1,0,0,0,0,0
640,2019,Q1,72,1,1,0,0,0,0,0
640,2020,Q1,60,1,0,0,0,0,1,0
640,2023,Q1,24,2,2,0,0,0,0,0
640,2024,Q1,12,2,2,0,0,0,0,0
site_id,Year,Quarter,Interval,Total Registered,Total Alive,Patient Died,Total Defaulted,Treatment Stopped,Patient transferred out,Unknown
641,2011,Q1,168,2,0,2,0,0,0,0
641,2012,Q1,156,3,0,0,1,0,2,0
641,2013,Q1,144,3,0,1,1,0,1,0
641,2014,Q1,132,3,0,1,0,0,2,0
641,2015,Q1,120,4,2,0,2,0,0,0
641,2016,Q1,108,3,0,0,1,0,2,0
641,2017,Q1,96,3,2,0,0,0,1,0
641,2018,Q1,84,1,0,0,0,0,1,0
641,2019,Q1,72,3,1,1,0,0,1,0
641,2020,Q1,60,4,2,1,1,0,0,0
641,2021,Q1,48,2,1,1,0,0,0,0
641,2022,Q1,36,2,1,0,0,0,1,0
641,2023,Q1,24,4,1,1,0,0,2,0
641,2024,Q1,12,5,2,0,0,0,3,0
site_id,Year,Quarter,Interval,Total Registered,Total Alive,Patient Died,Total Defaulted,Treatment Stopped,Patient transferred out,Unknown
642,2012,Q1,156,2,1,0,0,0,1,0
642,2013,Q1,144,3,0,0,1,0,2,0
642,2014,Q1,132,5,2,0,2,0,1,0
642,2015,Q1,120,3,2,1,0,0,0,0
642,2016,Q1,108,1,0,0,0,0,1,0
642,2017,Q1,96,4,2,0,0,0,2,0
642,2018,Q1,84,3,1,0,1,0,1,0
642,2019,Q1,72,5,2,1,0,0,2,0
642,2020,Q1,60,2,0,0,1,0,1,0
642,2022,Q1,36,1,0,0,0,0,1,0
642,2023,Q1,24,1,1,0,0,0,0,0
642,2024,Q1,12,6,2,0,2,0,2,0
site_id,Year,Quarter,Interval,Total Registered,Total Alive,Patient Died,Total Defaulted,Treatment Stopped,Patient transferred out,Unknown
643,2019,Q1,72,1,0,0,0,0,1,0
643,2021,Q1,48,1,0,0,0,0,1,0
site_id,Year,Quarter,Interval,Total Registered,Total Alive,Patient Died,Total Defaulted,Treatment Stopped,Patient transferred out,Unknown
644,2012,Q1,156,1,1,0,0,0,0,0
644,2013,Q1,144,2,1,1,0,0,0,0
644,2014,Q1,132,5,0,0,1,0,4,0
644,2015,Q1,120,2,1,0,0,0,1,0
644,2016,Q1,108,3,0,1,0,0,2,0
644,2017,Q1,96,2,0,0,1,0,1,0
644,2018,Q1,84,3,0,0,2,0,1,0
644,2019,Q1,72,1,1,0,0,0,0,0
644,2021,Q1,48,3,2,0,0,0,1,0
644,2022,Q1,36,1,1,0,0,0,0,0
site_id,Year,Quarter,Interval,Total Registered,Total Alive,Patient Died,Total Defaulted,Treatment Stopped,Patient transferred out,Unknown
645,2011,Q1,168,5,1,0,1,0,3,0
645,2012,Q1,156,2,0,0,1,0,1,0
645,2013,Q1,144,4,1,0,2,0,1,0
645,2014,Q1,132,5,1,1,3,0,0,0
645,2015,Q1,120,9,5,2,0,1,1,0
645,2016,Q1,108,6,3,2,0,0,1,0
645,2017,Q1,96,3,3,0,0,0,0,0
645,2018,Q1,84,5,3,0,2,0,0,0
645,2019,Q1,72,1,0,0,0,0,1,0
645,2020,Q1,60,5,2,1,1,0,1,0
645,2021,Q1,48,4,1,0,2,0,1,0
645,2022,Q1,36,9,6,0,1,0,2,0
645,2023,Q1,24,3,2,0,1,0,0,0
645,2024,Q1,12,1,1,0,0,0,0,0
site_id,Year,Quarter,Interval,Total Registered,Total Alive,Patient Died,Total Defaulted,Treatment Stopped,Patient transferred out,Unknown
647,2011,Q1,168,2,0,1,0,0,1,0
647,2012,Q1,156,1,1,0,0,0,0,0
647,2013,Q1,144,2,1,1,0,0,0,0
647,2014,Q1,132,2,2,0,0,0,0,0
647,2015,Q1,120,3,0,1,1,0,1,0
647,2016,Q1,108,7,4,0,0,0,3,0
647,2017,Q1,96,7,5,1,0,0,1,0
647,2018,Q1,84,1,0,0,0,0,1,0
647,2019,Q1,72,8,5,0,1,0,2,0
647,2021,Q1,48,2,2,0,0,0,0,0
647,2022,Q1,36,3,2,0,0,0,1,0
647,2024,Q1,12,1,0,0,0,0,1,0
site_id,Year,Quarter,Interval,Total Registered,Total Alive,Patient Died,Total Defaulted,Treatment Stopped,Patient transferred out,Unknown
649,2011,Q1,168,1,1,0,0,0,0,0
649,2013,Q1,144,2,1,0,0,0,1,0
649,2014,Q1,132,1,1,0,0,0,0,0
649,2015,Q1,120,4,2,0,0,0,2,0
649,2016,Q1,108,2,2,0,0,0,0,0
649,2017,Q1,96,1,0,0,0,0,1,0
649,2018,Q1,84,1,0,1,0,0,0,0
649,2019,Q1,72,2,2,0,0,0,0,0
649,2020,Q1,60,3,3,0,0,0,0,0
649,2021,Q1,48,1,0,1,0,0,0,0
649,2022,Q1,36,1,1,0,0,0,0,0
649,2023,Q1,24,1,1,0,0,0,0,0
site_id,Year,Quarter,Interval,Total Registered,Total Alive,Patient Died,Total Defaulted,Treatment Stopped,Patient transferred out,Unknown
64,2011,Q1,168,7,1,1,2,0,3,0
64,2012,Q1,156,7,0,1,4,0,2,0
64,2013,Q1,144,10,3,1,5,0,1,0
64,2014,Q1,132,10,4,0,4,0,2,0
64,2015,Q1,120,21,6,2,10,0,3,0
64,2016,Q1,108,22,8,2,7,0,5,0
64,2017,Q1,96,14,8,1,1,0,4,0
64,2018,Q1,84,19,10,0,0,0,9,0
64,2019,Q1,72,16,6,0,2,0,8,0
64,2020,Q1,60,13,6,1,2,0,4,0
64,2021,Q1,48,7,5,1,0,0,1,0
64,2022,Q1,36,12,3,0,2,0,7,0
64,2023,Q1,24,3,2,0,0,0,1,0
64,2024,Q1,12,8,5,0,1,0,2,0
site_id,Year,Quarter,Interval,Total Registered,Total Alive,Patient Died,Total Defaulted,Treatment Stopped,Patient transferred out,Unknown
650,2011,Q1,168,2,1,0,1,0,0,0
650,2012,Q1,156,1,0,0,1,0,0,0
650,2013,Q1,144,4,2,0,2,0,0,0
650,2014,Q1,132,9,4,0,3,0,2,0
650,2015,Q1,120,13,5,1,4,0,3,0
650,2016,Q1,108,21,10,1,6,0,4,0
650,2017,Q1,96,21,8,1,6,0,6,0
650,2018,Q1,84,14,5,1,5,0,3,0
650,2019,Q1,72,14,6,1,1,0,6,0
650,2020,Q1,60,6,4,0,1,0,1,0
650,2021,Q1,48,4,1,0,2,1,0,0
650,2022,Q1,36,8,5,0,0,0,3,0
650,2023,Q1,24,6,4,0,0,0,2,0
650,2024,Q1,12,3,2,0,0,0,1,0
site_id,Year,Quarter,Interval,Total Registered,Total Alive,Patient Died,Total Defaulted,Treatment Stopped,Patient transferred out,Unknown
652,2011,Q1,168,1,0,1,0,0,0,0
652,2012,Q1,156,1,1,0,0,0,0,0
652,2015,Q1,120,2,0,0,1,0,1,0
652,2017,Q1,96,3,3,0,0,0,0,0
652,2018,Q1,84,1,0,1,0,0,0,0
652,2020,Q1,60,4,2,0,0,0,2,0
652,2021,Q1,48,5,1,0,4,0,0,0
652,2022,Q1,36,2,0,0,2,0,0,0
652,2023,Q1,24,1,0,0,0,0,1,0
652,2024,Q1,12,2,2,0,0,0,0,0
site_id,Year,Quarter,Interval,Total Registered,Total Alive,Patient Died,Total Defaulted,Treatment Stopped,Patient transferred out,Unknown
655,2011,Q1,168,5,1,2,0,0,2,0
655,2012,Q1,156,2,0,0,0,0,2,0
655,2013,Q1,144,2,2,0,0,0,0,0
655,2014,Q1,132,1,0,0,0,0,1,0
655,2017,Q1,96,2,1,0,0,0,1,0
655,2018,Q1,84,3,0,0,0,0,3,0
655,2019,Q1,72,3,2,0,0,0,1,0
655,2020,Q1,60,1,0,0,0,0,1,0
655,2021,Q1,48,4,1,1,0,0,2,0
655,2024,Q1,12,1,0,0,0,0,1,0
site_id,Year,Quarter,Interval,Total Registered,Total Alive,Patient Died,Total Defaulted,Treatment Stopped,Patient transferred out,Unknown
656,2012,Q1,156,2,0,1,0,0,1,0
656,2013,Q1,144,15,3,6,6,0,0,0
656,2014,Q1,132,9,4,0,4,0,1,0
656,2015,Q1,120,10,3,3,1,0,3,0
656,2016,Q1,108,6,2,1,3,0,0,0
656,2017,Q1,96,12,2,2,5,0,3,0
656,2018,Q1,84,8,5,0,1,0,2,0
656,2019,Q1,72,7,2,2,1,1,1,0
656,2020,Q1,60,13,3,0,7,0,3,0
656,2021,Q1,48,5,1,0,3,0,1,0
656,2022,Q1,36,4,1,0,0,0,3,0
656,2023,Q1,24,7,3,0,3,0,1,0
656,2024,Q1,12,3,1,0,2,0,0,0
site_id,Year,Quarter,Interval,Total Registered,Total Alive,Patient Died,Total Defaulted,Treatment Stopped,Patient transferred out,Unknown
658,2011,Q1,168,1,0,1,0,0,0,0
658,2012,Q1,156,2,2,0,0,0,0,0
658,2013,Q1,144,1,0,0,0,0,1,0
658,2014,Q1,132,1,1,0,0,0,0,0
658,2015,Q1,120,3,0,1,1,0,1,0
658,2016,Q1,108,3,2,0,1,0,0,0
658,2017,Q1,96,2,0,1,0,0,1,0
658,2018,Q1,84,3,3,0,0,0,0,0
658,2020,Q1,60,2,1,0,0,0,1,0
658,2022,Q1,36,1,0,0,0,0,1,0
658,2023,Q1,24,3,1,0,1,0,1,0
site_id,Year,Quarter,Interval,Total Registered,Total Alive,Patient Died,Total Defaulted,Treatment Stopped,Patient transferred out,Unknown
659,2011,Q1,168,1,0,1,0,0,0,0
659,2012,Q1,156,5,3,0,2,0,0,0
659,2013,Q1,144,3,0,0,3,0,0,0
659,2014,Q1,132,5,2,2,1,0,0,0
659,2015,Q1,120,1,0,0,1,0,0,0
659,2016,Q1,108,7,2,0,4,0,1,0
659,2017,Q1,96,5,1,0,1,0,3,0
659,2018,Q1,84,2,1,0,0,0,1,0
659,2019,Q1,72,7,0,3,1,0,3,0
659,2020,Q1,60,4,1,0,1,0,2,0
659,2021,Q1,48,7,1,0,3,0,3,0
659,2022,Q1,36,2,0,0,2,0,0,0
659,2023,Q1,24,1,0,0,0,0,1,0
659,2024,Q1,12,5,3,0,0,0,2,0
site_id,Year,Quarter,Interval,Total Registered,Total Alive,Patient Died,Total Defaulted,Treatment Stopped,Patient transferred out,Unknown
660,2013,Q1,144,2,2,0,0,0,0,0
660,2014,Q1,132,3,2,1,0,0,0,0
660,2017,Q1,96,2,1,1,0,0,0,0
660,2018,Q1,84,3,0,1,0,0,2,0
660,2019,Q1,72,1,0,0,1,0,0,0
660,2020,Q1,60,1,0,0,0,0,1,0
660,2021,Q1,48,1,0,1,0,0,0,0
660,2022,Q1,36,2,0,0,2,0,0,0
660,2023,Q1,24,2,1,0,0,0,1,0
660,2024,Q1,12,1,1,0,0,0,0,0
site_id,Year,Quarter,Interval,Total Registered,Total Alive,Patient Died,Total Defaulted,Treatment Stopped,Patient transferred out,Unknown
661,2012,Q1,156,2,0,0,0,0,2,0
661,2013,Q1,144,1,0,0,0,0,1,0
661,2014,Q1,132,1,0,1,0,0,0,0
661,2015,Q1,120,2,0,1,0,0,1,0
661,2016,Q1,108,1,0,0,0,0,1,0
661,2017,Q1,96,2,1,0,0,0,1,0
661,2018,Q1,84,2,0,0,0,0,2,0
661,2020,Q1,60,6,0,0,3,0,3,0
661,2021,Q1,48,2,0,0,1,0,1,0
661,2023,Q1,24,3,1,0,1,0,1,0
661,2024,Q1,12,1,0,1,0,0,0,0
site_id,Year,Quarter,Interval,Total Registered,Total Alive,Patient Died,Total Defaulted,Treatment Stopped,Patient transferred out,Unknown
662,2011,Q1,168,1,0,0,0,0,1,0
662,2012,Q1,156,4,2,0,0,0,2,0
662,2013,Q1,144,1,0,0,1,0,0,0
662,2014,Q1,132,5,2,1,0,0,2,0
662,2015,Q1,120,4,1,0,0,0,3,0
662,2016,Q1,108,10,9,0,1,0,0,0
662,2017,Q1,96,1,0,0,1,0,0,0
662,2018,Q1,84,6,4,0,0,1,1,0
662,2019,Q1,72,1,1,0,0,0,0,0
662,2020,Q1,60,3,1,0,0,0,2,0
662,2021,Q1,48,3,2,0,0,0,1,0
662,2022,Q1,36,4,3,0,0,0,1,0
662,2024,Q1,12,4,1,1,0,0,2,0
site_id,Year,Quarter,Interval,Total Registered,Total Alive,Patient Died,Total Defaulted,Treatment Stopped,Patient transferred out,Unknown
664,2013,Q1,144,5,2,0,0,1,2,0
664,2014,Q1,132,1,1,0,0,0,0,0
664,2015,Q1,120,2,1,0,0,0,1,0
664,2016,Q1,108,3,0,0,0,0,3,0
664,2017,Q1,96,3,0,1,0,0,2,0
664,2019,Q1,72,1,1,0,0,0,0,0
664,2021,Q1,48,2,1,0,0,0,1,0
664,2022,Q1,36,1,0,0,0,0,1,0
664,2024,Q1,12,1,0,0,0,0,1,0
site_id,Year,Quarter,Interval,Total Registered,Total Alive,Patient Died,Total Defaulted,Treatment Stopped,Patient transferred out,Unknown
665,2012,Q1,156,1,0,1,0,0,0,0
665,2013,Q1,144,2,1,1,0,0,0,0
665,2014,Q1,132,1,1,0,0,0,0,0
665,2015,Q1,120,2,0,1,1,0,0,0
665,2016,Q1,108,1,1,0,0,0,0,0
665,2017,Q1,96,2,1,0,1,0,0,0
665,2018,Q1,84,4,1,0,2,0,1,0
665,2019,Q1,72,3,1,0,1,0,1,0
665,2020,Q1,60,4,2,0,0,0,2,0
665,2021,Q1,48,1,0,0,0,0,1,0
665,2022,Q1,36,2,1,0,0,0,1,0
665,2024,Q1,12,4,3,0,0,0,1,0
site_id,Year,Quarter,Interval,Total Registered,Total Alive,Patient Died,Total Defaulted,Treatment Stopped,Patient transferred out,Unknown
666,2016,Q1,108,2,0,0,0,0,2,0
666,2017,Q1,96,1,0,0,1,0,0,0
666,2019,Q1,72,1,1,0,0,0,0,0
666,2020,Q1,60,1,0,0,0,0,1,0
site_id,Year,Quarter,Interval,Total Registered,Total Alive,Patient Died,Total Defaulted,Treatment Stopped,Patient transferred out,Unknown
667,2012,Q1,156,7,6,1,0,0,0,0
667,2013,Q1,144,5,4,1,0,0,0,0
667,2014,Q1,132,3,3,0,0,0,0,0
667,2015,Q1,120,4,1,0,3,0,0,0
667,2016,Q1,108,6,4,0,1,0,1,0
667,2017,Q1,96,9,2,0,2,0,5,0
667,2018,Q1,84,6,4,0,1,0,1,0
667,2019,Q1,72,6,4,0,0,0,2,0
667,2020,Q1,60,11,6,1,3,0,1,0
667,2021,Q1,48,6,4,0,2,0,0,0
667,2022,Q1,36,3,2,0,0,0,1,0
667,2023,Q1,24,2,2,0,0,0,0,0
667,2024,Q1,12,6,4,0,0,0,2,0
site_id,Year,Quarter,Interval,Total Registered,Total Alive,Patient Died,Total Defaulted,Treatment Stopped,Patient transferred out,Unknown
668,2012,Q1,156,1,0,0,0,0,1,0
668,2013,Q1,144,1,0,0,0,0,1,0
668,2014,Q1,132,3,1,1,0,0,1,0
668,2015,Q1,120,1,0,0,0,0,1,0
668,2016,Q1,108,3,0,0,2,0,1,0
668,2017,Q1,96,4,1,0,1,0,2,0
668,2018,Q1,84,2,0,0,0,0,2,0
668,2019,Q1,72,4,0,0,1,0,3,0
668,2020,Q1,60,3,1,0,1,0,1,0
668,2021,Q1,48,1,0,0,1,0,0,0
668,2023,Q1,24,1,0,0,0,0,1,0
668,2024,Q1,12,3,2,0,0,0,1,0
site_id,Year,Quarter,Interval,Total Registered,Total Alive,Patient Died,Total Defaulted,Treatment Stopped,Patient transferred out,Unknown
670,2011,Q1,168,4,1,0,1,0,2,0
670,2012,Q1,156,15,1,0,3,1,10,0
670,2013,Q1,144,10,4,0,5,1,0,0
670,2014,Q1,132,5,1,0,2,0,2,0
670,2015,Q1,120,13,7,1,4,0,1,0
670,2016,Q1,108,21,8,1,5,0,7,0
670,2017,Q1,96,18,6,3,3,0,6,0
670,2018,Q1,84,20,5,0,8,0,7,0
670,2019,Q1,72,17,5,0,8,0,4,0
670,2020,Q1,60,19,7,0,5,0,7,0
670,2021,Q1,48,7,1,0,3,0,3,0
670,2022,Q1,36,11,3,0,3,0,5,0
670,2023,Q1,24,8,6,0,0,0,2,0
670,2024,Q1,12,17,9,0,2,0,6,0
site_id,Year,Quarter,Interval,Total Registered,Total Alive,Patient Died,Total Defaulted,Treatment Stopped,Patient transferred out,Unknown
673,2011,Q1,168,3,0,0,1,0,2,0
673,2012,Q1,156,4,0,0,3,0,1,0
673,2013,Q1,144,6,4,0,2,0,0,0
673,2014,Q1,132,9,2,1,3,0,3,0
673,2015,Q1,120,7,1,0,5,0,1,0
673,2016,Q1,108,5,4,0,1,0,0,0
673,2017,Q1,96,10,5,0,3,0,2,0
673,2018,Q1,84,4,2,0,1,0,1,0
673,2019,Q1,72,5,3,2,0,0,0,0
673,2020,Q1,60,4,2,0,2,0,0,0
673,2021,Q1,48,2,1,0,0,0,1,0
673,2022,Q1,36,4,3,0,1,0,0,0
673,2023,Q1,24,2,1,0,0,0,1,0
673,2024,Q1,12,3,2,0,0,0,1,0
site_id,Year,Quarter,Interval,Total Registered,Total Alive,Patient Died,Total Defaulted,Treatment Stopped,Patient transferred out,Unknown
674,2012,Q1,156,1,0,0,1,0,0,0
674,2015,Q1,120,1,0,0,1,0,0,0
674,2016,Q1,108,1,0,0,1,0,0,0
674,2017,Q1,96,1,1,0,0,0,0,0
674,2018,Q1,84,2,2,0,0,0,0,0
674,2019,Q1,72,4,1,1,2,0,0,0
674,2023,Q1,24,1,0,1,0,0,0,0
674,2024,Q1,12,1,1,0,0,0,0,0
site_id,Year,Quarter,Interval,Total Registered,Total Alive,Patient Died,Total Defaulted,Treatment Stopped,Patient transferred out,Unknown
676,2011,Q1,168,1,0,1,0,0,0,0
676,2012,Q1,156,1,0,0,1,0,0,0
676,2014,Q1,132,2,0,1,0,0,1,0
676,2017,Q1,96,2,0,1,0,0,1,0
676,2019,Q1,72,2,0,0,0,0,2,0
676,2021,Q1,48,1,0,0,0,0,1,0
676,2024,Q1,12,1,1,0,0,0,0,0
site_id,Year,Quarter,Interval,Total Registered,Total Alive,Patient Died,Total Defaulted,Treatment Stopped,Patient transferred out,Unknown
677,2015,Q1,120,1,0,0,1,0,0,0
677,2018,Q1,84,1,0,1,0,0,0,0
677,2021,Q1,48,1,0,0,1,0,0,0
677,2024,Q1,12,3,0,0,3,0,0,0
site_id,Year,Quarter,Interval,Total Registered,Total Alive,Patient Died,Total Defaulted,Treatment Stopped,Patient transferred out,Unknown
678,2011,Q1,168,1,0,0,0,1,0,0
678,2012,Q1,156,1,1,0,0,0,0,0
678,2013,Q1,144,2,1,0,0,0,1,0
678,2015,Q1,120,1,1,0,0,0,0,0
678,2016,Q1,108,4,1,0,0,1,2,0
678,2017,Q1,96,7,2,1,0,0,4,0
678,2018,Q1,84,4,2,0,1,0,1,0
678,2019,Q1,72,3,1,0,1,0,1,0
678,2020,Q1,60,3,1,0,0,0,2,0
678,2021,Q1,48,1,0,0,1,0,0,0
678,2022,Q1,36,1,0,0,0,0,1,0
678,2024,Q1,12,3,0,1,2,0,0,0
site_id,Year,Quarter,Interval,Total Registered,Total Alive,Patient Died,Total Defaulted,Treatment Stopped,Patient transferred out,Unknown
679,2013,Q1,144,1,0,1,0,0,0,0
679,2015,Q1,120,1,1,0,0,0,0,0
679,2017,Q1,96,2,1,0,0,0,1,0
679,2018,Q1,84,2,1,0,0,0,1,0
679,2020,Q1,60,1,0,0,1,0,0,0
679,2023,Q1,24,2,2,0,0,0,0,0
site_id,Year,Quarter,Interval,Total Registered,Total Alive,Patient Died,Total Defaulted,Treatment Stopped,Patient transferred out,Unknown
67,2011,Q1,168,3,2,1,0,0,0,0
67,2012,Q1,156,2,2,0,0,0,0,0
67,2013,Q1,144,2,2,0,0,0,0,0
67,2014,Q1,132,2,0,0,1,0,1,0
67,2015,Q1,120,11,3,0,7,0,1,0
67,2016,Q1,108,8,3,1,3,0,1,0
67,2017,Q1,96,6,5,0,0,0,1,0
67,2018,Q1,84,6,2,0,3,0,1,0
67,2019,Q1,72,10,3,2,5,0,0,0
67,2020,Q1,60,8,2,1,2,0,3,0
67,2021,Q1,48,1,0,0,1,0,0,0
67,2022,Q1,36,4,4,0,0,0,0,0
67,2023,Q1,24,2,1,0,0,0,1,0
67,2024,Q1,12,2,1,1,0,0,0,0
site_id,Year,Quarter,Interval,Total Registered,Total Alive,Patient Died,Total Defaulted,Treatment Stopped,Patient transferred out,Unknown
680,2012,Q1,156,2,0,0,0,0,2,0
680,2013,Q1,144,1,0,0,1,0,0,0
680,2014,Q1,132,1,1,0,0,0,0,0
680,2015,Q1,120,3,0,0,1,0,2,0
680,2017,Q1,96,2,0,0,0,0,2,0
680,2020,Q1,60,1,1,0,0,0,0,0
680,2021,Q1,48,2,0,0,1,0,1,0
680,2022,Q1,36,1,0,0,0,0,1,0
680,2023,Q1,24,1,0,0,0,0,1,0
680,2024,Q1,12,2,1,0,0,0,1,0
site_id,Year,Quarter,Interval,Total Registered,Total Alive,Patient Died,Total Defaulted,Treatment Stopped,Patient transferred out,Unknown
681,2012,Q1,156,1,0,0,1,0,0,0
681,2013,Q1,144,2,0,0,0,0,2,0
681,2014,Q1,132,1,0,0,0,0,1,0
681,2015,Q1,120,2,0,1,1,0,0,0
681,2016,Q1,108,3,0,0,2,0,1,0
681,2017,Q1,96,3,0,1,1,0,1,0
681,2018,Q1,84,1,0,0,0,0,1,0
681,2019,Q1,72,2,0,1,0,0,1,0
681,2020,Q1,60,3,0,1,2,0,0,0
681,2022,Q1,36,2,0,0,1,0,1,0
site_id,Year,Quarter,Interval,Total Registered,Total Alive,Patient Died,Total Defaulted,Treatment Stopped,Patient transferred out,Unknown
683,2016,Q1,108,1,0,1,0,0,0,0
683,2017,Q1,96,2,0,1,1,0,0,0
683,2018,Q1,84,1,0,0,1,0,0,0
site_id,Year,Quarter,Interval,Total Registered,Total Alive,Patient Died,Total Defaulted,Treatment Stopped,Patient transferred out,Unknown
684,2015,Q1,120,1,1,0,0,0,0,0
684,2017,Q1,96,1,0,0,0,0,1,0
684,2018,Q1,84,1,0,0,0,0,1,0
684,2021,Q1,48,1,1,0,0,0,0,0
684,2023,Q1,24,2,2,0,0,0,0,0
site_id,Year,Quarter,Interval,Total Registered,Total Alive,Patient Died,Total Defaulted,Treatment Stopped,Patient transferred out,Unknown
685,2013,Q1,144,4,1,0,1,0,2,0
685,2014,Q1,132,4,0,0,0,0,4,0
685,2015,Q1,120,2,0,0,1,0,1,0
685,2016,Q1,108,1,0,0,1,0,0,0
685,2017,Q1,96,4,2,0,1,1,0,0
685,2018,Q1,84,1,0,0,0,0,1,0
685,2019,Q1,72,3,1,0,2,0,0,0
685,2021,Q1,48,1,0,0,0,0,1,0
685,2024,Q1,12,2,0,0,2,0,0,0
site_id,Year,Quarter,Interval,Total Registered,Total Alive,Patient Died,Total Defaulted,Treatment Stopped,Patient transferred out,Unknown
686,2012,Q1,156,5,0,1,3,0,1,0
686,2013,Q1,144,14,2,1,7,0,4,0
686,2014,Q1,132,5,1,0,2,0,2,0
686,2015,Q1,120,16,4,1,5,0,6,0
686,2016,Q1,108,14,3,1,8,0,2,0
686,2017,Q1,96,10,2,0,3,0,5,0
686,2018,Q1,84,8,1,0,5,0,2,0
686,2019,Q1,72,10,2,0,3,0,5,0
686,2020,Q1,60,13,6,1,0,0,6,0
686,2021,Q1,48,4,2,0,0,0,2,0
686,2022,Q1,36,8,2,0,1,0,5,0
686,2023,Q1,24,2,0,0,0,0,2,0
686,2024,Q1,12,5,3,1,0,0,1,0
site_id,Year,Quarter,Interval,Total Registered,Total Alive,Patient Died,Total Defaulted,Treatment Stopped,Patient transferred out,Unknown
689,2011,Q1,168,12,1,3,4,1,3,0
689,2012,Q1,156,9,0,1,5,0,3,0
689,2013,Q1,144,16,2,1,4,0,9,0
689,2014,Q1,132,7,4,0,2,0,1,0
689,2015,Q1,120,12,2,1,2,0,7,0
689,2016,Q1,108,8,4,1,3,0,0,0
689,2017,Q1,96,8,1,0,3,0,4,0
689,2018,Q1,84,11,5,0,2,1,3,0
689,2019,Q1,72,13,7,0,2,0,4,0
689,2020,Q1,60,12,2,3,4,2,1,0
689,2021,Q1,48,5,3,0,0,0,2,0
689,2022,Q1,36,8,5,0,0,1,2,0
689,2023,Q1,24,11,5,1,0,0,5,0
689,2024,Q1,12,16,8,0,1,0,7,0
site_id,Year,Quarter,Interval,Total Registered,Total Alive,Patient Died,Total Defaulted,Treatment Stopped,Patient transferred out,Unknown
68,2013,Q1,144,1,0,0,0,0,1,0
68,2014,Q1,132,1,0,1,0,0,0,0
68,2017,Q1,96,2,1,0,1,0,0,0
68,2020,Q1,60,1,0,0,1,0,0,0
68,2023,Q1,24,1,0,0,0,0,1,0
site_id,Year,Quarter,Interval,Total Registered,Total Alive,Patient Died,Total Defaulted,Treatment Stopped,Patient transferred out,Unknown
695,2015,Q1,120,1,0,0,0,0,1,0
695,2016,Q1,108,1,0,0,0,0,1,0
site_id,Year,Quarter,Interval,Total Registered,Total Alive,Patient Died,Total Defaulted,Treatment Stopped,Patient transferred out,Unknown
698,2011,Q1,168,5,2,0,0,1,2,0
698,2012,Q1,156,5,1,1,1,0,2,0
698,2013,Q1,144,9,3,2,2,0,2,0
698,2014,Q1,132,7,1,0,5,0,1,0
698,2015,Q1,120,6,3,0,3,0,0,0
698,2016,Q1,108,3,1,0,2,0,0,0
698,2017,Q1,96,6,2,1,2,0,1,0
698,2018,Q1,84,9,4,0,2,0,3,0
698,2019,Q1,72,4,3,0,0,0,1,0
698,2020,Q1,60,5,4,0,0,0,1,0
698,2021,Q1,48,5,1,1,1,0,2,0
698,2022,Q1,36,7,6,0,0,0,1,0
698,2023,Q1,24,5,3,0,0,0,2,0
698,2024,Q1,12,8,6,0,0,0,2,0
site_id,Year,Quarter,Interval,Total Registered,Total Alive,Patient Died,Total Defaulted,Treatment Stopped,Patient transferred out,Unknown
699,2011,Q1,168,1,1,0,0,0,0,0
699,2015,Q1,120,1,0,0,1,0,0,0
699,2016,Q1,108,2,1,0,1,0,0,0
699,2017,Q1,96,2,1,0,1,0,0,0
699,2020,Q1,60,1,0,0,0,0,1,0
699,2021,Q1,48,1,1,0,0,0,0,0
699,2023,Q1,24,1,0,0,0,0,1,0
699,2024,Q1,12,1,1,0,0,0,0,0
site_id,Year,Quarter,Interval,Total Registered,Total Alive,Patient Died,Total Defaulted,Treatment Stopped,Patient transferred out,Unknown
69,2017,Q1,96,1,0,1,0,0,0,0
69,2018,Q1,84,1,1,0,0,0,0,0
site_id,Year,Quarter,Interval,Total Registered,Total Alive,Patient Died,Total Defaulted,Treatment Stopped,Patient transferred out,Unknown
6,2012,Q1,156,1,0,0,1,0,0,0
6,2014,Q1,132,1,0,0,1,0,0,0
6,2017,Q1,96,1,0,0,0,0,1,0
6,2019,Q1,72,1,0,0,1,0,0,0
6,2020,Q1,60,1,0,0,1,0,0,0
site_id,Year,Quarter,Interval,Total Registered,Total Alive,Patient Died,Total Defaulted,Treatment Stopped,Patient transferred out,Unknown
700,2011,Q1,168,2,0,0,0,0,2,0
700,2012,Q1,156,14,3,1,6,0,4,0
700,2013,Q1,144,12,3,0,6,0,3,0
700,2014,Q1,132,21,1,4,11,1,4,0
700,2015,Q1,120,34,4,1,15,3,11,0
700,2016,Q1,108,42,12,1,20,0,9,0
700,2017,Q1,96,45,12,0,17,1,15,0
700,2018,Q1,84,48,11,0,19,4,14,0
700,2019,Q1,72,25,5,1,13,0,6,0
700,2020,Q1,60,38,18,2,7,3,8,0
700,2021,Q1,48,29,5,5,12,1,6,0
700,2022,Q1,36,36,12,2,7,1,14,0
700,2023,Q1,24,26,15,0,3,2,6,0
700,2024,Q1,12,28,19,0,6,0,3,0
site_id,Year,Quarter,Interval,Total Registered,Total Alive,Patient Died,Total Defaulted,Treatment Stopped,Patient transferred out,Unknown
701,2012,Q1,156,6,1,1,4,0,0,0
701,2013,Q1,144,3,0,0,2,0,1,0
701,2014,Q1,132,2,1,0,1,0,0,0
701,2016,Q1,108,4,1,0,2,0,1,0
701,2017,Q1,96,4,1,0,3,0,0,0
701,2018,Q1,84,1,1,0,0,0,0,0
701,2019,Q1,72,2,1,0,0,0,1,0
701,2020,Q1,60,7,2,1,2,0,2,0
701,2021,Q1,48,4,1,0,1,0,2,0
701,2022,Q1,36,6,5,0,0,0,1,0
701,2023,Q1,24,7,4,0,1,0,2,0
701,2024,Q1,12,2,0,0,2,0,0,0
site_id,Year,Quarter,Interval,Total Registered,Total Alive,Patient Died,Total Defaulted,Treatment Stopped,Patient transferred out,Unknown
704,2012,Q1,156,2,1,0,1,0,0,0
704,2013,Q1,144,1,0,0,0,0,1,0
704,2014,Q1,132,3,0,0,3,0,0,0
704,2015,Q1,120,1,0,0,0,0,1,0
704,2016,Q1,108,2,0,0,1,0,1,0
704,2017,Q1,96,1,1,0,0,0,0,0
704,2018,Q1,84,2,1,0,1,0,0,0
704,2019,Q1,72,5,3,0,1,0,1,0
704,2020,Q1,60,7,4,0,1,1,1,0
704,2021,Q1,48,4,2,0,1,0,1,0
704,2022,Q1,36,5,4,0,1,0,0,0
704,2023,Q1,24,1,1,0,0,0,0,0
704,2024,Q1,12,1,1,0,0,0,0,0
site_id,Year,Quarter,Interval,Total Registered,Total Alive,Patient Died,Total Defaulted,Treatment Stopped,Patient transferred out,Unknown
706,2011,Q1,168,1,0,0,0,0,1,0
706,2012,Q1,156,3,1,0,1,0,1,0
706,2013,Q1,144,4,3,1,0,0,0,0
706,2014,Q1,132,3,1,1,1,0,0,0
706,2017,Q1,96,2,1,0,0,0,1,0
706,2018,Q1,84,2,1,0,0,0,1,0
706,2019,Q1,72,2,2,0,0,0,0,0
706,2021,Q1,48,1,1,0,0,0,0,0
site_id,Year,Quarter,Interval,Total Registered,Total Alive,Patient Died,Total Defaulted,Treatment Stopped,Patient transferred out,Unknown
709,2012,Q1,156,1,0,0,0,0,1,0
709,2014,Q1,132,1,0,0,1,0,0,0
709,2015,Q1,120,1,0,0,1,0,0,0
709,2018,Q1,84,1,0,0,1,0,0,0
site_id,Year,Quarter,Interval,Total Registered,Total Alive,Patient Died,Total Defaulted,Treatment Stopped,Patient transferred out,Unknown
70,2012,Q1,156,4,1,0,2,0,1,0
70,2013,Q1,144,3,0,0,1,0,2,0
70,2014,Q1,132,4,1,0,2,0,1,0
70,2015,Q1,120,3,1,0,2,0,0,0
70,2016,Q1,108,2,0,0,1,0,1,0
70,2017,Q1,96,5,2,0,2,0,1,0
70,2018,Q1,84,5,1,0,1,0,3,0
70,2019,Q1,72,6,0,0,2,0,4,0
70,2020,Q1,60,7,3,0,0,0,4,0
70,2021,Q1,48,4,2,0,0,1,1,0
70,2022,Q1,36,5,1,1,0,0,3,0
70,2023,Q1,24,5,3,0,0,0,2,0
70,2024,Q1,12,7,7,0,0,0,0,0
site_id,Year,Quarter,Interval,Total Registered,Total Alive,Patient Died,Total Defaulted,Treatment Stopped,Patient transferred out,Unknown
717,2011,Q1,168,1,0,0,1,0,0,0
717,2012,Q1,156,2,0,1,1,0,0,0
717,2014,Q1,132,1,0,1,0,0,0,0
717,2015,Q1,120,1,0,0,1,0,0,0
717,2017,Q1,96,2,1,0,1,0,0,0
717,2019,Q1,72,2,1,0,0,0,1,0
717,2020,Q1,60,4,2,0,0,0,2,0
717,2021,Q1,48,1,0,0,0,0,1,0
717,2022,Q1,36,1,0,0,0,0,1,0
717,2023,Q1,24,2,2,0,0,0,0,0
site_id,Year,Quarter,Interval,Total Registered,Total Alive,Patient Died,Total Defaulted,Treatment Stopped,Patient transferred out,Unknown
718,2015,Q1,120,1,0,0,0,0,1,0
718,2019,Q1,72,2,0,0,0,0,2,0
718,2020,Q1,60,5,1,0,3,0,1,0
718,2021,Q1,48,3,1,1,0,0,1,0
718,2023,Q1,24,2,1,0,1,0,0,0
718,2024,Q1,12,1,1,0,0,0,0,0
site_id,Year,Quarter,Interval,Total Registered,Total Alive,Patient Died,Total Defaulted,Treatment Stopped,Patient transferred out,Unknown
71,2012,Q1,156,4,0,1,0,0,3,0
71,2013,Q1,144,1,0,1,0,0,0,0
71,2014,Q1,132,2,2,0,0,0,0,0
71,2015,Q1,120,2,1,0,0,0,1,0
71,2016,Q1,108,1,0,1,0,0,0,0
71,2017,Q1,96,5,4,0,0,0,1,0
71,2018,Q1,84,2,1,0,1,0,0,0
71,2019,Q1,72,4,1,0,1,0,2,0
71,2020,Q1,60,4,0,0,2,0,2,0
71,2021,Q1,48,2,0,1,0,0,1,0
71,2022,Q1,36,3,1,0,0,0,2,0
71,2023,Q1,24,1,0,0,0,0,1,0
71,2024,Q1,12,3,2,1,0,0,0,0
site_id,Year,Quarter,Interval,Total Registered,Total Alive,Patient Died,Total Defaulted,Treatment Stopped,Patient transferred out,Unknown
72,2012,Q1,156,1,0,0,0,0,1,0
72,2014,Q1,132,1,0,0,0,1,0,0
72,2017,Q1,96,1,0,0,0,0,1,0
72,2018,Q1,84,1,0,0,0,0,1,0
72,2019,Q1,72,5,3,0,1,0,1,0
72,2020,Q1,60,1,1,0,0,0,0,0
72,2021,Q1,48,1,0,0,0,0,1,0
72,2022,Q1,36,2,1,0,0,0,1,0
72,2023,Q1,24,1,0,1,0,0,0,0
site_id,Year,Quarter,Interval,Total Registered,Total Alive,Patient Died,Total Defaulted,Treatment Stopped,Patient transferred out,Unknown
73,2011,Q1,168,2,0,0,0,0,2,0
73,2012,Q1,156,4,3,0,1,0,0,0
73,2013,Q1,144,2,1,1,0,0,0,0
73,2014,Q1,132,4,1,1,1,0,1,0
73,2015,Q1,120,1,0,1,0,0,0,0
73,2016,Q1,108,2,1,0,1,0,0,0
73,2017,Q1,96,2,1,0,1,0,0,0
73,2018,Q1,84,2,1,0,1,0,0,0
73,2019,Q1,72,1,0,0,1,0,0,0
73,2020,Q1,60,1,0,0,1,0,0,0
73,2021,Q1,48,1,1,0,0,0,0,0
73,2022,Q1,36,2,2,0,0,0,0,0
73,2023,Q1,24,5,1,0,1,0,3,0
73,2024,Q1,12,3,1,0,1,0,1,0
site_id,Year,Quarter,Interval,Total Registered,Total Alive,Patient Died,Total Defaulted,Treatment Stopped,Patient transferred out,Unknown
74,2012,Q1,156,4,2,0,0,0,2,0
74,2013,Q1,144,2,1,0,0,0,1,0
74,2015,Q1,120,1,1,0,0,0,0,0
74,2016,Q1,108,6,3,0,0,0,3,0
74,2018,Q1,84,5,4,0,0,0,1,0
74,2019,Q1,72,1,1,0,0,0,0,0
74,2021,Q1,48,2,1,0,0,0,1,0
74,2023,Q1,24,1,1,0,0,0,0,0
74,2024,Q1,12,2,2,0,0,0,0,0
site_id,Year,Quarter,Interval,Total Registered,Total Alive,Patient Died,Total Defaulted,Treatment Stopped,Patient transferred out,Unknown
75,2014,Q1,132,2,0,1,1,0,0,0
75,2015,Q1,120,1,0,0,1,0,0,0
75,2018,Q1,84,3,3,0,0,0,0,0
75,2019,Q1,72,1,0,0,0,0,1,0
75,2023,Q1,24,1,0,0,1,0,0,0
site_id,Year,Quarter,Interval,Total Registered,Total Alive,Patient Died,Total Defaulted,Treatment Stopped,Patient transferred out,Unknown
76,2011,Q1,168,2,0,0,1,0,1,0
76,2012,Q1,156,12,2,0,6,0,4,0
76,2013,Q1,144,6,3,0,0,0,3,0
76,2014,Q1,132,5,2,0,2,0,1,0
76,2015,Q1,120,13,1,2,9,0,1,0
76,2016,Q1,108,11,4,1,2,0,4,0
76,2017,Q1,96,10,2,0,4,0,4,0
76,2018,Q1,84,7,3,0,4,0,0,0
76,2019,Q1,72,4,2,0,0,0,2,0
76,2020,Q1,60,9,2,1,1,1,4,0
76,2021,Q1,48,7,1,1,0,0,5,0
76,2022,Q1,36,6,0,1,1,0,4,0
76,2023,Q1,24,2,2,0,0,0,0,0
76,2024,Q1,12,6,3,0,1,0,2,0
site_id,Year,Quarter,Interval,Total Registered,Total Alive,Patient Died,Total Defaulted,Treatment Stopped,Patient transferred out,Unknown
77,2013,Q1,144,2,0,0,2,0,0,0
77,2014,Q1,132,1,1,0,0,0,0,0
77,2016,Q1,108,1,0,0,0,0,1,0
77,2017,Q1,96,1,1,0,0,0,0,0
77,2018,Q1,84,1,0,0,0,0,1,0
77,2019,Q1,72,1,0,0,0,0,1,0
77,2021,Q1,48,4,2,0,0,0,2,0
site_id,Year,Quarter,Interval,Total Registered,Total Alive,Patient Died,Total Defaulted,Treatment Stopped,Patient transferred out,Unknown
783,2013,Q1,144,3,1,0,0,0,2,0
783,2014,Q1,132,5,1,1,0,0,3,0
783,2015,Q1,120,1,1,0,0,0,0,0
783,2016,Q1,108,1,1,0,0,0,0,0
783,2017,Q1,96,1,1,0,0,0,0,0
783,2018,Q1,84,1,0,0,0,0,1,0
783,2020,Q1,60,2,2,0,0,0,0,0
783,2021,Q1,48,1,1,0,0,0,0,0
783,2022,Q1,36,2,2,0,0,0,0,0
783,2023,Q1,24,1,1,0,0,0,0,0
site_id,Year,Quarter,Interval,Total Registered,Total Alive,Patient Died,Total Defaulted,Treatment Stopped,Patient transferred out,Unknown
784,2021,Q1,48,1,0,0,0,0,1,0
784,2022,Q1,36,1,0,0,0,0,1,0
784,2024,Q1,12,1,0,0,1,0,0,0
site_id,Year,Quarter,Interval,Total Registered,Total Alive,Patient Died,Total Defaulted,Treatment Stopped,Patient transferred out,Unknown
78,2012,Q1,156,2,0,0,0,0,2,0
78,2013,Q1,144,1,0,0,0,0,1,0
78,2016,Q1,108,7,2,0,2,0,3,0
78,2017,Q1,96,2,0,0,1,0,1,0
78,2018,Q1,84,6,1,1,1,1,2,0
78,2019,Q1,72,3,1,0,0,0,2,0
78,2020,Q1,60,1,0,0,0,0,1,0
78,2021,Q1,48,2,0,0,0,0,2,0
78,2022,Q1,36,3,1,0,2,0,0,0
78,2024,Q1,12,2,1,0,1,0,0,0
site_id,Year,Quarter,Interval,Total Registered,Total Alive,Patient Died,Total Defaulted,Treatment Stopped,Patient transferred out,Unknown
799,2014,Q1,132,1,1,0,0,0,0,0
799,2015,Q1,120,2,0,0,2,0,0,0
799,2016,Q1,108,2,0,0,1,0,1,0
799,2017,Q1,96,4,1,0,3,0,0,0
799,2018,Q1,84,4,1,0,2,0,1,0
799,2019,Q1,72,6,3,0,1,0,2,0
799,2020,Q1,60,4,2,1,1,0,0,0
799,2022,Q1,36,2,0,0,0,0,2,0
799,2023,Q1,24,1,1,0,0,0,0,0
799,2024,Q1,12,5,2,0,1,0,2,0
site_id,Year,Quarter,Interval,Total Registered,Total Alive,Patient Died,Total Defaulted,Treatment Stopped,Patient transferred out,Unknown
79,2011,Q1,168,1,0,0,1,0,0,0
79,2012,Q1,156,3,3,0,0,0,0,0
79,2014,Q1,132,3,1,0,2,0,0,0
79,2015,Q1,120,3,1,1,0,0,1,0
79,2016,Q1,108,6,1,0,3,0,2,0
79,2017,Q1,96,4,0,1,1,0,2,0
79,2019,Q1,72,1,1,0,0,0,0,0
79,2020,Q1,60,4,0,0,3,0,1,0
79,2021,Q1,48,2,1,0,0,0,1,0
79,2023,Q1,24,1,0,0,1,0,0,0
79,2024,Q1,12,2,0,0,1,0,1,0
site_id,Year,Quarter,Interval,Total Registered,Total Alive,Patient Died,Total Defaulted,Treatment Stopped,Patient transferred out,Unknown
7,2011,Q1,168,1,0,0,1,0,0,0
7,2012,Q1,156,1,0,1,0,0,0,0
7,2013,Q1,144,1,0,1,0,0,0,0
7,2014,Q1,132,4,1,1,0,0,2,0
7,2015,Q1,120,1,1,0,0,0,0,0
7,2016,Q1,108,1,1,0,0,0,0,0
7,2017,Q1,96,4,2,0,0,0,2,0
7,2018,Q1,84,2,1,0,1,0,0,0
7,2019,Q1,72,2,0,0,1,0,1,0
7,2020,Q1,60,1,0,0,1,0,0,0
7,2021,Q1,48,2,2,0,0,0,0,0
7,2023,Q1,24,2,1,0,0,0,1,0
7,2024,Q1,12,1,1,0,0,0,0,0
site_id,Year,Quarter,Interval,Total Registered,Total Alive,Patient Died,Total Defaulted,Treatment Stopped,Patient transferred out,Unknown
800,2011,Q1,168,3,1,1,1,0,0,0
800,2012,Q1,156,1,1,0,0,0,0,0
800,2013,Q1,144,2,1,1,0,0,0,0
800,2014,Q1,132,2,1,1,0,0,0,0
800,2015,Q1,120,5,2,0,2,0,1,0
800,2016,Q1,108,5,1,0,2,0,2,0
800,2017,Q1,96,3,3,0,0,0,0,0
800,2018,Q1,84,7,4,0,2,0,1,0
800,2019,Q1,72,1,0,0,0,0,1,0
800,2020,Q1,60,5,4,0,0,0,1,0
800,2021,Q1,48,2,1,1,0,0,0,0
800,2022,Q1,36,1,1,0,0,0,0,0
800,2023,Q1,24,2,2,0,0,0,0,0
800,2024,Q1,12,1,1,0,0,0,0,0
site_id,Year,Quarter,Interval,Total Registered,Total Alive,Patient Died,Total Defaulted,Treatment Stopped,Patient transferred out,Unknown
801,2013,Q1,144,1,0,0,0,0,1,0
801,2015,Q1,120,1,1,0,0,0,0,0
801,2016,Q1,108,1,0,0,1,0,0,0
801,2018,Q1,84,1,1,0,0,0,0,0
801,2019,Q1,72,1,0,1,0,0,0,0
801,2020,Q1,60,1,0,0,0,0,1,0
site_id,Year,Quarter,Interval,Total Registered,Total Alive,Patient Died,Total Defaulted,Treatment Stopped,Patient transferred out,Unknown
802,2012,Q1,156,1,1,0,0,0,0,0
802,2013,Q1,144,2,0,0,1,0,1,0
802,2014,Q1,132,1,0,0,1,0,0,0
802,2015,Q1,120,3,2,0,0,0,1,0
802,2016,Q1,108,6,4,0,1,0,1,0
802,2017,Q1,96,3,1,1,1,0,0,0
802,2018,Q1,84,4,2,2,0,0,0,0
802,2019,Q1,72,4,1,0,1,0,2,0
802,2020,Q1,60,4,3,0,0,0,1,0
802,2021,Q1,48,3,1,0,0,0,2,0
802,2022,Q1,36,2,0,0,0,0,2,0
802,2023,Q1,24,1,0,0,0,0,1,0
802,2024,Q1,12,1,0,0,0,0,1,0
site_id,Year,Quarter,Interval,Total Registered,Total Alive,Patient Died,Total Defaulted,Treatment Stopped,Patient transferred out,Unknown
803,2012,Q1,156,2,2,0,0,0,0,0
803,2013,Q1,144,8,0,1,2,0,5,0
803,2015,Q1,120,1,0,1,0,0,0,0
803,2016,Q1,108,3,0,1,2,0,0,0
803,2017,Q1,96,1,0,0,1,0,0,0
803,2019,Q1,72,4,1,0,3,0,0,0
803,2020,Q1,60,2,1,0,0,0,1,0
803,2022,Q1,36,3,0,0,2,0,1,0
803,2023,Q1,24,1,1,0,0,0,0,0
803,2024,Q1,12,3,0,0,3,0,0,0
site_id,Year,Quarter,Interval,Total Registered,Total Alive,Patient Died,Total Defaulted,Treatment Stopped,Patient transferred out,Unknown
805,2012,Q1,156,1,1,0,0,0,0,0
805,2021,Q1,48,1,0,0,0,0,1,0
805,2024,Q1,12,1,0,0,0,0,1,0
site_id,Year,Quarter,Interval,Total Registered,Total Alive,Patient Died,Total Defaulted,Treatment Stopped,Patient transferred out,Unknown
806,2012,Q1,156,1,1,0,0,0,0,0
806,2013,Q1,144,1,1,0,0,0,0,0
806,2016,Q1,108,3,0,0,0,0,3,0
806,2017,Q1,96,2,0,0,0,0,2,0
806,2021,Q1,48,1,1,0,0,0,0,0
site_id,Year,Quarter,Interval,Total Registered,Total Alive,Patient Died,Total Defaulted,Treatment Stopped,Patient transferred out,Unknown
809,2014,Q1,132,1,0,0,1,0,0,0
809,2016,Q1,108,1,0,0,0,0,1,0
809,2018,Q1,84,1,0,0,0,0,1,0
809,2019,Q1,72,1,0,0,0,0,1,0
site_id,Year,Quarter,Interval,Total Registered,Total Alive,Patient Died,Total Defaulted,Treatment Stopped,Patient transferred out,Unknown
80,2011,Q1,168,1,0,0,0,0,1,0
80,2017,Q1,96,2,1,1,0,0,0,0
80,2020,Q1,60,1,1,0,0,0,0,0
80,2021,Q1,48,1,1,0,0,0,0,0
80,2024,Q1,12,1,1,0,0,0,0,0
site_id,Year,Quarter,Interval,Total Registered,Total Alive,Patient Died,Total Defaulted,Treatment Stopped,Patient transferred out,Unknown
810,2013,Q1,144,2,0,0,0,0,2,0
810,2014,Q1,132,1,1,0,0,0,0,0
810,2018,Q1,84,3,1,0,2,0,0,0
810,2019,Q1,72,1,0,0,0,0,1,0
810,2020,Q1,60,2,1,0,1,0,0,0
810,2021,Q1,48,1,0,0,0,0,1,0
810,2022,Q1,36,3,1,0,2,0,0,0
810,2023,Q1,24,4,3,0,1,0,0,0
site_id,Year,Quarter,Interval,Total Registered,Total Alive,Patient Died,Total Defaulted,Treatment Stopped,Patient transferred out,Unknown
811,2013,Q1,144,1,0,0,1,0,0,0
811,2015,Q1,120,2,0,0,0,0,2,0
811,2016,Q1,108,1,0,0,0,0,1,0
811,2021,Q1,48,1,0,0,0,0,1,0
811,2023,Q1,24,2,1,0,0,0,1,0
site_id,Year,Quarter,Interval,Total Registered,Total Alive,Patient Died,Total Defaulted,Treatment Stopped,Patient transferred out,Unknown
813,2012,Q1,156,2,0,0,0,1,1,0
813,2013,Q1,144,1,0,0,0,0,1,0
813,2015,Q1,120,1,1,0,0,0,0,0
813,2018,Q1,84,1,0,0,0,0,1,0
813,2023,Q1,24,1,1,0,0,0,0,0
site_id,Year,Quarter,Interval,Total Registered,Total Alive,Patient Died,Total Defaulted,Treatment Stopped,Patient transferred out,Unknown
814,2016,Q1,108,2,1,0,1,0,0,0
814,2018,Q1,84,1,0,0,1,0,0,0
814,2021,Q1,48,1,0,0,0,0,1,0
814,2024,Q1,12,1,1,0,0,0,0,0
site_id,Year,Quarter,Interval,Total Registered,Total Alive,Patient Died,Total Defaulted,Treatment Stopped,Patient transferred out,Unknown
816,2017,Q1,96,2,1,0,1,0,0,0
816,2019,Q1,72,4,1,0,1,0,2,0
site_id,Year,Quarter,Interval,Total Registered,Total Alive,Patient Died,Total Defaulted,Treatment Stopped,Patient transferred out,Unknown
81,2013,Q1,144,1,0,0,1,0,0,0
81,2014,Q1,132,1,0,1,0,0,0,0
81,2016,Q1,108,1,1,0,0,0,0,0
81,2018,Q1,84,2,0,0,1,1,0,0
81,2019,Q1,72,1,0,1,0,0,0,0
81,2021,Q1,48,2,1,0,0,0,1,0
81,2022,Q1,36,1,0,0,1,0,0,0
site_id,Year,Quarter,Interval,Total Registered,Total Alive,Patient Died,Total Defaulted,Treatment Stopped,Patient transferred out,Unknown
820,2012,Q1,156,1,0,0,0,0,1,0
site_id,Year,Quarter,Interval,Total Registered,Total Alive,Patient Died,Total Defaulted,Treatment Stopped,Patient transferred out,Unknown
821,2019,Q1,72,1,0,0,1,0,0,0
821,2023,Q1,24,1,1,0,0,0,0,0
821,2024,Q1,12,1,0,0,1,0,0,0
site_id,Year,Quarter,Interval,Total Registered,Total Alive,Patient Died,Total Defaulted,Treatment Stopped,Patient transferred out,Unknown
823,2013,Q1,144,1,0,0,1,0,0,0
823,2014,Q1,132,4,1,0,0,0,3,0
823,2015,Q1,120,1,0,0,1,0,0,0
823,2019,Q1,72,1,0,0,0,0,1,0
823,2020,Q1,60,1,0,0,0,0,1,0
823,2022,Q1,36,1,0,0,0,0,1,0
823,2023,Q1,24,1,1,0,0,0,0,0
823,2024,Q1,12,1,0,0,0,0,1,0
site_id,Year,Quarter,Interval,Total Registered,Total Alive,Patient Died,Total Defaulted,Treatment Stopped,Patient transferred out,Unknown
824,2019,Q1,72,1,0,0,1,0,0,0
site_id,Year,Quarter,Interval,Total Registered,Total Alive,Patient Died,Total Defaulted,Treatment Stopped,Patient transferred out,Unknown
825,2012,Q1,156,2,2,0,0,0,0,0
825,2015,Q1,120,1,1,0,0,0,0,0
825,2024,Q1,12,1,1,0,0,0,0,0
site_id,Year,Quarter,Interval,Total Registered,Total Alive,Patient Died,Total Defaulted,Treatment Stopped,Patient transferred out,Unknown
826,2015,Q1,120,1,0,0,0,0,1,0
826,2016,Q1,108,1,0,0,0,0,1,0
826,2017,Q1,96,1,1,0,0,0,0,0
826,2023,Q1,24,3,2,0,1,0,0,0
826,2024,Q1,12,1,0,0,0,0,1,0
site_id,Year,Quarter,Interval,Total Registered,Total Alive,Patient Died,Total Defaulted,Treatment Stopped,Patient transferred out,Unknown
82,2012,Q1,156,1,0,1,0,0,0,0
82,2014,Q1,132,3,0,0,1,0,2,0
82,2015,Q1,120,1,0,0,0,0,1,0
82,2016,Q1,108,3,0,1,1,0,1,0
82,2017,Q1,96,2,0,0,0,0,2,0
82,2018,Q1,84,2,0,1,1,0,0,0
82,2020,Q1,60,3,0,0,2,0,1,0
site_id,Year,Quarter,Interval,Total Registered,Total Alive,Patient Died,Total Defaulted,Treatment Stopped,Patient transferred out,Unknown
830,2012,Q1,156,4,1,0,0,0,3,0
830,2016,Q1,108,1,0,0,0,1,0,0
830,2017,Q1,96,1,0,0,0,0,1,0
830,2018,Q1,84,2,2,0,0,0,0,0
830,2019,Q1,72,2,0,0,0,0,2,0
830,2022,Q1,36,1,1,0,0,0,0,0
830,2023,Q1,24,1,1,0,0,0,0,0
site_id,Year,Quarter,Interval,Total Registered,Total Alive,Patient Died,Total Defaulted,Treatment Stopped,Patient transferred out,Unknown
831,2016,Q1,108,1,0,1,0,0,0,0
831,2017,Q1,96,1,0,0,0,0,1,0
831,2018,Q1,84,1,0,0,0,1,0,0
site_id,Year,Quarter,Interval,Total Registered,Total Alive,Patient Died,Total Defaulted,Treatment Stopped,Patient transferred out,Unknown
832,2019,Q1,72,2,0,0,0,0,2,0
832,2020,Q1,60,1,0,0,0,0,1,0
832,2021,Q1,48,1,0,0,1,0,0,0
832,2023,Q1,24,1,1,0,0,0,0,0
site_id,Year,Quarter,Interval,Total Registered,Total Alive,Patient Died,Total Defaulted,Treatment Stopped,Patient transferred out,Unknown
833,2017,Q1,96,2,0,0,1,0,1,0
833,2018,Q1,84,3,0,0,2,0,1,0
site_id,Year,Quarter,Interval,Total Registered,Total Alive,Patient Died,Total Defaulted,Treatment Stopped,Patient transferred out,Unknown
835,2013,Q1,144,1,1,0,0,0,0,0
835,2016,Q1,108,1,0,0,1,0,0,0
835,2017,Q1,96,1,0,0,1,0,0,0
835,2019,Q1,72,1,1,0,0,0,0,0
835,2020,Q1,60,4,1,0,1,0,2,0
835,2021,Q1,48,1,0,0,1,0,0,0
835,2024,Q1,12,1,0,0,1,0,0,0
site_id,Year,Quarter,Interval,Total Registered,Total Alive,Patient Died,Total Defaulted,Treatment Stopped,Patient transferred out,Unknown
836,2018,Q1,84,1,0,0,0,0,1,0
site_id,Year,Quarter,Interval,Total Registered,Total Alive,Patient Died,Total Defaulted,Treatment Stopped,Patient transferred out,Unknown
839,2016,Q1,108,1,0,0,0,0,1,0
site_id,Year,Quarter,Interval,Total Registered,Total Alive,Patient Died,Total Defaulted,Treatment Stopped,Patient transferred out,Unknown
83,2011,Q1,168,1,0,0,0,0,1,0
83,2013,Q1,144,2,0,1,0,0,1,0
83,2014,Q1,132,3,2,0,0,0,1,0
83,2015,Q1,120,1,0,0,0,0,1,0
83,2016,Q1,108,2,1,0,1,0,0,0
83,2017,Q1,96,2,0,0,1,0,1,0
83,2018,Q1,84,2,2,0,0,0,0,0
83,2019,Q1,72,2,1,0,1,0,0,0
83,2020,Q1,60,3,2,0,1,0,0,0
83,2021,Q1,48,3,2,0,0,0,1,0
83,2022,Q1,36,2,2,0,0,0,0,0
83,2024,Q1,12,2,2,0,0,0,0,0
site_id,Year,Quarter,Interval,Total Registered,Total Alive,Patient Died,Total Defaulted,Treatment Stopped,Patient transferred out,Unknown
840,2017,Q1,96,1,0,0,0,0,1,0
site_id,Year,Quarter,Interval,Total Registered,Total Alive,Patient Died,Total Defaulted,Treatment Stopped,Patient transferred out,Unknown
843,2020,Q1,60,1,0,0,0,0,1,0
843,2021,Q1,48,1,0,0,0,0,1,0
site_id,Year,Quarter,Interval,Total Registered,Total Alive,Patient Died,Total Defaulted,Treatment Stopped,Patient transferred out,Unknown
844,2023,Q1,24,1,0,0,1,0,0,0
844,2024,Q1,12,1,0,0,1,0,0,0
site_id,Year,Quarter,Interval,Total Registered,Total Alive,Patient Died,Total Defaulted,Treatment Stopped,Patient transferred out,Unknown
849,2017,Q1,96,1,0,0,1,0,0,0
site_id,Year,Quarter,Interval,Total Registered,Total Alive,Patient Died,Total Defaulted,Treatment Stopped,Patient transferred out,Unknown
853,2012,Q1,156,2,1,1,0,0,0,0
853,2013,Q1,144,2,1,0,1,0,0,0
853,2014,Q1,132,4,1,1,0,0,2,0
853,2015,Q1,120,4,0,1,1,0,2,0
853,2016,Q1,108,4,2,0,0,0,2,0
853,2017,Q1,96,4,1,1,0,0,2,0
853,2018,Q1,84,7,1,1,1,0,4,0
853,2019,Q1,72,2,0,0,1,0,1,0
853,2020,Q1,60,7,1,1,3,0,2,0
853,2021,Q1,48,3,3,0,0,0,0,0
853,2022,Q1,36,3,2,0,1,0,0,0
853,2023,Q1,24,5,4,0,1,0,0,0
853,2024,Q1,12,1,0,0,0,0,1,0
site_id,Year,Quarter,Interval,Total Registered,Total Alive,Patient Died,Total Defaulted,Treatment Stopped,Patient transferred out,Unknown
857,2012,Q1,156,1,1,0,0,0,0,0
857,2014,Q1,132,2,0,0,0,0,2,0
857,2016,Q1,108,4,0,0,1,0,3,0
857,2017,Q1,96,1,1,0,0,0,0,0
857,2018,Q1,84,3,0,0,1,0,2,0
857,2019,Q1,72,2,0,0,0,1,1,0
857,2020,Q1,60,1,1,0,0,0,0,0
857,2021,Q1,48,1,1,0,0,0,0,0
857,2022,Q1,36,4,0,0,1,0,3,0
857,2023,Q1,24,1,1,0,0,0,0,0
857,2024,Q1,12,1,0,0,0,0,1,0
site_id,Year,Quarter,Interval,Total Registered,Total Alive,Patient Died,Total Defaulted,Treatment Stopped,Patient transferred out,Unknown
858,2014,Q1,132,1,0,0,1,0,0,0
858,2015,Q1,120,1,0,1,0,0,0,0
858,2017,Q1,96,1,0,0,1,0,0,0
858,2021,Q1,48,1,1,0,0,0,0,0
858,2022,Q1,36,1,0,0,1,0,0,0
site_id,Year,Quarter,Interval,Total Registered,Total Alive,Patient Died,Total Defaulted,Treatment Stopped,Patient transferred out,Unknown
859,2022,Q1,36,1,0,0,0,0,1,0
site_id,Year,Quarter,Interval,Total Registered,Total Alive,Patient Died,Total Defaulted,Treatment Stopped,Patient transferred out,Unknown
860,2013,Q1,144,1,0,0,0,0,1,0
860,2017,Q1,96,1,0,0,0,0,1,0
860,2020,Q1,60,12,2,0,3,0,7,0
860,2021,Q1,48,2,1,0,0,0,1,0
860,2022,Q1,36,2,1,0,0,0,1,0
860,2023,Q1,24,3,0,1,0,0,2,0
860,2024,Q1,12,1,0,0,1,0,0,0
site_id,Year,Quarter,Interval,Total Registered,Total Alive,Patient Died,Total Defaulted,Treatment Stopped,Patient transferred out,Unknown
861,2014,Q1,132,2,0,1,1,0,0,0
861,2015,Q1,120,1,1,0,0,0,0,0
861,2016,Q1,108,2,0,0,1,0,1,0
861,2017,Q1,96,1,0,1,0,0,0,0
861,2020,Q1,60,1,0,0,1,0,0,0
861,2021,Q1,48,1,0,0,1,0,0,0
861,2024,Q1,12,2,1,0,1,0,0,0
site_id,Year,Quarter,Interval,Total Registered,Total Alive,Patient Died,Total Defaulted,Treatment Stopped,Patient transferred out,Unknown
863,2011,Q1,168,1,0,0,1,0,0,0
863,2012,Q1,156,1,1,0,0,0,0,0
863,2013,Q1,144,1,0,0,0,0,1,0
863,2015,Q1,120,1,0,0,1,0,0,0
863,2017,Q1,96,1,0,0,1,0,0,0
site_id,Year,Quarter,Interval,Total Registered,Total Alive,Patient Died,Total Defaulted,Treatment Stopped,Patient transferred out,Unknown
866,2018,Q1,84,1,0,0,1,0,0,0
866,2019,Q1,72,2,0,0,1,0,1,0
866,2020,Q1,60,2,1,0,0,0,1,0
866,2021,Q1,48,1,1,0,0,0,0,0
866,2023,Q1,24,1,1,0,0,0,0,0
866,2024,Q1,12,3,2,0,1,0,0,0
site_id,Year,Quarter,Interval,Total Registered,Total Alive,Patient Died,Total Defaulted,Treatment Stopped,Patient transferred out,Unknown
86,2012,Q1,156,3,1,2,0,0,0,0
86,2013,Q1,144,2,1,1,0,0,0,0
86,2014,Q1,132,1,0,0,1,0,0,0
86,2015,Q1,120,2,1,1,0,0,0,0
86,2016,Q1,108,1,1,0,0,0,0,0
86,2017,Q1,96,6,4,1,0,0,1,0
86,2018,Q1,84,4,1,1,0,0,2,0
86,2020,Q1,60,2,0,0,0,0,2,0
86,2022,Q1,36,2,0,0,0,0,2,0
86,2023,Q1,24,1,1,0,0,0,0,0
site_id,Year,Quarter,Interval,Total Registered,Total Alive,Patient Died,Total Defaulted,Treatment Stopped,Patient transferred out,Unknown
873,2012,Q1,156,1,0,1,0,0,0,0
873,2013,Q1,144,1,0,0,0,0,1,0
873,2014,Q1,132,1,0,0,0,0,1,0
873,2015,Q1,120,2,0,0,0,0,2,0
873,2017,Q1,96,1,1,0,0,0,0,0
873,2018,Q1,84,3,0,0,0,0,3,0
873,2020,Q1,60,8,5,0,2,0,1,0
873,2022,Q1,36,2,2,0,0,0,0,0
873,2023,Q1,24,2,0,0,1,0,1,0
873,2024,Q1,12,1,1,0,0,0,0,0
site_id,Year,Quarter,Interval,Total Registered,Total Alive,Patient Died,Total Defaulted,Treatment Stopped,Patient transferred out,Unknown
874,2013,Q1,144,3,2,1,0,0,0,0
874,2014,Q1,132,4,4,0,0,0,0,0
874,2015,Q1,120,2,1,1,0,0,0,0
874,2016,Q1,108,1,0,0,0,0,1,0
874,2017,Q1,96,6,3,0,2,0,1,0
874,2018,Q1,84,6,2,1,1,0,2,0
874,2019,Q1,72,1,0,0,0,0,1,0
874,2020,Q1,60,2,1,0,1,0,0,0
874,2021,Q1,48,1,0,0,1,0,0,0
874,2022,Q1,36,2,0,0,1,0,1,0
874,2023,Q1,24,2,0,0,1,0,1,0
874,2024,Q1,12,1,1,0,0,0,0,0
site_id,Year,Quarter,Interval,Total Registered,Total Alive,Patient Died,Total Defaulted,Treatment Stopped,Patient transferred out,Unknown
875,2014,Q1,132,2,2,0,0,0,0,0
875,2015,Q1,120,1,1,0,0,0,0,0
875,2016,Q1,108,1,0,0,1,0,0,0
875,2017,Q1,96,2,1,0,1,0,0,0
site_id,Year,Quarter,Interval,Total Registered,Total Alive,Patient Died,Total Defaulted,Treatment Stopped,Patient transferred out,Unknown
876,2014,Q1,132,1,0,0,1,0,0,0
876,2023,Q1,24,1,1,0,0,0,0,0
876,2024,Q1,12,1,0,0,0,0,1,0
site_id,Year,Quarter,Interval,Total Registered,Total Alive,Patient Died,Total Defaulted,Treatment Stopped,Patient transferred out,Unknown
878,2021,Q1,48,1,1,0,0,0,0,0
site_id,Year,Quarter,Interval,Total Registered,Total Alive,Patient Died,Total Defaulted,Treatment Stopped,Patient transferred out,Unknown
87,2012,Q1,156,1,0,1,0,0,0,0
87,2014,Q1,132,2,0,1,1,0,0,0
87,2015,Q1,120,3,1,2,0,0,0,0
87,2017,Q1,96,1,0,1,0,0,0,0
87,2019,Q1,72,2,2,0,0,0,0,0
87,2023,Q1,24,1,0,0,0,0,1,0
87,2024,Q1,12,2,2,0,0,0,0,0
site_id,Year,Quarter,Interval,Total Registered,Total Alive,Patient Died,Total Defaulted,Treatment Stopped,Patient transferred out,Unknown
881,2014,Q1,132,1,0,1,0,0,0,0
881,2015,Q1,120,1,1,0,0,0,0,0
881,2021,Q1,48,1,0,0,0,0,1,0
site_id,Year,Quarter,Interval,Total Registered,Total Alive,Patient Died,Total Defaulted,Treatment Stopped,Patient transferred out,Unknown
882,2015,Q1,120,2,0,1,1,0,0,0
882,2016,Q1,108,1,1,0,0,0,0,0
882,2017,Q1,96,1,0,0,1,0,0,0
882,2018,Q1,84,1,0,0,1,0,0,0
882,2021,Q1,48,1,1,0,0,0,0,0
882,2022,Q1,36,1,0,0,1,0,0,0
882,2023,Q1,24,1,1,0,0,0,0,0
site_id,Year,Quarter,Interval,Total Registered,Total Alive,Patient Died,Total Defaulted,Treatment Stopped,Patient transferred out,Unknown
883,2021,Q1,48,1,1,0,0,0,0,0
883,2024,Q1,12,1,0,0,0,0,1,0
site_id,Year,Quarter,Interval,Total Registered,Total Alive,Patient Died,Total Defaulted,Treatment Stopped,Patient transferred out,Unknown
884,2017,Q1,96,2,0,1,1,0,0,0
884,2020,Q1,60,1,0,0,1,0,0,0
site_id,Year,Quarter,Interval,Total Registered,Total Alive,Patient Died,Total Defaulted,Treatment Stopped,Patient transferred out,Unknown
885,2012,Q1,156,1,0,1,0,0,0,0
885,2017,Q1,96,1,1,0,0,0,0,0
885,2018,Q1,84,1,1,0,0,0,0,0
site_id,Year,Quarter,Interval,Total Registered,Total Alive,Patient Died,Total Defaulted,Treatment Stopped,Patient transferred out,Unknown
886,2018,Q1,84,1,1,0,0,0,0,0
886,2019,Q1,72,1,1,0,0,0,0,0
886,2020,Q1,60,3,2,0,0,0,1,0
886,2021,Q1,48,2,1,1,0,0,0,0
886,2022,Q1,36,1,0,0,1,0,0,0
886,2023,Q1,24,1,0,0,1,0,0,0
886,2024,Q1,12,1,1,0,0,0,0,0
site_id,Year,Quarter,Interval,Total Registered,Total Alive,Patient Died,Total Defaulted,Treatment Stopped,Patient transferred out,Unknown
888,2012,Q1,156,1,0,0,1,0,0,0
888,2013,Q1,144,1,0,1,0,0,0,0
888,2016,Q1,108,2,1,0,0,0,1,0
888,2017,Q1,96,5,2,0,1,0,2,0
888,2018,Q1,84,3,2,0,0,0,1,0
888,2019,Q1,72,3,3,0,0,0,0,0
888,2020,Q1,60,2,0,0,1,0,1,0
888,2021,Q1,48,2,0,1,0,0,1,0
888,2022,Q1,36,2,1,0,1,0,0,0
site_id,Year,Quarter,Interval,Total Registered,Total Alive,Patient Died,Total Defaulted,Treatment Stopped,Patient transferred out,Unknown
889,2011,Q1,168,3,0,2,0,0,1,0
889,2012,Q1,156,2,0,1,0,0,1,0
889,2013,Q1,144,1,1,0,0,0,0,0
889,2015,Q1,120,2,0,0,0,0,2,0
889,2016,Q1,108,2,1,0,0,0,1,0
889,2017,Q1,96,2,1,1,0,0,0,0
889,2018,Q1,84,2,1,0,0,0,1,0
889,2019,Q1,72,2,2,0,0,0,0,0
889,2021,Q1,48,1,1,0,0,0,0,0
site_id,Year,Quarter,Interval,Total Registered,Total Alive,Patient Died,Total Defaulted,Treatment Stopped,Patient transferred out,Unknown
88,2023,Q1,24,1,1,0,0,0,0,0
site_id,Year,Quarter,Interval,Total Registered,Total Alive,Patient Died,Total Defaulted,Treatment Stopped,Patient transferred out,Unknown
898,2012,Q1,156,1,0,0,0,0,1,0
898,2014,Q1,132,1,1,0,0,0,0,0
898,2015,Q1,120,2,0,0,1,0,1,0
898,2017,Q1,96,2,0,0,0,0,2,0
898,2018,Q1,84,3,1,0,2,0,0,0
898,2019,Q1,72,2,0,0,2,0,0,0
898,2020,Q1,60,2,1,0,1,0,0,0
898,2021,Q1,48,2,1,1,0,0,0,0
898,2022,Q1,36,2,0,0,0,0,2,0
898,2023,Q1,24,1,0,0,0,0,1,0
898,2024,Q1,12,3,1,0,0,0,2,0
site_id,Year,Quarter,Interval,Total Registered,Total Alive,Patient Died,Total Defaulted,Treatment Stopped,Patient transferred out,Unknown
89,2013,Q1,144,1,0,0,0,1,0,0
89,2017,Q1,96,1,0,0,1,0,0,0
89,2018,Q1,84,2,0,0,0,0,2,0
89,2024,Q1,12,1,0,1,0,0,0,0
site_id,Year,Quarter,Interval,Total Registered,Total Alive,Patient Died,Total Defaulted,Treatment Stopped,Patient transferred out,Unknown
8,2011,Q1,168,4,1,0,2,0,1,0
8,2012,Q1,156,6,0,0,2,1,3,0
8,2013,Q1,144,7,2,0,4,0,1,0
8,2014,Q1,132,5,1,0,2,0,2,0
8,2015,Q1,120,5,0,0,4,0,1,0
8,2016,Q1,108,9,2,1,4,0,2,0
8,2017,Q1,96,16,3,0,3,1,9,0
8,2018,Q1,84,17,4,1,6,1,5,0
8,2019,Q1,72,12,1,2,6,0,3,0
8,2020,Q1,60,13,4,0,6,0,3,0
8,2021,Q1,48,8,2,0,4,0,2,0
8,2022,Q1,36,8,2,0,1,1,4,0
8,2023,Q1,24,5,3,0,1,0,1,0
8,2024,Q1,12,7,2,1,1,0,3,0
site_id,Year,Quarter,Interval,Total Registered,Total Alive,Patient Died,Total Defaulted,Treatment Stopped,Patient transferred out,Unknown
904,2013,Q1,144,1,0,0,0,0,1,0
904,2016,Q1,108,1,0,0,0,0,1,0
904,2021,Q1,48,1,0,0,0,1,0,0
904,2024,Q1,12,1,1,0,0,0,0,0
site_id,Year,Quarter,Interval,Total Registered,Total Alive,Patient Died,Total Defaulted,Treatment Stopped,Patient transferred out,Unknown
905,2017,Q1,96,1,1,0,0,0,0,0
905,2018,Q1,84,5,2,0,2,0,1,0
905,2019,Q1,72,1,1,0,0,0,0,0
905,2020,Q1,60,7,3,0,2,0,2,0
905,2021,Q1,48,7,5,0,2,0,0,0
905,2022,Q1,36,2,1,0,1,0,0,0
905,2023,Q1,24,1,1,0,0,0,0,0
905,2024,Q1,12,6,4,0,1,0,1,0
site_id,Year,Quarter,Interval,Total Registered,Total Alive,Patient Died,Total Defaulted,Treatment Stopped,Patient transferred out,Unknown
906,2021,Q1,48,2,0,0,1,0,1,0
906,2023,Q1,24,1,0,0,0,0,1,0
site_id,Year,Quarter,Interval,Total Registered,Total Alive,Patient Died,Total Defaulted,Treatment Stopped,Patient transferred out,Unknown
907,2015,Q1,120,3,1,0,0,0,2,0
907,2016,Q1,108,1,0,0,1,0,0,0
907,2019,Q1,72,1,0,0,1,0,0,0
907,2022,Q1,36,1,0,1,0,0,0,0
907,2024,Q1,12,1,1,0,0,0,0,0
site_id,Year,Quarter,Interval,Total Registered,Total Alive,Patient Died,Total Defaulted,Treatment Stopped,Patient transferred out,Unknown
908,2014,Q1,132,1,1,0,0,0,0,0
908,2015,Q1,120,1,0,1,0,0,0,0
908,2016,Q1,108,2,0,0,2,0,0,0
908,2022,Q1,36,1,0,0,1,0,0,0
site_id,Year,Quarter,Interval,Total Registered,Total Alive,Patient Died,Total Defaulted,Treatment Stopped,Patient transferred out,Unknown
909,2012,Q1,156,1,1,0,0,0,0,0
909,2013,Q1,144,1,1,0,0,0,0,0
909,2014,Q1,132,2,0,0,2,0,0,0
909,2016,Q1,108,1,0,1,0,0,0,0
909,2018,Q1,84,1,1,0,0,0,0,0
909,2019,Q1,72,2,1,0,1,0,0,0
909,2020,Q1,60,1,1,0,0,0,0,0
909,2022,Q1,36,1,0,1,0,0,0,0
site_id,Year,Quarter,Interval,Total Registered,Total Alive,Patient Died,Total Defaulted,Treatment Stopped,Patient transferred out,Unknown
90,2013,Q1,144,1,1,0,0,0,0,0
90,2015,Q1,120,1,1,0,0,0,0,0
90,2016,Q1,108,1,1,0,0,0,0,0
90,2018,Q1,84,2,0,0,0,0,2,0
site_id,Year,Quarter,Interval,Total Registered,Total Alive,Patient Died,Total Defaulted,Treatment Stopped,Patient transferred out,Unknown
910,2012,Q1,156,2,0,1,1,0,0,0
910,2013,Q1,144,2,1,1,0,0,0,0
910,2018,Q1,84,2,1,0,1,0,0,0
910,2020,Q1,60,1,0,0,1,0,0,0
910,2021,Q1,48,1,0,1,0,0,0,0
910,2024,Q1,12,1,0,0,1,0,0,0
site_id,Year,Quarter,Interval,Total Registered,Total Alive,Patient Died,Total Defaulted,Treatment Stopped,Patient transferred out,Unknown
911,2012,Q1,156,4,2,2,0,0,0,0
911,2015,Q1,120,1,1,0,0,0,0,0
911,2016,Q1,108,3,0,0,2,0,1,0
911,2017,Q1,96,2,0,0,2,0,0,0
911,2018,Q1,84,3,1,0,1,0,1,0
911,2019,Q1,72,3,2,1,0,0,0,0
911,2020,Q1,60,3,3,0,0,0,0,0
911,2023,Q1,24,2,0,1,0,1,0,0
site_id,Year,Quarter,Interval,Total Registered,Total Alive,Patient Died,Total Defaulted,Treatment Stopped,Patient transferred out,Unknown
912,2014,Q1,132,2,0,1,0,0,1,0
912,2015,Q1,120,1,1,0,0,0,0,0
912,2016,Q1,108,2,2,0,0,0,0,0
912,2017,Q1,96,4,2,0,1,0,1,0
912,2018,Q1,84,1,1,0,0,0,0,0
912,2019,Q1,72,3,2,0,0,0,1,0
912,2020,Q1,60,1,0,0,0,0,1,0
912,2021,Q1,48,2,1,0,0,0,1,0
912,2022,Q1,36,1,0,1,0,0,0,0
912,2023,Q1,24,2,2,0,0,0,0,0
912,2024,Q1,12,1,0,1,0,0,0,0
site_id,Year,Quarter,Interval,Total Registered,Total Alive,Patient Died,Total Defaulted,Treatment Stopped,Patient transferred out,Unknown
914,2018,Q1,84,1,0,0,0,1,0,0
914,2019,Q1,72,1,1,0,0,0,0,0
914,2021,Q1,48,1,0,0,0,0,1,0
site_id,Year,Quarter,Interval,Total Registered,Total Alive,Patient Died,Total Defaulted,Treatment Stopped,Patient transferred out,Unknown
915,2012,Q1,156,1,1,0,0,0,0,0
915,2014,Q1,132,2,1,0,1,0,0,0
915,2018,Q1,84,3,1,1,1,0,0,0
site_id,Year,Quarter,Interval,Total Registered,Total Alive,Patient Died,Total Defaulted,Treatment Stopped,Patient transferred out,Unknown
916,2012,Q1,156,3,2,1,0,0,0,0
916,2013,Q1,144,1,1,0,0,0,0,0
916,2014,Q1,132,2,1,0,0,0,1,0
916,2015,Q1,120,3,0,2,1,0,0,0
916,2017,Q1,96,3,1,1,1,0,0,0
916,2019,Q1,72,1,0,0,0,0,1,0
916,2020,Q1,60,1,1,0,0,0,0,0
916,2022,Q1,36,2,1,0,0,0,1,0
916,2024,Q1,12,1,1,0,0,0,0,0
site_id,Year,Quarter,Interval,Total Registered,Total Alive,Patient Died,Total Defaulted,Treatment Stopped,Patient transferred out,Unknown
917,2012,Q1,156,1,1,0,0,0,0,0
917,2015,Q1,120,1,0,0,0,0,1,0
917,2016,Q1,108,2,1,0,1,0,0,0
917,2017,Q1,96,2,1,0,1,0,0,0
917,2020,Q1,60,2,1,1,0,0,0,0
917,2022,Q1,36,1,0,0,0,0,1,0
917,2023,Q1,24,2,2,0,0,0,0,0
site_id,Year,Quarter,Interval,Total Registered,Total Alive,Patient Died,Total Defaulted,Treatment Stopped,Patient transferred out,Unknown
918,2013,Q1,144,2,0,0,2,0,0,0
918,2014,Q1,132,2,0,1,1,0,0,0
918,2015,Q1,120,2,1,0,1,0,0,0
918,2016,Q1,108,2,1,0,1,0,0,0
918,2017,Q1,96,2,1,0,1,0,0,0
918,2018,Q1,84,5,1,1,1,2,0,0
918,2019,Q1,72,3,2,1,0,0,0,0
918,2020,Q1,60,2,1,1,0,0,0,0
918,2021,Q1,48,3,1,0,2,0,0,0
918,2022,Q1,36,4,1,0,1,1,1,0
918,2023,Q1,24,4,1,0,2,0,1,0
918,2024,Q1,12,2,1,1,0,0,0,0
site_id,Year,Quarter,Interval,Total Registered,Total Alive,Patient Died,Total Defaulted,Treatment Stopped,Patient transferred out,Unknown
920,2013,Q1,144,2,1,0,1,0,0,0
920,2014,Q1,132,1,0,1,0,0,0,0
920,2015,Q1,120,2,1,0,0,0,1,0
920,2016,Q1,108,1,0,0,0,0,1,0
920,2017,Q1,96,5,3,0,0,0,2,0
920,2018,Q1,84,4,0,0,2,0,2,0
920,2019,Q1,72,3,1,2,0,0,0,0
920,2020,Q1,60,3,3,0,0,0,0,0
920,2021,Q1,48,4,1,0,0,0,3,0
920,2022,Q1,36,2,2,0,0,0,0,0
site_id,Year,Quarter,Interval,Total Registered,Total Alive,Patient Died,Total Defaulted,Treatment Stopped,Patient transferred out,Unknown
922,2016,Q1,108,1,0,0,0,0,1,0
922,2017,Q1,96,1,1,0,0,0,0,0
site_id,Year,Quarter,Interval,Total Registered,Total Alive,Patient Died,Total Defaulted,Treatment Stopped,Patient transferred out,Unknown
923,2012,Q1,156,5,3,1,1,0,0,0
923,2013,Q1,144,4,2,1,0,0,1,0
923,2014,Q1,132,3,1,0,1,0,1,0
923,2015,Q1,120,1,1,0,0,0,0,0
923,2016,Q1,108,3,2,0,1,0,0,0
923,2017,Q1,96,3,2,0,0,0,1,0
923,2018,Q1,84,5,5,0,0,0,0,0
923,2019,Q1,72,1,1,0,0,0,0,0
923,2020,Q1,60,4,2,0,0,0,2,0
923,2021,Q1,48,1,1,0,0,0,0,0
923,2022,Q1,36,1,1,0,0,0,0,0
923,2023,Q1,24,1,1,0,0,0,0,0
923,2024,Q1,12,1,1,0,0,0,0,0
site_id,Year,Quarter,Interval,Total Registered,Total Alive,Patient Died,Total Defaulted,Treatment Stopped,Patient transferred out,Unknown
924,2012,Q1,156,1,1,0,0,0,0,0
924,2013,Q1,144,1,0,0,0,0,1,0
924,2014,Q1,132,2,2,0,0,0,0,0
924,2015,Q1,120,2,1,0,0,1,0,0
924,2017,Q1,96,3,3,0,0,0,0,0
924,2018,Q1,84,1,1,0,0,0,0,0
924,2021,Q1,48,1,1,0,0,0,0,0
924,2023,Q1,24,1,0,0,1,0,0,0
site_id,Year,Quarter,Interval,Total Registered,Total Alive,Patient Died,Total Defaulted,Treatment Stopped,Patient transferred out,Unknown
925,2011,Q1,168,1,0,0,0,0,1,0
925,2012,Q1,156,1,0,0,0,0,1,0
925,2013,Q1,144,2,2,0,0,0,0,0
925,2014,Q1,132,3,0,1,0,0,2,0
925,2015,Q1,120,2,2,0,0,0,0,0
925,2017,Q1,96,1,1,0,0,0,0,0
925,2018,Q1,84,1,1,0,0,0,0,0
925,2020,Q1,60,5,0,0,1,0,4,0
925,2023,Q1,24,1,1,0,0,0,0,0
925,2024,Q1,12,1,1,0,0,0,0,0
site_id,Year,Quarter,Interval,Total Registered,Total Alive,Patient Died,Total Defaulted,Treatment Stopped,Patient transferred out,Unknown
927,2012,Q1,156,1,1,0,0,0,0,0
927,2013,Q1,144,3,2,0,0,0,1,0
927,2014,Q1,132,7,1,0,0,1,5,0
927,2015,Q1,120,8,1,2,2,0,3,0
927,2016,Q1,108,6,1,0,0,0,5,0
927,2017,Q1,96,6,1,0,0,0,5,0
927,2018,Q1,84,4,1,0,0,0,3,0
927,2019,Q1,72,6,2,0,0,0,4,0
927,2020,Q1,60,3,2,1,0,0,0,0
927,2021,Q1,48,2,0,0,1,0,1,0
927,2022,Q1,36,4,2,0,0,0,2,0
927,2023,Q1,24,5,4,0,1,0,0,0
927,2024,Q1,12,4,1,0,0,0,3,0
site_id,Year,Quarter,Interval,Total Registered,Total Alive,Patient Died,Total Defaulted,Treatment Stopped,Patient transferred out,Unknown
928,2012,Q1,156,1,1,0,0,0,0,0
928,2013,Q1,144,3,0,1,1,0,1,0
928,2015,Q1,120,1,1,0,0,0,0,0
928,2016,Q1,108,3,2,1,0,0,0,0
928,2017,Q1,96,5,3,0,0,0,2,0
928,2018,Q1,84,3,2,0,1,0,0,0
928,2019,Q1,72,3,2,0,0,0,1,0
928,2020,Q1,60,1,0,0,1,0,0,0
928,2023,Q1,24,1,1,0,0,0,0,0
928,2024,Q1,12,1,1,0,0,0,0,0
site_id,Year,Quarter,Interval,Total Registered,Total Alive,Patient Died,Total Defaulted,Treatment Stopped,Patient transferred out,Unknown
929,2012,Q1,156,2,1,0,1,0,0,0
929,2013,Q1,144,3,0,1,0,0,2,0
929,2014,Q1,132,1,0,1,0,0,0,0
929,2015,Q1,120,1,0,0,1,0,0,0
929,2016,Q1,108,2,1,0,1,0,0,0
929,2017,Q1,96,3,2,1,0,0,0,0
929,2018,Q1,84,1,1,0,0,0,0,0
929,2020,Q1,60,1,0,0,0,0,1,0
929,2021,Q1,48,1,0,0,1,0,0,0
929,2023,Q1,24,1,1,0,0,0,0,0
929,2024,Q1,12,1,0,0,0,1,0,0
site_id,Year,Quarter,Interval,Total Registered,Total Alive,Patient Died,Total Defaulted,Treatment Stopped,Patient transferred out,Unknown
92,2012,Q1,156,3,0,1,0,1,1,0
92,2014,Q1,132,3,2,0,1,0,0,0
92,2015,Q1,120,3,1,1,0,0,1,0
92,2016,Q1,108,6,3,0,1,0,2,0
92,2017,Q1,96,2,0,0,0,0,2,0
92,2018,Q1,84,2,2,0,0,0,0,0
92,2019,Q1,72,3,2,0,0,1,0,0
92,2020,Q1,60,2,2,0,0,0,0,0
92,2021,Q1,48,1,1,0,0,0,0,0
92,2022,Q1,36,2,0,1,0,0,1,0
92,2023,Q1,24,8,3,1,2,0,2,0
92,2024,Q1,12,4,1,0,2,0,1,0
site_id,Year,Quarter,Interval,Total Registered,Total Alive,Patient Died,Total Defaulted,Treatment Stopped,Patient transferred out,Unknown
930,2015,Q1,120,1,0,0,0,0,1,0
930,2022,Q1,36,1,0,0,1,0,0,0
site_id,Year,Quarter,Interval,Total Registered,Total Alive,Patient Died,Total Defaulted,Treatment Stopped,Patient transferred out,Unknown
931,2021,Q1,48,1,1,0,0,0,0,0
site_id,Year,Quarter,Interval,Total Registered,Total Alive,Patient Died,Total Defaulted,Treatment Stopped,Patient transferred out,Unknown
932,2014,Q1,132,2,1,0,0,0,1,0
932,2017,Q1,96,1,1,0,0,0,0,0
932,2023,Q1,24,1,0,0,0,0,1,0
site_id,Year,Quarter,Interval,Total Registered,Total Alive,Patient Died,Total Defaulted,Treatment Stopped,Patient transferred out,Unknown
934,2012,Q1,156,1,1,0,0,0,0,0
site_id,Year,Quarter,Interval,Total Registered,Total Alive,Patient Died,Total Defaulted,Treatment Stopped,Patient transferred out,Unknown
937,2016,Q1,108,1,0,0,1,0,0,0
937,2018,Q1,84,1,0,0,0,1,0,0
site_id,Year,Quarter,Interval,Total Registered,Total Alive,Patient Died,Total Defaulted,Treatment Stopped,Patient transferred out,Unknown
938,2012,Q1,156,1,0,0,1,0,0,0
938,2018,Q1,84,1,0,1,0,0,0,0
site_id,Year,Quarter,Interval,Total Registered,Total Alive,Patient Died,Total Defaulted,Treatment Stopped,Patient transferred out,Unknown
93,2014,Q1,132,1,1,0,0,0,0,0
93,2017,Q1,96,1,1,0,0,0,0,0
93,2022,Q1,36,3,1,0,1,0,1,0
site_id,Year,Quarter,Interval,Total Registered,Total Alive,Patient Died,Total Defaulted,Treatment Stopped,Patient transferred out,Unknown
940,2016,Q1,108,1,0,0,1,0,0,0
940,2019,Q1,72,1,1,0,0,0,0,0
940,2020,Q1,60,1,1,0,0,0,0,0
940,2022,Q1,36,2,0,0,2,0,0,0
940,2023,Q1,24,1,1,0,0,0,0,0
site_id,Year,Quarter,Interval,Total Registered,Total Alive,Patient Died,Total Defaulted,Treatment Stopped,Patient transferred out,Unknown
948,2013,Q1,144,1,1,0,0,0,0,0
948,2015,Q1,120,3,2,0,1,0,0,0
948,2016,Q1,108,1,1,0,0,0,0,0
948,2022,Q1,36,2,2,0,0,0,0,0
site_id,Year,Quarter,Interval,Total Registered,Total Alive,Patient Died,Total Defaulted,Treatment Stopped,Patient transferred out,Unknown
949,2012,Q1,156,1,0,0,0,0,1,0
949,2014,Q1,132,1,0,0,0,0,1,0
949,2015,Q1,120,1,0,0,0,0,1,0
949,2016,Q1,108,2,2,0,0,0,0,0
949,2017,Q1,96,2,0,1,0,0,1,0
949,2019,Q1,72,2,0,0,1,0,1,0
site_id,Year,Quarter,Interval,Total Registered,Total Alive,Patient Died,Total Defaulted,Treatment Stopped,Patient transferred out,Unknown
94,2012,Q1,156,1,0,0,1,0,0,0
94,2013,Q1,144,3,2,0,0,0,1,0
94,2014,Q1,132,5,1,0,1,0,3,0
94,2015,Q1,120,3,1,0,0,0,2,0
94,2016,Q1,108,4,3,0,0,0,1,0
94,2017,Q1,96,5,3,0,0,0,2,0
94,2018,Q1,84,1,0,0,1,0,0,0
94,2019,Q1,72,2,1,0,1,0,0,0
94,2020,Q1,60,3,2,0,1,0,0,0
94,2021,Q1,48,2,0,0,0,0,2,0
94,2022,Q1,36,1,1,0,0,0,0,0
94,2023,Q1,24,2,2,0,0,0,0,0
site_id,Year,Quarter,Interval,Total Registered,Total Alive,Patient Died,Total Defaulted,Treatment Stopped,Patient transferred out,Unknown
950,2020,Q1,60,1,0,0,0,0,1,0
950,2022,Q1,36,1,1,0,0,0,0,0
site_id,Year,Quarter,Interval,Total Registered,Total Alive,Patient Died,Total Defaulted,Treatment Stopped,Patient transferred out,Unknown
951,2012,Q1,156,2,1,0,1,0,0,0
951,2013,Q1,144,1,0,0,0,0,1,0
951,2014,Q1,132,3,0,1,2,0,0,0
951,2015,Q1,120,2,1,1,0,0,0,0
951,2016,Q1,108,2,0,0,1,0,1,0
951,2017,Q1,96,2,0,1,0,0,1,0
951,2019,Q1,72,2,2,0,0,0,0,0
951,2024,Q1,12,1,1,0,0,0,0,0
site_id,Year,Quarter,Interval,Total Registered,Total Alive,Patient Died,Total Defaulted,Treatment Stopped,Patient transferred out,Unknown
952,2014,Q1,132,4,1,0,1,0,2,0
952,2015,Q1,120,2,1,0,1,0,0,0
952,2016,Q1,108,6,2,0,2,1,1,0
952,2017,Q1,96,5,2,1,0,0,2,0
952,2018,Q1,84,4,1,1,1,0,1,0
952,2019,Q1,72,7,3,0,0,1,3,0
952,2020,Q1,60,3,3,0,0,0,0,0
952,2021,Q1,48,4,0,1,0,0,3,0
952,2022,Q1,36,4,4,0,0,0,0,0
952,2023,Q1,24,4,0,0,1,0,3,0
952,2024,Q1,12,2,2,0,0,0,0,0
site_id,Year,Quarter,Interval,Total Registered,Total Alive,Patient Died,Total Defaulted,Treatment Stopped,Patient transferred out,Unknown
953,2013,Q1,144,3,1,0,0,0,2,0
953,2015,Q1,120,1,0,1,0,0,0,0
953,2018,Q1,84,1,0,0,0,0,1,0
953,2019,Q1,72,2,1,0,1,0,0,0
953,2020,Q1,60,1,0,0,0,0,1,0
953,2021,Q1,48,1,0,0,0,0,1,0
953,2022,Q1,36,2,1,0,0,0,1,0
953,2023,Q1,24,2,2,0,0,0,0,0
953,2024,Q1,12,2,2,0,0,0,0,0
site_id,Year,Quarter,Interval,Total Registered,Total Alive,Patient Died,Total Defaulted,Treatment Stopped,Patient transferred out,Unknown
955,2012,Q1,156,1,1,0,0,0,0,0
955,2013,Q1,144,1,0,0,1,0,0,0
955,2016,Q1,108,2,2,0,0,0,0,0
955,2018,Q1,84,1,0,0,0,0,1,0
955,2021,Q1,48,1,0,0,0,0,1,0
site_id,Year,Quarter,Interval,Total Registered,Total Alive,Patient Died,Total Defaulted,Treatment Stopped,Patient transferred out,Unknown
956,2014,Q1,132,3,1,0,1,0,1,0
956,2016,Q1,108,6,4,0,1,0,1,0
956,2017,Q1,96,3,0,0,1,0,2,0
956,2018,Q1,84,2,1,0,1,0,0,0
956,2019,Q1,72,1,0,0,0,0,1,0
956,2020,Q1,60,3,1,0,1,0,1,0
956,2022,Q1,36,1,0,0,0,0,1,0
956,2023,Q1,24,3,2,0,1,0,0,0
site_id,Year,Quarter,Interval,Total Registered,Total Alive,Patient Died,Total Defaulted,Treatment Stopped,Patient transferred out,Unknown
957,2015,Q1,120,2,1,0,1,0,0,0
957,2016,Q1,108,2,0,0,2,0,0,0
957,2017,Q1,96,1,0,0,1,0,0,0
957,2018,Q1,84,4,1,1,1,0,1,0
957,2019,Q1,72,3,2,0,0,0,1,0
957,2020,Q1,60,5,1,1,1,0,2,0
957,2021,Q1,48,4,1,0,0,1,2,0
957,2022,Q1,36,3,1,0,0,0,2,0
957,2023,Q1,24,2,2,0,0,0,0,0
957,2024,Q1,12,4,4,0,0,0,0,0
site_id,Year,Quarter,Interval,Total Registered,Total Alive,Patient Died,Total Defaulted,Treatment Stopped,Patient transferred out,Unknown
95,2014,Q1,132,2,0,0,1,0,1,0
95,2015,Q1,120,2,0,1,1,0,0,0
95,2016,Q1,108,3,0,0,1,0,2,0
95,2017,Q1,96,1,0,0,1,0,0,0
95,2018,Q1,84,1,1,0,0,0,0,0
95,2019,Q1,72,1,1,0,0,0,0,0
95,2020,Q1,60,1,0,0,1,0,0,0
95,2022,Q1,36,3,1,0,2,0,0,0
site_id,Year,Quarter,Interval,Total Registered,Total Alive,Patient Died,Total Defaulted,Treatment Stopped,Patient transferred out,Unknown
962,2019,Q1,72,1,0,0,1,0,0,0
962,2022,Q1,36,1,0,0,1,0,0,0
site_id,Year,Quarter,Interval,Total Registered,Total Alive,Patient Died,Total Defaulted,Treatment Stopped,Patient transferred out,Unknown
963,2018,Q1,84,1,0,0,1,0,0,0
site_id,Year,Quarter,Interval,Total Registered,Total Alive,Patient Died,Total Defaulted,Treatment Stopped,Patient transferred out,Unknown
964,2016,Q1,108,2,1,0,0,0,1,0
964,2018,Q1,84,1,0,0,1,0,0,0
964,2019,Q1,72,1,0,0,1,0,0,0
964,2020,Q1,60,1,0,0,0,0,1,0
964,2021,Q1,48,1,0,0,1,0,0,0
964,2022,Q1,36,2,1,0,0,0,1,0
964,2023,Q1,24,1,1,0,0,0,0,0
964,2024,Q1,12,1,0,0,1,0,0,0
site_id,Year,Quarter,Interval,Total Registered,Total Alive,Patient Died,Total Defaulted,Treatment Stopped,Patient transferred out,Unknown
966,2011,Q1,168,1,1,0,0,0,0,0
966,2012,Q1,156,1,0,0,1,0,0,0
966,2013,Q1,144,6,2,2,1,0,1,0
966,2014,Q1,132,17,5,7,3,0,2,0
966,2015,Q1,120,12,4,4,1,0,3,0
966,2016,Q1,108,42,10,9,12,0,11,0
966,2017,Q1,96,8,4,0,2,0,2,0
966,2018,Q1,84,14,5,2,4,0,3,0
966,2019,Q1,72,9,5,1,3,0,0,0
966,2020,Q1,60,9,2,1,3,0,3,0
966,2021,Q1,48,3,2,0,0,0,1,0
966,2022,Q1,36,5,2,1,2,0,0,0
966,2023,Q1,24,8,6,0,1,0,1,0
966,2024,Q1,12,5,4,0,1,0,0,0
site_id,Year,Quarter,Interval,Total Registered,Total Alive,Patient Died,Total Defaulted,Treatment Stopped,Patient transferred out,Unknown
969,2016,Q1,108,1,0,0,1,0,0,0
969,2017,Q1,96,1,1,0,0,0,0,0
969,2018,Q1,84,1,0,0,1,0,0,0
969,2019,Q1,72,1,0,0,1,0,0,0
969,2022,Q1,36,1,0,1,0,0,0,0
969,2023,Q1,24,1,1,0,0,0,0,0
969,2024,Q1,12,2,0,0,2,0,0,0
site_id,Year,Quarter,Interval,Total Registered,Total Alive,Patient Died,Total Defaulted,Treatment Stopped,Patient transferred out,Unknown
96,2011,Q1,168,1,1,0,0,0,0,0
96,2012,Q1,156,1,0,1,0,0,0,0
96,2013,Q1,144,1,1,0,0,0,0,0
96,2014,Q1,132,2,0,1,0,0,1,0
96,2015,Q1,120,1,0,0,0,0,1,0
96,2016,Q1,108,2,1,0,0,1,0,0
96,2017,Q1,96,4,1,0,0,1,2,0
96,2018,Q1,84,1,1,0,0,0,0,0
96,2019,Q1,72,1,0,1,0,0,0,0
96,2020,Q1,60,1,1,0,0,0,0,0
96,2021,Q1,48,2,2,0,0,0,0,0
96,2023,Q1,24,1,1,0,0,0,0,0
96,2024,Q1,12,1,1,0,0,0,0,0
site_id,Year,Quarter,Interval,Total Registered,Total Alive,Patient Died,Total Defaulted,Treatment Stopped,Patient transferred out,Unknown
970,2012,Q1,156,2,1,0,0,0,1,0
970,2013,Q1,144,3,1,1,0,0,1,0
970,2015,Q1,120,1,0,0,0,0,1,0
970,2016,Q1,108,3,0,0,3,0,0,0
970,2017,Q1,96,10,6,0,3,0,1,0
970,2018,Q1,84,8,2,1,2,2,1,0
970,2019,Q1,72,3,1,0,1,0,1,0
970,2020,Q1,60,2,0,1,1,0,0,0
970,2021,Q1,48,4,2,1,1,0,0,0
970,2022,Q1,36,5,3,0,1,0,1,0
970,2023,Q1,24,2,0,0,1,0,1,0
970,2024,Q1,12,2,1,0,1,0,0,0
site_id,Year,Quarter,Interval,Total Registered,Total Alive,Patient Died,Total Defaulted,Treatment Stopped,Patient transferred out,Unknown
974,2017,Q1,96,1,0,0,1,0,0,0
974,2019,Q1,72,2,0,0,2,0,0,0
974,2023,Q1,24,1,1,0,0,0,0,0
974,2024,Q1,12,1,1,0,0,0,0,0
site_id,Year,Quarter,Interval,Total Registered,Total Alive,Patient Died,Total Defaulted,Treatment Stopped,Patient transferred out,Unknown
975,2016,Q1,108,2,0,0,1,0,1,0
975,2017,Q1,96,5,0,0,3,0,2,0
975,2018,Q1,84,5,2,0,3,0,0,0
975,2019,Q1,72,3,0,1,1,0,1,0
975,2020,Q1,60,1,0,0,0,0,1,0
975,2022,Q1,36,4,1,0,3,0,0,0
975,2023,Q1,24,2,0,0,2,0,0,0
975,2024,Q1,12,3,2,0,1,0,0,0
site_id,Year,Quarter,Interval,Total Registered,Total Alive,Patient Died,Total Defaulted,Treatment Stopped,Patient transferred out,Unknown
976,2012,Q1,156,3,0,3,0,0,0,0
976,2013,Q1,144,7,4,1,0,0,2,0
976,2014,Q1,132,6,2,0,0,0,4,0
976,2015,Q1,120,8,0,2,1,0,5,0
976,2016,Q1,108,7,4,0,1,1,1,0
976,2017,Q1,96,2,1,0,1,0,0,0
976,2018,Q1,84,8,2,1,1,1,3,0
976,2019,Q1,72,1,0,0,1,0,0,0
976,2020,Q1,60,5,4,0,1,0,0,0
976,2021,Q1,48,3,2,0,0,0,1,0
976,2022,Q1,36,5,5,0,0,0,0,0
976,2023,Q1,24,1,1,0,0,0,0,0
976,2024,Q1,12,4,1,1,1,0,1,0
site_id,Year,Quarter,Interval,Total Registered,Total Alive,Patient Died,Total Defaulted,Treatment Stopped,Patient transferred out,Unknown
978,2012,Q1,156,2,1,0,1,0,0,0
978,2013,Q1,144,7,4,1,2,0,0,0
978,2014,Q1,132,2,1,0,1,0,0,0
978,2015,Q1,120,2,2,0,0,0,0,0
978,2016,Q1,108,3,2,0,1,0,0,0
978,2017,Q1,96,2,0,0,0,0,2,0
978,2018,Q1,84,7,3,1,1,0,2,0
978,2019,Q1,72,6,2,2,2,0,0,0
978,2020,Q1,60,4,3,0,1,0,0,0
978,2021,Q1,48,1,1,0,0,0,0,0
978,2023,Q1,24,1,1,0,0,0,0,0
978,2024,Q1,12,1,0,0,0,0,1,0
site_id,Year,Quarter,Interval,Total Registered,Total Alive,Patient Died,Total Defaulted,Treatment Stopped,Patient transferred out,Unknown
979,2016,Q1,108,1,0,0,0,0,1,0
979,2018,Q1,84,2,1,0,1,0,0,0
979,2021,Q1,48,1,1,0,0,0,0,0
979,2023,Q1,24,1,1,0,0,0,0,0
site_id,Year,Quarter,Interval,Total Registered,Total Alive,Patient Died,Total Defaulted,Treatment Stopped,Patient transferred out,Unknown
97,2011,Q1,168,2,0,0,0,0,2,0
97,2012,Q1,156,1,0,1,0,0,0,0
97,2013,Q1,144,3,0,0,2,0,1,0
97,2015,Q1,120,6,1,1,3,0,1,0
97,2016,Q1,108,3,1,0,1,0,1,0
97,2017,Q1,96,3,1,0,1,0,1,0
97,2018,Q1,84,2,2,0,0,0,0,0
97,2019,Q1,72,1,0,1,0,0,0,0
97,2020,Q1,60,2,1,1,0,0,0,0
97,2021,Q1,48,1,0,0,0,0,1,0
97,2022,Q1,36,2,0,0,1,0,1,0
97,2024,Q1,12,1,1,0,0,0,0,0
site_id,Year,Quarter,Interval,Total Registered,Total Alive,Patient Died,Total Defaulted,Treatment Stopped,Patient transferred out,Unknown
980,2012,Q1,156,1,1,0,0,0,0,0
980,2016,Q1,108,1,1,0,0,0,0,0
980,2017,Q1,96,1,1,0,0,0,0,0
980,2018,Q1,84,2,2,0,0,0,0,0
980,2019,Q1,72,1,0,0,0,1,0,0
980,2021,Q1,48,3,0,0,0,0,3,0
980,2022,Q1,36,1,1,0,0,0,0,0
980,2023,Q1,24,1,1,0,0,0,0,0
980,2024,Q1,12,1,1,0,0,0,0,0
site_id,Year,Quarter,Interval,Total Registered,Total Alive,Patient Died,Total Defaulted,Treatment Stopped,Patient transferred out,Unknown
981,2022,Q1,36,1,1,0,0,0,0,0
site_id,Year,Quarter,Interval,Total Registered,Total Alive,Patient Died,Total Defaulted,Treatment Stopped,Patient transferred out,Unknown
982,2012,Q1,156,1,0,1,0,0,0,0
982,2014,Q1,132,1,1,0,0,0,0,0
982,2018,Q1,84,1,1,0,0,0,0,0
982,2019,Q1,72,1,1,0,0,0,0,0
982,2021,Q1,48,1,0,0,0,0,1,0
site_id,Year,Quarter,Interval,Total Registered,Total Alive,Patient Died,Total Defaulted,Treatment Stopped,Patient transferred out,Unknown
983,2015,Q1,120,4,1,1,1,0,1,0
983,2016,Q1,108,1,1,0,0,0,0,0
983,2017,Q1,96,2,0,0,1,0,1,0
983,2018,Q1,84,1,0,0,0,0,1,0
983,2019,Q1,72,1,0,0,0,0,1,0
983,2020,Q1,60,2,2,0,0,0,0,0
983,2022,Q1,36,1,0,0,0,0,1,0
983,2023,Q1,24,1,1,0,0,0,0,0
983,2024,Q1,12,2,2,0,0,0,0,0
site_id,Year,Quarter,Interval,Total Registered,Total Alive,Patient Died,Total Defaulted,Treatment Stopped,Patient transferred out,Unknown
985,2018,Q1,84,1,1,0,0,0,0,0
site_id,Year,Quarter,Interval,Total Registered,Total Alive,Patient Died,Total Defaulted,Treatment Stopped,Patient transferred out,Unknown
986,2012,Q1,156,1,1,0,0,0,0,0
986,2015,Q1,120,1,0,0,0,0,1,0
986,2019,Q1,72,2,0,1,0,0,1,0
986,2021,Q1,48,1,0,0,0,0,1,0
site_id,Year,Quarter,Interval,Total Registered,Total Alive,Patient Died,Total Defaulted,Treatment Stopped,Patient transferred out,Unknown
987,2020,Q1,60,1,0,0,1,0,0,0
site_id,Year,Quarter,Interval,Total Registered,Total Alive,Patient Died,Total Defaulted,Treatment Stopped,Patient transferred out,Unknown
988,2013,Q1,144,1,1,0,0,0,0,0
988,2015,Q1,120,2,1,1,0,0,0,0
988,2016,Q1,108,2,0,0,1,0,1,0
988,2017,Q1,96,1,0,0,0,1,0,0
site_id,Year,Quarter,Interval,Total Registered,Total Alive,Patient Died,Total Defaulted,Treatment Stopped,Patient transferred out,Unknown
989,2013,Q1,144,1,0,0,0,0,1,0
989,2015,Q1,120,2,1,0,0,0,1,0
989,2016,Q1,108,4,0,0,0,1,3,0
989,2017,Q1,96,5,2,0,0,0,3,0
989,2018,Q1,84,7,0,2,0,0,5,0
989,2019,Q1,72,3,2,0,0,0,1,0
989,2020,Q1,60,1,0,0,0,0,1,0
989,2021,Q1,48,1,1,0,0,0,0,0
989,2022,Q1,36,1,1,0,0,0,0,0
989,2023,Q1,24,1,1,0,0,0,0,0
989,2024,Q1,12,1,1,0,0,0,0,0
site_id,Year,Quarter,Interval,Total Registered,Total Alive,Patient Died,Total Defaulted,Treatment Stopped,Patient transferred out,Unknown
98,2011,Q1,168,2,0,0,1,0,1,0
98,2012,Q1,156,2,0,0,1,1,0,0
98,2013,Q1,144,2,0,0,1,0,1,0
98,2014,Q1,132,1,0,0,1,0,0,0
98,2015,Q1,120,6,3,0,3,0,0,0
98,2016,Q1,108,3,0,0,3,0,0,0
98,2017,Q1,96,1,0,0,1,0,0,0
98,2018,Q1,84,3,0,0,2,0,1,0
98,2019,Q1,72,2,0,0,1,0,1,0
98,2020,Q1,60,4,1,1,2,0,0,0
98,2021,Q1,48,2,0,0,2,0,0,0
98,2022,Q1,36,4,0,0,0,0,4,0
98,2023,Q1,24,1,1,0,0,0,0,0
98,2024,Q1,12,1,0,0,1,0,0,0
site_id,Year,Quarter,Interval,Total Registered,Total Alive,Patient Died,Total Defaulted,Treatment Stopped,Patient transferred out,Unknown
990,2014,Q1,132,1,1,0,0,0,0,0
990,2015,Q1,120,2,1,1,0,0,0,0
990,2016,Q1,108,3,2,0,0,0,1,0
990,2017,Q1,96,1,1,0,0,0,0,0
990,2018,Q1,84,1,0,0,1,0,0,0
990,2020,Q1,60,1,1,0,0,0,0,0
990,2022,Q1,36,1,1,0,0,0,0,0
990,2024,Q1,12,1,1,0,0,0,0,0
site_id,Year,Quarter,Interval,Total Registered,Total Alive,Patient Died,Total Defaulted,Treatment Stopped,Patient transferred out,Unknown
991,2013,Q1,144,2,1,0,0,0,1,0
991,2014,Q1,132,3,0,0,1,0,2,0
991,2015,Q1,120,2,1,1,0,0,0,0
991,2016,Q1,108,5,3,0,0,0,2,0
991,2017,Q1,96,3,1,2,0,0,0,0
991,2018,Q1,84,2,1,1,0,0,0,0
991,2019,Q1,72,6,3,1,0,0,2,0
991,2020,Q1,60,1,1,0,0,0,0,0
991,2021,Q1,48,3,3,0,0,0,0,0
991,2022,Q1,36,1,0,0,1,0,0,0
991,2024,Q1,12,2,2,0,0,0,0,0
site_id,Year,Quarter,Interval,Total Registered,Total Alive,Patient Died,Total Defaulted,Treatment Stopped,Patient transferred out,Unknown
993,2024,Q1,12,1,1,0,0,0,0,0
site_id,Year,Quarter,Interval,Total Registered,Total Alive,Patient Died,Total Defaulted,Treatment Stopped,Patient transferred out,Unknown
994,2013,Q1,144,1,0,0,0,0,1,0
994,2014,Q1,132,3,0,1,0,0,2,0
994,2015,Q1,120,5,1,1,1,0,2,0
994,2016,Q1,108,3,1,0,0,1,1,0
994,2017,Q1,96,6,2,1,0,1,2,0
994,2018,Q1,84,3,1,0,0,0,2,0
994,2019,Q1,72,4,1,0,0,0,3,0
994,2020,Q1,60,5,1,0,2,0,2,0
994,2021,Q1,48,2,0,0,0,0,2,0
994,2022,Q1,36,3,1,0,0,0,2,0
994,2023,Q1,24,2,0,1,0,0,1,0
994,2024,Q1,12,3,3,0,0,0,0,0
site_id,Year,Quarter,Interval,Total Registered,Total Alive,Patient Died,Total Defaulted,Treatment Stopped,Patient transferred out,Unknown
995,2014,Q1,132,4,0,2,0,0,2,0
995,2015,Q1,120,4,2,0,0,1,1,0
995,2016,Q1,108,4,0,1,0,0,3,0
995,2017,Q1,96,3,1,0,0,0,2,0
995,2018,Q1,84,3,0,0,1,1,1,0
995,2019,Q1,72,3,2,0,0,0,1,0
995,2020,Q1,60,4,2,0,0,0,2,0
995,2021,Q1,48,5,3,0,0,0,2,0
995,2024,Q1,12,2,2,0,0,0,0,0
site_id,Year,Quarter,Interval,Total Registered,Total Alive,Patient Died,Total Defaulted,Treatment Stopped,Patient transferred out,Unknown
996,2013,Q1,144,1,1,0,0,0,0,0
996,2014,Q1,132,1,1,0,0,0,0,0
996,2017,Q1,96,2,1,0,0,0,1,0
996,2018,Q1,84,1,0,0,0,0,1,0
996,2019,Q1,72,1,1,0,0,0,0,0
996,2020,Q1,60,1,1,0,0,0,0,0
996,2023,Q1,24,1,1,0,0,0,0,0
996,2024,Q1,12,1,1,0,0,0,0,0
site_id,Year,Quarter,Interval,Total Registered,Total Alive,Patient Died,Total Defaulted,Treatment Stopped,Patient transferred out,Unknown
997,2014,Q1,132,3,1,0,0,0,2,0
997,2017,Q1,96,3,0,1,0,0,2,0
997,2018,Q1,84,2,0,0,0,0,2,0
997,2019,Q1,72,3,1,0,0,0,2,0
997,2024,Q1,12,1,0,0,1,0,0,0
site_id,Year,Quarter,Interval,Total Registered,Total Alive,Patient Died,Total Defaulted,Treatment Stopped,Patient transferred out,Unknown
998,2016,Q1,108,1,0,0,1,0,0,0
site_id,Year,Quarter,Interval,Total Registered,Total Alive,Patient Died,Total Defaulted,Treatment Stopped,Patient transferred out,Unknown
999,2014,Q1,132,2,1,0,0,0,1,0
999,2015,Q1,120,1,1,0,0,0,0,0
999,2016,Q1,108,3,1,1,0,1,0,0
999,2017,Q1,96,2,0,0,0,0,2,0
999,2018,Q1,84,3,1,0,0,1,1,0
999,2019,Q1,72,3,2,1,0,0,0,0
999,2020,Q1,60,3,1,0,0,1,1,0
999,2022,Q1,36,1,1,0,0,0,0,0
999,2024,Q1,12,1,1,0,0,0,0,0
site_id,Year,Quarter,Interval,Total Registered,Total Alive,Patient Died,Total Defaulted,Treatment Stopped,Patient transferred out,Unknown
99,2015,Q1,120,5,3,0,2,0,0,0
99,2016,Q1,108,9,4,0,5,0,0,0
99,2017,Q1,96,6,4,0,2,0,0,0
99,2018,Q1,84,9,2,2,3,0,2,0
99,2019,Q1,72,6,4,1,0,0,1,0
99,2020,Q1,60,8,5,1,1,0,1,0
99,2021,Q1,48,6,1,1,1,0,3,0
99,2022,Q1,36,3,2,0,0,0,1,0
99,2023,Q1,24,5,3,1,0,0,1,0
99,2024,Q1,12,3,2,0,1,0,0,0
